batch,logical_path,line,loader,sheet_id,sheet_name,raw_args,tags
decomp_more_20260617,chara/npc/object/raiddungeonbarrier,5,_loadTextDataPermanently,6829,raidDungeonBarrier,"6829, ""raidDungeonBarrier""",instance;chara;object
decomp_more_20260617,chara/npc/object/raiddungeonexit,4,_loadTextDataPermanently,6736,raidDungeonExit,"6736, ""raidDungeonExit""",instance;chara;object
decomp_more_20260617,chara/npc/object/raiddungeonlight,5,_loadTextDataPermanently,6813,raidDungeonLight,"6813, ""raidDungeonLight""",instance;chara;object
decomp_more_20260617,chara/npc/object/raiddungeonposter,5,_loadTextDataPermanently,6753,raidDungeonPoster,"6753, ""raidDungeonPoster""",instance;chara;object
decomp_more_20260617,chara/npc/object/raiddungeonwarp,4,_loadTextDataPermanently,6781,raidDungeonWarp,"6781, ""raidDungeonWarp""",instance;chara;object
decomp_more_20260617,chara/npc/populace/instanceraidguide/instanceraidguideaurumvale,5,_loadTextDataPermanently,9920,instanceRaidGuideAurumVale,"9920, ""instanceRaidGuideAurumVale""",instance;chara;populace
decomp_more_20260617,chara/npc/populace/instanceraidguide/instanceraidguidecutterscry,5,_loadTextDataPermanently,9936,instanceRaidGuideCuttersCry,"9936, ""instanceRaidGuideCuttersCry""",instance;chara;populace
decomp_more_20260617,chara/npc/populace/occupancyguide/raidfst0dungeon03guide,4,_loadTextDataPermanently,6704,raidFst0Dungeon03Guide,"6704, ""raidFst0Dungeon03Guide""",instance;chara;populace
decomp_more_20260617,chara/npc/populace/occupancyguide/raidroc0dungeon01guide,4,_loadTextDataPermanently,6720,raidRoc0Dungeon01Guide,"6720, ""raidRoc0Dungeon01Guide""",instance;chara;populace
decomp_more_20260617,chara/npc/populace/populacecutsceneplayer,12,_loadTextDataPermanently,9984,populaceCutScenePlayer,"9984, ""populaceCutScenePlayer""",cutscene;chara;populace
decomp_more_20260617,chara/npc/populace/populacelinkshellmanager,4,_loadTextDataPermanently,2221,populaceLinkshellManager,"2221, ""populaceLinkshellManager""",linkshell;chara;populace
decomp_more_20260617,chara/npc/populace/populacerequestwarden,14,_loadTextDataPermanently,1355,populaceRequestWarden,"1355, ""populaceRequestWarden""",quest;chara;populace
decomp_more_20260617,chara/npc/populace/populaceretainermanager,4,_loadTextDataPermanently,545,populaceRetainerManager,"545, ""populaceRetainerManager""",retainer;chara;populace
decomp_more_20260617,chara/npc/retainer/ordinaryretainer,5,_loadTextDataPermanently,319,ordinaryRetainer,"319, ""ordinaryRetainer""",retainer;chara
decomp_more_20260617,director/instanceraid/instanceraidhamletdefense,84,_loadTextDataPermanently,10208,InstanceRaidHamletDefense,"10208, ""InstanceRaidHamletDefense""",instance;hamlet
decomp_more_20260617,quest/passiveguildleve/craft/pgaeth,4,_loadTextDataPermanently,323,pgAeth,"323, ""pgAeth""",quest;item
decomp_more_20260617,quest/passiveguildleve/craft/pgconv,4,_loadTextDataPermanently,327,pgConv,"327, ""pgConv""",quest;item
decomp_more_20260617,quest/scenario/acn/acn200,4,_loadTextDataPermanently,151,acn200,"151, ""acn200""",quest
decomp_more_20260617,quest/scenario/acn/acn300,4,_loadTextDataPermanently,155,acn300,"155, ""acn300""",quest
decomp_more_20260617,quest/scenario/acn/acn306,4,_loadTextDataPermanently,159,acn306,"159, ""acn306""",quest
decomp_more_20260617,quest/scenario/acn/acn400,4,_loadTextDataPermanently,163,acn400,"163, ""acn400""",quest
decomp_more_20260617,quest/scenario/acn/acn500,4,_loadTextDataPermanently,221,acn500,"221, ""acn500""",quest
decomp_more_20260617,quest/scenario/acn/acn506,4,_loadTextDataPermanently,225,acn506,"225, ""acn506""",quest
decomp_more_20260617,quest/scenario/alc/alc200,4,_loadTextDataPermanently,335,alc200,"335, ""alc200""",quest
decomp_more_20260617,quest/scenario/alc/alc300,4,_loadTextDataPermanently,1383,alc300,"1383, ""alc300""",quest
decomp_more_20260617,quest/scenario/alc/alc306,4,_loadTextDataPermanently,1396,alc306,"1396, ""alc306""",quest
decomp_more_20260617,quest/scenario/alc/alc400,4,_loadTextDataPermanently,1409,alc400,"1409, ""alc400""",quest
decomp_more_20260617,quest/scenario/alc/alc500,4,_loadTextDataPermanently,1422,alc500,"1422, ""alc500""",quest
decomp_more_20260617,quest/scenario/alc/alc506,4,_loadTextDataPermanently,1435,alc506,"1435, ""alc506""",quest
decomp_more_20260617,quest/scenario/arc/arc200,4,_loadTextDataPermanently,347,arc200,"347, ""arc200""",quest
decomp_more_20260617,quest/scenario/arc/arc300,4,_loadTextDataPermanently,351,arc300,"351, ""arc300""",quest
decomp_more_20260617,quest/scenario/arc/arc306,4,_loadTextDataPermanently,355,arc306,"355, ""arc306""",quest
decomp_more_20260617,quest/scenario/arc/arc400,4,_loadTextDataPermanently,359,arc400,"359, ""arc400""",quest
decomp_more_20260617,quest/scenario/arc/arc500,4,_loadTextDataPermanently,363,arc500,"363, ""arc500""",quest
decomp_more_20260617,quest/scenario/arc/arc506,4,_loadTextDataPermanently,367,arc506,"367, ""arc506""",quest
decomp_more_20260617,quest/scenario/blm/blm0j1,4,_loadTextDataPermanently,8612,blm0j1,"8612, ""blm0j1""",quest
decomp_more_20260617,quest/scenario/blm/blm0j2,4,_loadTextDataPermanently,8628,blm0j2,"8628, ""blm0j2""",quest
decomp_more_20260617,quest/scenario/blm/blm0j3,4,_loadTextDataPermanently,8644,blm0j3,"8644, ""blm0j3""",quest
decomp_more_20260617,quest/scenario/blm/blm0j4,4,_loadTextDataPermanently,8660,blm0j4,"8660, ""blm0j4""",quest
decomp_more_20260617,quest/scenario/blm/blm0j5,4,_loadTextDataPermanently,8676,blm0j5,"8676, ""blm0j5""",quest
decomp_more_20260617,quest/scenario/blm/blm0j6,4,_loadTextDataPermanently,8692,blm0j6,"8692, ""blm0j6""",quest
decomp_more_20260617,quest/scenario/brd/brd0j1,4,_loadTextDataPermanently,8292,brd0j1,"8292, ""brd0j1""",quest
decomp_more_20260617,quest/scenario/brd/brd0j2,4,_loadTextDataPermanently,8308,brd0j2,"8308, ""brd0j2""",quest
decomp_more_20260617,quest/scenario/brd/brd0j3,4,_loadTextDataPermanently,8324,brd0j3,"8324, ""brd0j3""",quest
decomp_more_20260617,quest/scenario/brd/brd0j4,4,_loadTextDataPermanently,8340,brd0j4,"8340, ""brd0j4""",quest
decomp_more_20260617,quest/scenario/brd/brd0j5,4,_loadTextDataPermanently,8356,brd0j5,"8356, ""brd0j5""",quest
decomp_more_20260617,quest/scenario/brd/brd0j6,4,_loadTextDataPermanently,8372,brd0j6,"8372, ""brd0j6""",quest
decomp_more_20260617,quest/scenario/bsm/bsm200,4,_loadTextDataPermanently,102,bsm200,"102, ""bsm200""",quest
decomp_more_20260617,quest/scenario/bsm/bsm300,4,_loadTextDataPermanently,229,bsm300,"229, ""bsm300""",quest
decomp_more_20260617,quest/scenario/bsm/bsm306,4,_loadTextDataPermanently,249,bsm306,"249, ""bsm306""",quest
decomp_more_20260617,quest/scenario/bsm/bsm400,4,_loadTextDataPermanently,233,bsm400,"233, ""bsm400""",quest
decomp_more_20260617,quest/scenario/bsm/bsm500,4,_loadTextDataPermanently,237,bsm500,"237, ""bsm500""",quest
decomp_more_20260617,quest/scenario/bsm/bsm506,4,_loadTextDataPermanently,241,bsm506,"241, ""bsm506""",quest
decomp_more_20260617,quest/scenario/cnj/cnj200,4,_loadTextDataPermanently,479,cnj200,"479, ""cnj200""",quest
decomp_more_20260617,quest/scenario/cnj/cnj300,4,_loadTextDataPermanently,483,cnj300,"483, ""cnj300""",quest
decomp_more_20260617,quest/scenario/cnj/cnj306,4,_loadTextDataPermanently,487,cnj306,"487, ""cnj306""",quest
decomp_more_20260617,quest/scenario/cnj/cnj400,4,_loadTextDataPermanently,491,cnj400,"491, ""cnj400""",quest
decomp_more_20260617,quest/scenario/cnj/cnj500,4,_loadTextDataPermanently,495,cnj500,"495, ""cnj500""",quest
decomp_more_20260617,quest/scenario/cnj/cnj506,4,_loadTextDataPermanently,499,cnj506,"499, ""cnj506""",quest
decomp_more_20260617,quest/scenario/com/com0g1,4,_loadTextDataPermanently,5952,com0g1,"5952, ""com0g1""",quest
decomp_more_20260617,quest/scenario/com/com0g2,4,_loadTextDataPermanently,5968,com0g2,"5968, ""com0g2""",quest
decomp_more_20260617,quest/scenario/com/com0g3,4,_loadTextDataPermanently,5984,com0g3,"5984, ""com0g3""",quest
decomp_more_20260617,quest/scenario/com/com0g4,4,_loadTextDataPermanently,6000,com0g4,"6000, ""com0g4""",quest
decomp_more_20260617,quest/scenario/com/com0g5,4,_loadTextDataPermanently,6016,com0g5,"6016, ""com0g5""",quest
decomp_more_20260617,quest/scenario/com/com0g6,4,_loadTextDataPermanently,6032,com0g6,"6032, ""com0g6""",quest
decomp_more_20260617,quest/scenario/com/com0g7,4,_loadTextDataPermanently,6048,com0g7,"6048, ""com0g7""",quest
decomp_more_20260617,quest/scenario/com/com0l1,4,_loadTextDataPermanently,6096,com0l1,"6096, ""com0l1""",quest
decomp_more_20260617,quest/scenario/com/com0l2,4,_loadTextDataPermanently,6112,com0l2,"6112, ""com0l2""",quest
decomp_more_20260617,quest/scenario/com/com0l3,4,_loadTextDataPermanently,6128,com0l3,"6128, ""com0l3""",quest
decomp_more_20260617,quest/scenario/com/com0l4,4,_loadTextDataPermanently,6144,com0l4,"6144, ""com0l4""",quest
decomp_more_20260617,quest/scenario/com/com0l5,4,_loadTextDataPermanently,6160,com0l5,"6160, ""com0l5""",quest
decomp_more_20260617,quest/scenario/com/com0l6,4,_loadTextDataPermanently,6176,com0l6,"6176, ""com0l6""",quest
decomp_more_20260617,quest/scenario/com/com0l7,4,_loadTextDataPermanently,6192,com0l7,"6192, ""com0l7""",quest
decomp_more_20260617,quest/scenario/com/com0u1,4,_loadTextDataPermanently,6240,com0u1,"6240, ""com0u1""",quest
decomp_more_20260617,quest/scenario/com/com0u2,4,_loadTextDataPermanently,6256,com0u2,"6256, ""com0u2""",quest
decomp_more_20260617,quest/scenario/com/com0u3,4,_loadTextDataPermanently,6272,com0u3,"6272, ""com0u3""",quest
decomp_more_20260617,quest/scenario/com/com0u4,4,_loadTextDataPermanently,6288,com0u4,"6288, ""com0u4""",quest
decomp_more_20260617,quest/scenario/com/com0u5,4,_loadTextDataPermanently,6304,com0u5,"6304, ""com0u5""",quest
decomp_more_20260617,quest/scenario/com/com0u6,4,_loadTextDataPermanently,6320,com0u6,"6320, ""com0u6""",quest
decomp_more_20260617,quest/scenario/com/com0u7,4,_loadTextDataPermanently,6336,com0u7,"6336, ""com0u7""",quest
decomp_more_20260617,quest/scenario/com/com5g0,4,_loadTextDataPermanently,6384,com5g0,"6384, ""com5g0""",quest
decomp_more_20260617,quest/scenario/com/com5g1,4,_loadTextDataPermanently,6400,com5g1,"6400, ""com5g1""",quest
decomp_more_20260617,quest/scenario/com/com5l0,4,_loadTextDataPermanently,6480,com5l0,"6480, ""com5l0""",quest
decomp_more_20260617,quest/scenario/com/com5l1,4,_loadTextDataPermanently,6496,com5l1,"6496, ""com5l1""",quest
decomp_more_20260617,quest/scenario/com/com5u0,4,_loadTextDataPermanently,6576,com5u0,"6576, ""com5u0""",quest
decomp_more_20260617,quest/scenario/com/com5u1,4,_loadTextDataPermanently,6592,com5u1,"6592, ""com5u1""",quest
decomp_more_20260617,quest/scenario/cul/cul200,4,_loadTextDataPermanently,106,cul200,"106, ""cul200""",quest
decomp_more_20260617,quest/scenario/cul/cul300,4,_loadTextDataPermanently,113,cul300,"113, ""cul300""",quest
decomp_more_20260617,quest/scenario/cul/cul306,4,_loadTextDataPermanently,253,cul306,"253, ""cul306""",quest
decomp_more_20260617,quest/scenario/cul/cul400,4,_loadTextDataPermanently,257,cul400,"257, ""cul400""",quest
decomp_more_20260617,quest/scenario/cul/cul500,4,_loadTextDataPermanently,261,cul500,"261, ""cul500""",quest
decomp_more_20260617,quest/scenario/cul/cul506,4,_loadTextDataPermanently,265,cul506,"265, ""cul506""",quest
decomp_more_20260617,quest/scenario/defaulttalk/dftfst,4,_loadTextDataPermanently,307,dftFst,"307, ""dftFst""",quest
decomp_more_20260617,quest/scenario/defaulttalk/dftlak,4,_loadTextDataPermanently,1457,dftLak,"1457, ""dftLak""",quest
decomp_more_20260617,quest/scenario/defaulttalk/dftroc,4,_loadTextDataPermanently,1470,dftRoc,"1470, ""dftRoc""",quest
decomp_more_20260617,quest/scenario/defaulttalk/dftsea,4,_loadTextDataPermanently,311,dftSea,"311, ""dftSea""",quest
decomp_more_20260617,quest/scenario/defaulttalk/dftsrt,4,_loadTextDataPermanently,69,dftSrt,"69, ""dftSrt""",quest
decomp_more_20260617,quest/scenario/defaulttalk/dftwil,4,_loadTextDataPermanently,315,dftWil,"315, ""dftWil""",quest
decomp_more_20260617,quest/scenario/drg/drg0j1,4,_loadTextDataPermanently,8772,drg0j1,"8772, ""drg0j1""",quest
decomp_more_20260617,quest/scenario/drg/drg0j2,4,_loadTextDataPermanently,8788,drg0j2,"8788, ""drg0j2""",quest
decomp_more_20260617,quest/scenario/drg/drg0j3,4,_loadTextDataPermanently,8804,drg0j3,"8804, ""drg0j3""",quest
decomp_more_20260617,quest/scenario/drg/drg0j4,4,_loadTextDataPermanently,8820,drg0j4,"8820, ""drg0j4""",quest
decomp_more_20260617,quest/scenario/drg/drg0j5,4,_loadTextDataPermanently,8836,drg0j5,"8836, ""drg0j5""",quest
decomp_more_20260617,quest/scenario/drg/drg0j6,4,_loadTextDataPermanently,8852,drg0j6,"8852, ""drg0j6""",quest
decomp_more_20260617,quest/scenario/etc/etc0g1,4,_loadTextDataPermanently,2749,etc0g1,"2749, ""etc0g1""",quest
decomp_more_20260617,quest/scenario/etc/etc0g2,4,_loadTextDataPermanently,2765,etc0g2,"2765, ""etc0g2""",quest
decomp_more_20260617,quest/scenario/etc/etc0g3,4,_loadTextDataPermanently,2781,etc0g3,"2781, ""etc0g3""",quest
decomp_more_20260617,quest/scenario/etc/etc0g4,4,_loadTextDataPermanently,2797,etc0g4,"2797, ""etc0g4""",quest
decomp_more_20260617,quest/scenario/etc/etc0g5,4,_loadTextDataPermanently,2813,etc0g5,"2813, ""etc0g5""",quest
decomp_more_20260617,quest/scenario/etc/etc0g6,4,_loadTextDataPermanently,2829,etc0g6,"2829, ""etc0g6""",quest
decomp_more_20260617,quest/scenario/etc/etc0g7,4,_loadTextDataPermanently,2845,etc0g7,"2845, ""etc0g7""",quest
decomp_more_20260617,quest/scenario/etc/etc0g8,4,_loadTextDataPermanently,2861,etc0g8,"2861, ""etc0g8""",quest
decomp_more_20260617,quest/scenario/etc/etc0g9,4,_loadTextDataPermanently,2877,etc0g9,"2877, ""etc0g9""",quest
decomp_more_20260617,quest/scenario/etc/etc0l1,4,_loadTextDataPermanently,2893,etc0l1,"2893, ""etc0l1""",quest
decomp_more_20260617,quest/scenario/etc/etc0l2,4,_loadTextDataPermanently,2909,etc0l2,"2909, ""etc0l2""",quest
decomp_more_20260617,quest/scenario/etc/etc0l3,4,_loadTextDataPermanently,2925,etc0l3,"2925, ""etc0l3""",quest
decomp_more_20260617,quest/scenario/etc/etc0l4,4,_loadTextDataPermanently,2941,etc0l4,"2941, ""etc0l4""",quest
decomp_more_20260617,quest/scenario/etc/etc0l5,4,_loadTextDataPermanently,2957,etc0l5,"2957, ""etc0l5""",quest
decomp_more_20260617,quest/scenario/etc/etc0l6,4,_loadTextDataPermanently,2973,etc0l6,"2973, ""etc0l6""",quest
decomp_more_20260617,quest/scenario/etc/etc0l7,4,_loadTextDataPermanently,2989,etc0l7,"2989, ""etc0l7""",quest
decomp_more_20260617,quest/scenario/etc/etc0l8,4,_loadTextDataPermanently,3005,etc0l8,"3005, ""etc0l8""",quest
decomp_more_20260617,quest/scenario/etc/etc0l9,4,_loadTextDataPermanently,3021,etc0l9,"3021, ""etc0l9""",quest
decomp_more_20260617,quest/scenario/etc/etc0u1,4,_loadTextDataPermanently,3037,etc0u1,"3037, ""etc0u1""",quest
decomp_more_20260617,quest/scenario/etc/etc0u2,4,_loadTextDataPermanently,3053,etc0u2,"3053, ""etc0u2""",quest
decomp_more_20260617,quest/scenario/etc/etc0u3,4,_loadTextDataPermanently,3069,etc0u3,"3069, ""etc0u3""",quest
decomp_more_20260617,quest/scenario/etc/etc0u4,4,_loadTextDataPermanently,3085,etc0u4,"3085, ""etc0u4""",quest
decomp_more_20260617,quest/scenario/etc/etc0u5,4,_loadTextDataPermanently,3101,etc0u5,"3101, ""etc0u5""",quest
decomp_more_20260617,quest/scenario/etc/etc0u6,4,_loadTextDataPermanently,3117,etc0u6,"3117, ""etc0u6""",quest
decomp_more_20260617,quest/scenario/etc/etc0u7,4,_loadTextDataPermanently,3133,etc0u7,"3133, ""etc0u7""",quest
decomp_more_20260617,quest/scenario/etc/etc0u8,4,_loadTextDataPermanently,3149,etc0u8,"3149, ""etc0u8""",quest
decomp_more_20260617,quest/scenario/etc/etc0u9,4,_loadTextDataPermanently,3165,etc0u9,"3165, ""etc0u9""",quest
decomp_more_20260617,quest/scenario/etc/etc101,4,_loadTextDataPermanently,7392,etc101,"7392, ""etc101""",quest
decomp_more_20260617,quest/scenario/etc/etc102,4,_loadTextDataPermanently,7408,etc102,"7408, ""etc102""",quest
decomp_more_20260617,quest/scenario/etc/etc103,4,_loadTextDataPermanently,7424,etc103,"7424, ""etc103""",quest
decomp_more_20260617,quest/scenario/etc/etc104,4,_loadTextDataPermanently,7440,etc104,"7440, ""etc104""",quest
decomp_more_20260617,quest/scenario/etc/etc106,4,_loadTextDataPermanently,10416,etc106,"10416, ""etc106""",quest
decomp_more_20260617,quest/scenario/etc/etc1g0,4,_loadTextDataPermanently,3357,etc1g0,"3357, ""etc1g0""",quest
decomp_more_20260617,quest/scenario/etc/etc1g1,4,_loadTextDataPermanently,3361,etc1g1,"3361, ""etc1g1""",quest
decomp_more_20260617,quest/scenario/etc/etc1g2,4,_loadTextDataPermanently,3377,etc1g2,"3377, ""etc1g2""",quest
decomp_more_20260617,quest/scenario/etc/etc1g4,4,_loadTextDataPermanently,3403,etc1g4,"3403, ""etc1g4""",quest
decomp_more_20260617,quest/scenario/etc/etc1g5,4,_loadTextDataPermanently,3459,etc1g5,"3459, ""etc1g5""",quest
decomp_more_20260617,quest/scenario/etc/etc1g6,4,_loadTextDataPermanently,3443,etc1g6,"3443, ""etc1g6""",quest
decomp_more_20260617,quest/scenario/etc/etc1g8,4,_loadTextDataPermanently,3451,etc1g8,"3451, ""etc1g8""",quest
decomp_more_20260617,quest/scenario/etc/etc1g9,4,_loadTextDataPermanently,3455,etc1g9,"3455, ""etc1g9""",quest
decomp_more_20260617,quest/scenario/etc/etc1l0,4,_loadTextDataPermanently,3369,etc1l0,"3369, ""etc1l0""",quest
decomp_more_20260617,quest/scenario/etc/etc1l1,4,_loadTextDataPermanently,3385,etc1l1,"3385, ""etc1l1""",quest
decomp_more_20260617,quest/scenario/etc/etc1l3,4,_loadTextDataPermanently,3393,etc1l3,"3393, ""etc1l3""",quest
decomp_more_20260617,quest/scenario/etc/etc1l5,4,_loadTextDataPermanently,3415,etc1l5,"3415, ""etc1l5""",quest
decomp_more_20260617,quest/scenario/etc/etc1l6,4,_loadTextDataPermanently,3407,etc1l6,"3407, ""etc1l6""",quest
decomp_more_20260617,quest/scenario/etc/etc1l7,4,_loadTextDataPermanently,3411,etc1l7,"3411, ""etc1l7""",quest
decomp_more_20260617,quest/scenario/etc/etc1l8,4,_loadTextDataPermanently,3419,etc1l8,"3419, ""etc1l8""",quest
decomp_more_20260617,quest/scenario/etc/etc1l9,4,_loadTextDataPermanently,3423,etc1l9,"3423, ""etc1l9""",quest
decomp_more_20260617,quest/scenario/etc/etc1u0,4,_loadTextDataPermanently,3365,etc1u0,"3365, ""etc1u0""",quest
decomp_more_20260617,quest/scenario/etc/etc1u1,4,_loadTextDataPermanently,3373,etc1u1,"3373, ""etc1u1""",quest
decomp_more_20260617,quest/scenario/etc/etc1u2,4,_loadTextDataPermanently,3381,etc1u2,"3381, ""etc1u2""",quest
decomp_more_20260617,quest/scenario/etc/etc1u4,4,_loadTextDataPermanently,3389,etc1u4,"3389, ""etc1u4""",quest
decomp_more_20260617,quest/scenario/etc/etc1u5,4,_loadTextDataPermanently,3463,etc1u5,"3463, ""etc1u5""",quest
decomp_more_20260617,quest/scenario/etc/etc1u6,4,_loadTextDataPermanently,3427,etc1u6,"3427, ""etc1u6""",quest
decomp_more_20260617,quest/scenario/etc/etc1u7,4,_loadTextDataPermanently,3431,etc1u7,"3431, ""etc1u7""",quest
decomp_more_20260617,quest/scenario/etc/etc1u8,4,_loadTextDataPermanently,3435,etc1u8,"3435, ""etc1u8""",quest
decomp_more_20260617,quest/scenario/etc/etc1u9,4,_loadTextDataPermanently,3439,etc1u9,"3439, ""etc1u9""",quest
decomp_more_20260617,quest/scenario/etc/etc200,4,_loadTextDataPermanently,8932,etc200,"8932, ""etc200""",quest
decomp_more_20260617,quest/scenario/etc/etc201,4,_loadTextDataPermanently,8948,etc201,"8948, ""etc201""",quest
decomp_more_20260617,quest/scenario/etc/etc2g0,4,_loadTextDataPermanently,3467,etc2g0,"3467, ""etc2g0""",quest
decomp_more_20260617,quest/scenario/etc/etc2g1,4,_loadTextDataPermanently,3471,etc2g1,"3471, ""etc2g1""",quest
decomp_more_20260617,quest/scenario/etc/etc2g2,4,_loadTextDataPermanently,3475,etc2g2,"3475, ""etc2g2""",quest
decomp_more_20260617,quest/scenario/etc/etc2g3,4,_loadTextDataPermanently,3479,etc2g3,"3479, ""etc2g3""",quest
decomp_more_20260617,quest/scenario/etc/etc2g4,4,_loadTextDataPermanently,3483,etc2g4,"3483, ""etc2g4""",quest
decomp_more_20260617,quest/scenario/etc/etc2g5,4,_loadTextDataPermanently,3487,etc2g5,"3487, ""etc2g5""",quest
decomp_more_20260617,quest/scenario/etc/etc2g6,4,_loadTextDataPermanently,3491,etc2g6,"3491, ""etc2g6""",quest
decomp_more_20260617,quest/scenario/etc/etc2i0,4,_loadTextDataPermanently,4803,etc2i0,"4803, ""etc2i0""",quest
decomp_more_20260617,quest/scenario/etc/etc2i1,4,_loadTextDataPermanently,4819,etc2i1,"4819, ""etc2i1""",quest
decomp_more_20260617,quest/scenario/etc/etc2i2,4,_loadTextDataPermanently,4835,etc2i2,"4835, ""etc2i2""",quest
decomp_more_20260617,quest/scenario/etc/etc2l0,4,_loadTextDataPermanently,3507,etc2l0,"3507, ""etc2l0""",quest
decomp_more_20260617,quest/scenario/etc/etc2l1,4,_loadTextDataPermanently,3511,etc2l1,"3511, ""etc2l1""",quest
decomp_more_20260617,quest/scenario/etc/etc2l3,4,_loadTextDataPermanently,3519,etc2l3,"3519, ""etc2l3""",quest
decomp_more_20260617,quest/scenario/etc/etc2l5,4,_loadTextDataPermanently,3527,etc2l5,"3527, ""etc2l5""",quest
decomp_more_20260617,quest/scenario/etc/etc2u0,4,_loadTextDataPermanently,3547,etc2u0,"3547, ""etc2u0""",quest
decomp_more_20260617,quest/scenario/etc/etc2u1,4,_loadTextDataPermanently,3551,etc2u1,"3551, ""etc2u1""",quest
decomp_more_20260617,quest/scenario/etc/etc2u2,4,_loadTextDataPermanently,3555,etc2u2,"3555, ""etc2u2""",quest
decomp_more_20260617,quest/scenario/etc/etc2u5,4,_loadTextDataPermanently,3567,etc2u5,"3567, ""etc2u5""",quest
decomp_more_20260617,quest/scenario/etc/etc303,4,_loadTextDataPermanently,7472,etc303,"7472, ""etc303""",quest
decomp_more_20260617,quest/scenario/etc/etc304,4,_loadTextDataPermanently,10448,etc304,"10448, ""etc304""",quest
decomp_more_20260617,quest/scenario/etc/etc3g0,4,_loadTextDataPermanently,4483,etc3g0,"4483, ""etc3g0""",quest
decomp_more_20260617,quest/scenario/etc/etc3g1,4,_loadTextDataPermanently,4499,etc3g1,"4499, ""etc3g1""",quest
decomp_more_20260617,quest/scenario/etc/etc3g2,4,_loadTextDataPermanently,4515,etc3g2,"4515, ""etc3g2""",quest
decomp_more_20260617,quest/scenario/etc/etc3g3,4,_loadTextDataPermanently,4531,etc3g3,"4531, ""etc3g3""",quest
decomp_more_20260617,quest/scenario/etc/etc3l0,4,_loadTextDataPermanently,4643,etc3l0,"4643, ""etc3l0""",quest
decomp_more_20260617,quest/scenario/etc/etc3l1,4,_loadTextDataPermanently,4659,etc3l1,"4659, ""etc3l1""",quest
decomp_more_20260617,quest/scenario/etc/etc3l2,4,_loadTextDataPermanently,4675,etc3l2,"4675, ""etc3l2""",quest
decomp_more_20260617,quest/scenario/etc/etc3l3,4,_loadTextDataPermanently,4691,etc3l3,"4691, ""etc3l3""",quest
decomp_more_20260617,quest/scenario/etc/etc3u0,4,_loadTextDataPermanently,4323,etc3u0,"4323, ""etc3u0""",quest
decomp_more_20260617,quest/scenario/etc/etc3u1,4,_loadTextDataPermanently,4339,etc3u1,"4339, ""etc3u1""",quest
decomp_more_20260617,quest/scenario/etc/etc3u2,4,_loadTextDataPermanently,4355,etc3u2,"4355, ""etc3u2""",quest
decomp_more_20260617,quest/scenario/etc/etc3u3,4,_loadTextDataPermanently,4371,etc3u3,"4371, ""etc3u3""",quest
decomp_more_20260617,quest/scenario/etc/etc3u9,4,_loadTextDataPermanently,4467,etc3u9,"4467, ""etc3u9""",quest
decomp_more_20260617,quest/scenario/etc/etc5g0,4,_loadTextDataPermanently,9092,etc5g0,"9092, ""etc5g0""",quest
decomp_more_20260617,quest/scenario/etc/etc5g1,4,_loadTextDataPermanently,9108,etc5g1,"9108, ""etc5g1""",quest
decomp_more_20260617,quest/scenario/etc/etc5l0,4,_loadTextDataPermanently,9252,etc5l0,"9252, ""etc5l0""",quest
decomp_more_20260617,quest/scenario/etc/etc5l1,4,_loadTextDataPermanently,9268,etc5l1,"9268, ""etc5l1""",quest
decomp_more_20260617,quest/scenario/etc/etc5l2,4,_loadTextDataPermanently,9284,etc5l2,"9284, ""etc5l2""",quest
decomp_more_20260617,quest/scenario/etc/etc5l3,4,_loadTextDataPermanently,9300,etc5l3,"9300, ""etc5l3""",quest
decomp_more_20260617,quest/scenario/etc/etc5u0,4,_loadTextDataPermanently,9412,etc5u0,"9412, ""etc5u0""",quest
decomp_more_20260617,quest/scenario/etc/etc5u1,4,_loadTextDataPermanently,9428,etc5u1,"9428, ""etc5u1""",quest
decomp_more_20260617,quest/scenario/exc/exc200,4,_loadTextDataPermanently,11,exc200,"11, ""exc200""",quest
decomp_more_20260617,quest/scenario/exc/exc300,4,_loadTextDataPermanently,117,exc300,"117, ""exc300""",quest
decomp_more_20260617,quest/scenario/exc/exc306,4,_loadTextDataPermanently,121,exc306,"121, ""exc306""",quest
decomp_more_20260617,quest/scenario/exc/exc400,4,_loadTextDataPermanently,287,exc400,"287, ""exc400""",quest
decomp_more_20260617,quest/scenario/exc/exc500,4,_loadTextDataPermanently,291,exc500,"291, ""exc500""",quest
decomp_more_20260617,quest/scenario/exc/exc506,4,_loadTextDataPermanently,295,exc506,"295, ""exc506""",quest
decomp_more_20260617,quest/scenario/fsh/fsh200,4,_loadTextDataPermanently,131,fsh200,"131, ""fsh200""",quest
decomp_more_20260617,quest/scenario/fsh/fsh300,4,_loadTextDataPermanently,90,fsh300,"90, ""fsh300""",quest
decomp_more_20260617,quest/scenario/fsh/fsh306,4,_loadTextDataPermanently,135,fsh306,"135, ""fsh306""",quest
decomp_more_20260617,quest/scenario/fsh/fsh400,4,_loadTextDataPermanently,139,fsh400,"139, ""fsh400""",quest
decomp_more_20260617,quest/scenario/fsh/fsh500,4,_loadTextDataPermanently,143,fsh500,"143, ""fsh500""",quest
decomp_more_20260617,quest/scenario/fsh/fsh506,4,_loadTextDataPermanently,147,fsh506,"147, ""fsh506""",quest
decomp_more_20260617,quest/scenario/gcg/gcg102,4,_loadTextDataPermanently,7792,gcg102,"7792, ""gcg102""",quest
decomp_more_20260617,quest/scenario/gcg/gcg103,4,_loadTextDataPermanently,8036,gcg103,"8036, ""gcg103""",quest
decomp_more_20260617,quest/scenario/gcg/gcg105,4,_loadTextDataPermanently,10304,gcg105,"10304, ""gcg105""",quest
decomp_more_20260617,quest/scenario/gcg/gcg106,4,_loadTextDataPermanently,10320,gcg106,"10320, ""gcg106""",quest
decomp_more_20260617,quest/scenario/gcg/gcg107,4,_loadTextDataPermanently,10464,gcg107,"10464, ""gcg107""",quest
decomp_more_20260617,quest/scenario/gcg/gcg301,4,_loadTextDataPermanently,6880,gcg301,"6880, ""gcg301""",quest
decomp_more_20260617,quest/scenario/gcg/gcg302,4,_loadTextDataPermanently,6896,gcg302,"6896, ""gcg302""",quest
decomp_more_20260617,quest/scenario/gcg/gcg303,4,_loadTextDataPermanently,6912,gcg303,"6912, ""gcg303""",quest
decomp_more_20260617,quest/scenario/gcg/gcg304,4,_loadTextDataPermanently,6928,gcg304,"6928, ""gcg304""",quest
decomp_more_20260617,quest/scenario/gcg/gcg305,4,_loadTextDataPermanently,7744,gcg305,"7744, ""gcg305""",quest
decomp_more_20260617,quest/scenario/gcg/gcg701,4,_loadTextDataPermanently,7808,gcg701,"7808, ""gcg701""",quest
decomp_more_20260617,quest/scenario/gcg/gcg702,4,_loadTextDataPermanently,10480,gcg702,"10480, ""gcg702""",quest
decomp_more_20260617,quest/scenario/gcl/gcl101,4,_loadTextDataPermanently,6976,gcl101,"6976, ""gcl101""",quest
decomp_more_20260617,quest/scenario/gcl/gcl102,4,_loadTextDataPermanently,7824,gcl102,"7824, ""gcl102""",quest
decomp_more_20260617,quest/scenario/gcl/gcl103,4,_loadTextDataPermanently,8068,gcl103,"8068, ""gcl103""",quest
decomp_more_20260617,quest/scenario/gcl/gcl104,4,_loadTextDataPermanently,8084,gcl104,"8084, ""gcl104""",quest
decomp_more_20260617,quest/scenario/gcl/gcl105,4,_loadTextDataPermanently,10336,gcl105,"10336, ""gcl105""",quest
decomp_more_20260617,quest/scenario/gcl/gcl106,4,_loadTextDataPermanently,10352,gcl106,"10352, ""gcl106""",quest
decomp_more_20260617,quest/scenario/gcl/gcl107,4,_loadTextDataPermanently,10496,gcl107,"10496, ""gcl107""",quest
decomp_more_20260617,quest/scenario/gcl/gcl301,4,_loadTextDataPermanently,6992,gcl301,"6992, ""gcl301""",quest
decomp_more_20260617,quest/scenario/gcl/gcl302,4,_loadTextDataPermanently,7008,gcl302,"7008, ""gcl302""",quest
decomp_more_20260617,quest/scenario/gcl/gcl303,4,_loadTextDataPermanently,7024,gcl303,"7024, ""gcl303""",quest
decomp_more_20260617,quest/scenario/gcl/gcl304,4,_loadTextDataPermanently,7040,gcl304,"7040, ""gcl304""",quest
decomp_more_20260617,quest/scenario/gcl/gcl305,4,_loadTextDataPermanently,7760,gcl305,"7760, ""gcl305""",quest
decomp_more_20260617,quest/scenario/gcl/gcl701,4,_loadTextDataPermanently,7840,gcl701,"7840, ""gcl701""",quest
decomp_more_20260617,quest/scenario/gcl/gcl702,4,_loadTextDataPermanently,10512,gcl702,"10512, ""gcl702""",quest
decomp_more_20260617,quest/scenario/gcu/gcu102,4,_loadTextDataPermanently,7856,gcu102,"7856, ""gcu102""",quest
decomp_more_20260617,quest/scenario/gcu/gcu103,4,_loadTextDataPermanently,8100,gcu103,"8100, ""gcu103""",quest
decomp_more_20260617,quest/scenario/gcu/gcu105,4,_loadTextDataPermanently,10368,gcu105,"10368, ""gcu105""",quest
decomp_more_20260617,quest/scenario/gcu/gcu106,4,_loadTextDataPermanently,10384,gcu106,"10384, ""gcu106""",quest
decomp_more_20260617,quest/scenario/gcu/gcu107,4,_loadTextDataPermanently,10528,gcu107,"10528, ""gcu107""",quest
decomp_more_20260617,quest/scenario/gcu/gcu301,4,_loadTextDataPermanently,7104,gcu301,"7104, ""gcu301""",quest
decomp_more_20260617,quest/scenario/gcu/gcu302,4,_loadTextDataPermanently,7120,gcu302,"7120, ""gcu302""",quest
decomp_more_20260617,quest/scenario/gcu/gcu303,4,_loadTextDataPermanently,7136,gcu303,"7136, ""gcu303""",quest
decomp_more_20260617,quest/scenario/gcu/gcu304,4,_loadTextDataPermanently,7152,gcu304,"7152, ""gcu304""",quest
decomp_more_20260617,quest/scenario/gcu/gcu305,4,_loadTextDataPermanently,7776,gcu305,"7776, ""gcu305""",quest
decomp_more_20260617,quest/scenario/gcu/gcu701,4,_loadTextDataPermanently,7872,gcu701,"7872, ""gcu701""",quest
decomp_more_20260617,quest/scenario/gcu/gcu702,4,_loadTextDataPermanently,10544,gcu702,"10544, ""gcu702""",quest
decomp_more_20260617,quest/scenario/gla/gla200,4,_loadTextDataPermanently,513,gla200,"513, ""gla200""",quest
decomp_more_20260617,quest/scenario/gla/gla300,4,_loadTextDataPermanently,517,gla300,"517, ""gla300""",quest
decomp_more_20260617,quest/scenario/gla/gla306,4,_loadTextDataPermanently,521,gla306,"521, ""gla306""",quest
decomp_more_20260617,quest/scenario/gla/gla400,4,_loadTextDataPermanently,525,gla400,"525, ""gla400""",quest
decomp_more_20260617,quest/scenario/gld/gld200,4,_loadTextDataPermanently,1816,gld200,"1816, ""gld200""",quest
decomp_more_20260617,quest/scenario/gld/gld300,4,_loadTextDataPermanently,1492,gld300,"1492, ""gld300""",quest
decomp_more_20260617,quest/scenario/gld/gld306,4,_loadTextDataPermanently,1505,gld306,"1505, ""gld306""",quest
decomp_more_20260617,quest/scenario/gld/gld400,4,_loadTextDataPermanently,1518,gld400,"1518, ""gld400""",quest
decomp_more_20260617,quest/scenario/gld/gld500,4,_loadTextDataPermanently,1531,gld500,"1531, ""gld500""",quest
decomp_more_20260617,quest/scenario/gld/gld506,4,_loadTextDataPermanently,1544,gld506,"1544, ""gld506""",quest
decomp_more_20260617,quest/scenario/hrv/hrv200,4,_loadTextDataPermanently,245,hrv200,"245, ""hrv200""",quest
decomp_more_20260617,quest/scenario/hrv/hrv300,4,_loadTextDataPermanently,371,hrv300,"371, ""hrv300""",quest
decomp_more_20260617,quest/scenario/hrv/hrv306,4,_loadTextDataPermanently,375,hrv306,"375, ""hrv306""",quest
decomp_more_20260617,quest/scenario/hrv/hrv400,4,_loadTextDataPermanently,379,hrv400,"379, ""hrv400""",quest
decomp_more_20260617,quest/scenario/hrv/hrv500,4,_loadTextDataPermanently,383,hrv500,"383, ""hrv500""",quest
decomp_more_20260617,quest/scenario/hrv/hrv506,4,_loadTextDataPermanently,387,hrv506,"387, ""hrv506""",quest
decomp_more_20260617,quest/scenario/lnc/lnc200,4,_loadTextDataPermanently,455,lnc200,"455, ""lnc200""",quest
decomp_more_20260617,quest/scenario/lnc/lnc300,4,_loadTextDataPermanently,459,lnc300,"459, ""lnc300""",quest
decomp_more_20260617,quest/scenario/lnc/lnc306,4,_loadTextDataPermanently,463,lnc306,"463, ""lnc306""",quest
decomp_more_20260617,quest/scenario/lnc/lnc400,4,_loadTextDataPermanently,467,lnc400,"467, ""lnc400""",quest
decomp_more_20260617,quest/scenario/lnc/lnc500,4,_loadTextDataPermanently,471,lnc500,"471, ""lnc500""",quest
decomp_more_20260617,quest/scenario/lnc/lnc506,4,_loadTextDataPermanently,475,lnc506,"475, ""lnc506""",quest
decomp_more_20260617,quest/scenario/man/man0g0,4,_loadTextDataPermanently,391,man0g0,"391, ""man0g0""",quest
decomp_more_20260617,quest/scenario/man/man0g1,4,_loadTextDataPermanently,395,man0g1,"395, ""man0g1""",quest
decomp_more_20260617,quest/scenario/man/man0l0,4,_loadTextDataPermanently,21,man0l0,"21, ""man0l0""",quest
decomp_more_20260617,quest/scenario/man/man0l1,4,_loadTextDataPermanently,94,man0l1,"94, ""man0l1""",quest
decomp_more_20260617,quest/scenario/man/man0u0,4,_loadTextDataPermanently,1351,man0u0,"1351, ""man0u0""",quest
decomp_more_20260617,quest/scenario/man/man0u1,4,_loadTextDataPermanently,1359,man0u1,"1359, ""man0u1""",quest
decomp_more_20260617,quest/scenario/man/man1g0,4,_loadTextDataPermanently,399,man1g0,"399, ""man1g0""",quest
decomp_more_20260617,quest/scenario/man/man1l0,4,_loadTextDataPermanently,98,man1l0,"98, ""man1l0""",quest
decomp_more_20260617,quest/scenario/man/man1u0,4,_loadTextDataPermanently,1363,man1u0,"1363, ""man1u0""",quest
decomp_more_20260617,quest/scenario/man/man200,4,_loadTextDataPermanently,1557,man200,"1557, ""man200""",quest
decomp_more_20260617,quest/scenario/man/man206,4,_loadTextDataPermanently,1570,man206,"1570, ""man206""",quest
decomp_more_20260617,quest/scenario/man/man2g0,4,_loadTextDataPermanently,403,man2g0,"403, ""man2g0""",quest
decomp_more_20260617,quest/scenario/man/man2l0,4,_loadTextDataPermanently,23,man2l0,"23, ""man2l0""",quest
decomp_more_20260617,quest/scenario/man/man2u0,4,_loadTextDataPermanently,1367,man2u0,"1367, ""man2u0""",quest
decomp_more_20260617,quest/scenario/man/man300,4,_loadTextDataPermanently,1583,man300,"1583, ""man300""",quest
decomp_more_20260617,quest/scenario/man/man304,4,_loadTextDataPermanently,1596,man304,"1596, ""man304""",quest
decomp_more_20260617,quest/scenario/man/man308,4,_loadTextDataPermanently,1609,man308,"1609, ""man308""",quest
decomp_more_20260617,quest/scenario/man/man402,4,_loadTextDataPermanently,1622,man402,"1622, ""man402""",quest
decomp_more_20260617,quest/scenario/man/man406,4,_loadTextDataPermanently,1635,man406,"1635, ""man406""",quest
decomp_more_20260617,quest/scenario/man/man502,4,_loadTextDataPermanently,1648,man502,"1648, ""man502""",quest
decomp_more_20260617,quest/scenario/man/man504,4,_loadTextDataPermanently,1661,man504,"1661, ""man504""",quest
decomp_more_20260617,quest/scenario/min/min200,4,_loadTextDataPermanently,1829,min200,"1829, ""min200""",quest
decomp_more_20260617,quest/scenario/min/min300,4,_loadTextDataPermanently,1674,min300,"1674, ""min300""",quest
decomp_more_20260617,quest/scenario/min/min306,4,_loadTextDataPermanently,1687,min306,"1687, ""min306""",quest
decomp_more_20260617,quest/scenario/min/min400,4,_loadTextDataPermanently,1700,min400,"1700, ""min400""",quest
decomp_more_20260617,quest/scenario/min/min500,4,_loadTextDataPermanently,1713,min500,"1713, ""min500""",quest
decomp_more_20260617,quest/scenario/min/min506,4,_loadTextDataPermanently,1726,min506,"1726, ""min506""",quest
decomp_more_20260617,quest/scenario/mnk/mnk0j1,4,_loadTextDataPermanently,8452,mnk0j1,"8452, ""mnk0j1""",quest
decomp_more_20260617,quest/scenario/mnk/mnk0j2,4,_loadTextDataPermanently,8468,mnk0j2,"8468, ""mnk0j2""",quest
decomp_more_20260617,quest/scenario/mnk/mnk0j3,4,_loadTextDataPermanently,8484,mnk0j3,"8484, ""mnk0j3""",quest
decomp_more_20260617,quest/scenario/mnk/mnk0j4,4,_loadTextDataPermanently,8500,mnk0j4,"8500, ""mnk0j4""",quest
decomp_more_20260617,quest/scenario/mnk/mnk0j5,4,_loadTextDataPermanently,8516,mnk0j5,"8516, ""mnk0j5""",quest
decomp_more_20260617,quest/scenario/mnk/mnk0j6,4,_loadTextDataPermanently,8532,mnk0j6,"8532, ""mnk0j6""",quest
decomp_more_20260617,quest/scenario/noc/noc000,4,_loadTextDataPermanently,5923,noc000,"5923, ""noc000""",quest
decomp_more_20260617,quest/scenario/noc/noc001,4,_loadTextDataPermanently,7648,noc001,"7648, ""noc001""",quest
decomp_more_20260617,quest/scenario/noc/noc002,4,_loadTextDataPermanently,10128,noc002,"10128, ""noc002""",quest
decomp_more_20260617,quest/scenario/noc/noc003,4,_loadTextDataPermanently,10144,noc003,"10144, ""noc003""",quest
decomp_more_20260617,quest/scenario/pgl/pgl200,4,_loadTextDataPermanently,529,pgl200,"529, ""pgl200""",quest
decomp_more_20260617,quest/scenario/pgl/pgl300,4,_loadTextDataPermanently,533,pgl300,"533, ""pgl300""",quest
decomp_more_20260617,quest/scenario/pgl/pgl306,4,_loadTextDataPermanently,537,pgl306,"537, ""pgl306""",quest
decomp_more_20260617,quest/scenario/pgl/pgl400,4,_loadTextDataPermanently,541,pgl400,"541, ""pgl400""",quest
decomp_more_20260617,quest/scenario/pld/pld0j1,4,_loadTextDataPermanently,9572,pld0j1,"9572, ""pld0j1""",quest
decomp_more_20260617,quest/scenario/pld/pld0j2,4,_loadTextDataPermanently,9588,pld0j2,"9588, ""pld0j2""",quest
decomp_more_20260617,quest/scenario/pld/pld0j3,4,_loadTextDataPermanently,9604,pld0j3,"9604, ""pld0j3""",quest
decomp_more_20260617,quest/scenario/pld/pld0j4,4,_loadTextDataPermanently,9620,pld0j4,"9620, ""pld0j4""",quest
decomp_more_20260617,quest/scenario/pld/pld0j5,4,_loadTextDataPermanently,9636,pld0j5,"9636, ""pld0j5""",quest
decomp_more_20260617,quest/scenario/pld/pld0j6,4,_loadTextDataPermanently,9652,pld0j6,"9652, ""pld0j6""",quest
decomp_more_20260617,quest/scenario/spl/spl000,4,_loadTextDataPermanently,10000,spl000,"10000, ""spl000""",quest
decomp_more_20260617,quest/scenario/spl/spl0g1,4,_loadTextDataPermanently,5603,spl0g1,"5603, ""spl0g1""",quest
decomp_more_20260617,quest/scenario/spl/spl0g2,4,_loadTextDataPermanently,5619,spl0g2,"5619, ""spl0g2""",quest
decomp_more_20260617,quest/scenario/spl/spl0i1,4,_loadTextDataPermanently,5683,spl0i1,"5683, ""spl0i1""",quest
decomp_more_20260617,quest/scenario/spl/spl0i2,4,_loadTextDataPermanently,5699,spl0i2,"5699, ""spl0i2""",quest
decomp_more_20260617,quest/scenario/spl/spl0i3,4,_loadTextDataPermanently,5715,spl0i3,"5715, ""spl0i3""",quest
decomp_more_20260617,quest/scenario/spl/spl0i4,4,_loadTextDataPermanently,5731,spl0i4,"5731, ""spl0i4""",quest
decomp_more_20260617,quest/scenario/spl/spl0l1,4,_loadTextDataPermanently,5763,spl0l1,"5763, ""spl0l1""",quest
decomp_more_20260617,quest/scenario/spl/spl0l2,4,_loadTextDataPermanently,5779,spl0l2,"5779, ""spl0l2""",quest
decomp_more_20260617,quest/scenario/spl/spl0u1,4,_loadTextDataPermanently,5843,spl0u1,"5843, ""spl0u1""",quest
decomp_more_20260617,quest/scenario/spl/spl0u2,4,_loadTextDataPermanently,5859,spl0u2,"5859, ""spl0u2""",quest
decomp_more_20260617,quest/scenario/spl/spl101,3,_loadTextDataPermanently,10016,spl101,"10016, ""spl101""",quest
decomp_more_20260617,quest/scenario/spl/spl102,4,_loadTextDataPermanently,10032,spl102,"10032, ""spl102""",quest
decomp_more_20260617,quest/scenario/sum/sum6a0,4,_loadTextDataPermanently,3181,sum6a0,"3181, ""sum6a0""",quest
decomp_more_20260617,quest/scenario/sum/sum6g0,4,_loadTextDataPermanently,10224,sum6g0,"10224, ""sum6g0""",quest
decomp_more_20260617,quest/scenario/sum/sum6m0,4,_loadTextDataPermanently,7488,sum6m0,"7488, ""sum6m0""",quest
decomp_more_20260617,quest/scenario/sum/sum6w0,4,_loadTextDataPermanently,10560,sum6w0,"10560, ""sum6w0""",quest
decomp_more_20260617,quest/scenario/sum/sum7l0,4,_loadTextDataPermanently,3197,sum7l0,"3197, ""sum7l0""",quest
decomp_more_20260617,quest/scenario/sum/sum7t0,4,_loadTextDataPermanently,3213,sum7t0,"3213, ""sum7t0""",quest
decomp_more_20260617,quest/scenario/sum/sum8a0,4,_loadTextDataPermanently,3229,sum8a0,"3229, ""sum8a0""",quest
decomp_more_20260617,quest/scenario/sum/sum8l0,4,_loadTextDataPermanently,3245,sum8l0,"3245, ""sum8l0""",quest
decomp_more_20260617,quest/scenario/sum/sum8t0,4,_loadTextDataPermanently,3261,sum8t0,"3261, ""sum8t0""",quest
decomp_more_20260617,quest/scenario/tan/tan200,4,_loadTextDataPermanently,407,tan200,"407, ""tan200""",quest
decomp_more_20260617,quest/scenario/tan/tan300,4,_loadTextDataPermanently,411,tan300,"411, ""tan300""",quest
decomp_more_20260617,quest/scenario/tan/tan306,4,_loadTextDataPermanently,415,tan306,"415, ""tan306""",quest
decomp_more_20260617,quest/scenario/tan/tan400,4,_loadTextDataPermanently,419,tan400,"419, ""tan400""",quest
decomp_more_20260617,quest/scenario/tan/tan500,4,_loadTextDataPermanently,423,tan500,"423, ""tan500""",quest
decomp_more_20260617,quest/scenario/tan/tan506,4,_loadTextDataPermanently,427,tan506,"427, ""tan506""",quest
decomp_more_20260617,quest/scenario/thm/thm200,4,_loadTextDataPermanently,549,thm200,"549, ""thm200""",quest
decomp_more_20260617,quest/scenario/thm/thm300,4,_loadTextDataPermanently,553,thm300,"553, ""thm300""",quest
decomp_more_20260617,quest/scenario/thm/thm306,4,_loadTextDataPermanently,557,thm306,"557, ""thm306""",quest
decomp_more_20260617,quest/scenario/thm/thm400,4,_loadTextDataPermanently,561,thm400,"561, ""thm400""",quest
decomp_more_20260617,quest/scenario/trl/trl0g1,4,_loadTextDataPermanently,2152,trl0g1,"2152, ""trl0g1""",quest
decomp_more_20260617,quest/scenario/trl/trl0l1,4,_loadTextDataPermanently,2165,trl0l1,"2165, ""trl0l1""",quest
decomp_more_20260617,quest/scenario/trl/trl0l2,4,_loadTextDataPermanently,3277,trl0l2,"3277, ""trl0l2""",quest
decomp_more_20260617,quest/scenario/trl/trl0l3,4,_loadTextDataPermanently,3293,trl0l3,"3293, ""trl0l3""",quest
decomp_more_20260617,quest/scenario/trl/trl0u1,4,_loadTextDataPermanently,2178,trl0u1,"2178, ""trl0u1""",quest
decomp_more_20260617,quest/scenario/war/war0j1,4,_loadTextDataPermanently,8132,war0j1,"8132, ""war0j1""",quest
decomp_more_20260617,quest/scenario/war/war0j2,4,_loadTextDataPermanently,8148,war0j2,"8148, ""war0j2""",quest
decomp_more_20260617,quest/scenario/war/war0j3,4,_loadTextDataPermanently,8164,war0j3,"8164, ""war0j3""",quest
decomp_more_20260617,quest/scenario/war/war0j4,4,_loadTextDataPermanently,8180,war0j4,"8180, ""war0j4""",quest
decomp_more_20260617,quest/scenario/war/war0j5,4,_loadTextDataPermanently,8196,war0j5,"8196, ""war0j5""",quest
decomp_more_20260617,quest/scenario/war/war0j6,4,_loadTextDataPermanently,8212,war0j6,"8212, ""war0j6""",quest
decomp_more_20260617,quest/scenario/wdk/wdk200,4,_loadTextDataPermanently,431,wdk200,"431, ""wdk200""",quest
decomp_more_20260617,quest/scenario/wdk/wdk300,4,_loadTextDataPermanently,435,wdk300,"435, ""wdk300""",quest
decomp_more_20260617,quest/scenario/wdk/wdk306,4,_loadTextDataPermanently,439,wdk306,"439, ""wdk306""",quest
decomp_more_20260617,quest/scenario/wdk/wdk400,4,_loadTextDataPermanently,443,wdk400,"443, ""wdk400""",quest
decomp_more_20260617,quest/scenario/wdk/wdk500,4,_loadTextDataPermanently,447,wdk500,"447, ""wdk500""",quest
decomp_more_20260617,quest/scenario/wdk/wdk506,4,_loadTextDataPermanently,451,wdk506,"451, ""wdk506""",quest
decomp_more_20260617,quest/scenario/whm/whm0j1,4,_loadTextDataPermanently,9732,whm0j1,"9732, ""whm0j1""",quest
decomp_more_20260617,quest/scenario/whm/whm0j2,4,_loadTextDataPermanently,9748,whm0j2,"9748, ""whm0j2""",quest
decomp_more_20260617,quest/scenario/whm/whm0j3,4,_loadTextDataPermanently,9764,whm0j3,"9764, ""whm0j3""",quest
decomp_more_20260617,quest/scenario/whm/whm0j4,4,_loadTextDataPermanently,9780,whm0j4,"9780, ""whm0j4""",quest
decomp_more_20260617,quest/scenario/whm/whm0j5,4,_loadTextDataPermanently,9796,whm0j5,"9796, ""whm0j5""",quest
decomp_more_20260617,quest/scenario/whm/whm0j6,4,_loadTextDataPermanently,9812,whm0j6,"9812, ""whm0j6""",quest
decomp_more_20260617,quest/scenario/wld/wld0g1,4,_loadTextDataPermanently,4963,wld0g1,"4963, ""wld0g1""",quest
decomp_more_20260617,quest/scenario/wld/wld0g2,4,_loadTextDataPermanently,4979,wld0g2,"4979, ""wld0g2""",quest
decomp_more_20260617,quest/scenario/wld/wld0g3,4,_loadTextDataPermanently,4995,wld0g3,"4995, ""wld0g3""",quest
decomp_more_20260617,quest/scenario/wld/wld0g4,4,_loadTextDataPermanently,5011,wld0g4,"5011, ""wld0g4""",quest
decomp_more_20260617,quest/scenario/wld/wld0l1,4,_loadTextDataPermanently,5251,wld0l1,"5251, ""wld0l1""",quest
decomp_more_20260617,quest/scenario/wld/wld0l2,4,_loadTextDataPermanently,5267,wld0l2,"5267, ""wld0l2""",quest
decomp_more_20260617,quest/scenario/wld/wld0l3,4,_loadTextDataPermanently,5283,wld0l3,"5283, ""wld0l3""",quest
decomp_more_20260617,quest/scenario/wld/wld0l4,4,_loadTextDataPermanently,5299,wld0l4,"5299, ""wld0l4""",quest
decomp_more_20260617,quest/scenario/wld/wld0u1,4,_loadTextDataPermanently,5395,wld0u1,"5395, ""wld0u1""",quest
decomp_more_20260617,quest/scenario/wld/wld0u2,4,_loadTextDataPermanently,5411,wld0u2,"5411, ""wld0u2""",quest
decomp_more_20260617,quest/scenario/wld/wld0u3,4,_loadTextDataPermanently,5427,wld0u3,"5427, ""wld0u3""",quest
decomp_more_20260617,quest/scenario/wld/wld0u4,4,_loadTextDataPermanently,5443,wld0u4,"5443, ""wld0u4""",quest
decomp_more_20260617,quest/scenario/wvr/wvr200,4,_loadTextDataPermanently,1248,wvr200,"1248, ""wvr200""",quest
decomp_more_20260617,quest/scenario/wvr/wvr300,4,_loadTextDataPermanently,1258,wvr300,"1258, ""wvr300""",quest
decomp_more_20260617,quest/scenario/wvr/wvr306,4,_loadTextDataPermanently,1268,wvr306,"1268, ""wvr306""",quest
decomp_more_20260617,quest/scenario/wvr/wvr400,4,_loadTextDataPermanently,1278,wvr400,"1278, ""wvr400""",quest
decomp_more_20260617,quest/scenario/wvr/wvr500,4,_loadTextDataPermanently,1288,wvr500,"1288, ""wvr500""",quest
decomp_more_20260617,quest/scenario/wvr/wvr506,4,_loadTextDataPermanently,1298,wvr506,"1298, ""wvr506""",quest
decomp_further_20260617,chara/npc/gimmick/gimmickexitrect,4,_loadTextDataPermanently,10064,gimmickExitRect,"10064, ""gimmickExitRect""",chara
decomp_further_20260617,chara/npc/gimmick/gimmickmapobj/beaconfortgategimmick,34,_loadTextDataPermanently,10432,beaconFortGateGimmick,"10432, ""beaconFortGateGimmick""",area;chara
decomp_further_20260617,chara/npc/gimmick/gimmickpoisoncure,4,_loadTextDataPermanently,10080,gimmickPoisonCure,"10080, ""gimmickPoisonCure""",chara
decomp_further_20260617,chara/npc/gimmick/gimmickterminal,4,_loadTextDataPermanently,10096,gimmickTerminal,"10096, ""gimmickTerminal""",chara
decomp_further_20260617,chara/npc/gimmick/gimmickwarp,4,_loadTextDataPermanently,10112,gimmickWarp,"10112, ""gimmickWarp""",chara
decomp_further_20260617,chara/npc/mapobj/mapobjportdoor,13,_loadTextDataPermanently,175,mapObjPortDoor,"175, ""mapObjPortDoor""",area;chara
decomp_further_20260617,chara/npc/monster/chocobo/chocobocaravanguard,9,_loadTextDataPermanently,7680,chocoboCaravanGuard,"7680, ""chocoboCaravanGuard""",chara;monster;caravan
decomp_further_20260617,chara/npc/object/aetheryte/aetherytechild,4,_loadTextDataPermanently,299,aetheryteChild,"299, ""aetheryteChild""",chara;object
decomp_further_20260617,chara/npc/object/aetheryte/aetheryteparent,9,_loadTextDataPermanently,303,aetheryteParent,"303, ""aetheryteParent""",chara;object
decomp_further_20260617,chara/npc/object/bookshelf,4,_loadTextDataPermanently,2733,bookShelf,"2733, ""bookShelf""",chara;object
decomp_further_20260617,chara/npc/object/elevatorstandard,5,_loadTextDataPermanently,2112,elevatorStandard,"2112, ""elevatorStandard""",chara;object
decomp_further_20260617,chara/npc/object/guildlevewarppoint,60,_loadTextDataPermanently,10,guildleveWarpPoint,"10, ""guildleveWarpPoint""",quest;chara;object
decomp_further_20260617,chara/npc/object/materiabook,4,_loadTextDataPermanently,7592,materiaBook,"7592, ""materiaBook""",item;chara;object
decomp_further_20260617,chara/npc/object/objecteventdoor,4,_loadTextDataPermanently,200,objectEventDoor,"200, ""objectEventDoor""",chara;object
decomp_further_20260617,chara/npc/object/objectitemstorage,8,_loadTextDataPermanently,10272,objectItemStorage,"10272, ""objectItemStorage""",item;chara;object
decomp_further_20260617,chara/npc/populace/populaceachievement,9,_loadTextDataPermanently,8000,populaceAchievement,"8000, ""populaceAchievement""",chara;populace;achievement
decomp_further_20260617,chara/npc/populace/populacebountypresenter,4,_loadTextDataPermanently,8016,populaceBountyPresenter,"8016, ""populaceBountyPresenter""",chara;populace
decomp_further_20260617,chara/npc/populace/populacecampmaster,9,_loadTextDataPermanently,2191,populaceCampMaster,"2191, ""populaceCampMaster""",chara;populace
decomp_further_20260617,chara/npc/populace/populacecampsubmaster,8,_loadTextDataPermanently,1330,populaceCampSubMaster,"1330, ""populaceCampSubMaster""",chara;populace
decomp_further_20260617,chara/npc/populace/populacecaravanadviser,4,_loadTextDataPermanently,7536,populaceCaravanAdviser,"7536, ""populaceCaravanAdviser""",chara;populace;caravan
decomp_further_20260617,chara/npc/populace/populacecaravanguide,4,_loadTextDataPermanently,7552,populaceCaravanGuide,"7552, ""populaceCaravanGuide""",chara;populace;caravan
decomp_further_20260617,chara/npc/populace/populacecompanyglpublisher,55,_loadTextDataPermanently,7712,populaceCompanyGLPublisher,"7712, ""populaceCompanyGLPublisher""",chara;populace
decomp_further_20260617,chara/npc/populace/populacefactionglworker,64,_loadTextDataPermanently,30,populaceFactionGLWorker,"30, ""populaceFactionGLWorker""",chara;populace
decomp_further_20260617,chara/npc/populace/populaceflyingship,10,_loadTextDataPermanently,7620,populaceFlyingShip,"7620, ""populaceFlyingShip""",chara;populace
decomp_further_20260617,chara/npc/populace/populaceglkeyperson,10,_loadTextDataPermanently,3341,populaceGLKeyPerson,"3341, ""populaceGLKeyPerson""",chara;populace
decomp_further_20260617,chara/npc/populace/populacegmeventsage,5,_loadTextDataPermanently,9952,populaceGMEventSage,"9952, ""populaceGMEventSage""",chara;populace
decomp_further_20260617,chara/npc/populace/populacegmeventsagecryer,5,_loadTextDataPermanently,9956,populaceGMEventSageCryer,"9956, ""populaceGMEventSageCryer""",chara;populace
decomp_further_20260617,chara/npc/populace/populacegmeventtelepogatein,5,_loadTextDataPermanently,7952,populaceGMEventTelepoGateIn,"7952, ""populaceGMEventTelepoGateIn""",chara;populace
decomp_further_20260617,chara/npc/populace/populacegmeventtelepogateout,5,_loadTextDataPermanently,7968,populaceGMEventTelepoGateOut,"7968, ""populaceGMEventTelepoGateOut""",chara;populace
decomp_further_20260617,chara/npc/populace/populacegmeventtelepolure,5,_loadTextDataPermanently,7920,populaceGMEventTelepoLure,"7920, ""populaceGMEventTelepoLure""",chara;populace
decomp_further_20260617,chara/npc/populace/populacegmeventteleporeception,5,_loadTextDataPermanently,7984,populaceGMEventTelepoReception,"7984, ""populaceGMEventTelepoReception""",chara;populace
decomp_further_20260617,chara/npc/populace/populacegmeventtelepotowncryer,5,_loadTextDataPermanently,7936,populaceGMEventTelepoTownCryer,"7936, ""populaceGMEventTelepoTownCryer""",chara;populace
decomp_further_20260617,chara/npc/populace/populacegmeventtownreporter,5,_loadTextDataPermanently,7904,populaceGMEventTownReporter,"7904, ""populaceGMEventTownReporter""",chara;populace
decomp_further_20260617,chara/npc/populace/populaceguildlevepublisher,69,_loadTextDataPermanently,339,populaceGuildlevePublisher,"339, ""populaceGuildlevePublisher""",quest;chara;populace
decomp_further_20260617,chara/npc/populace/populacehalloweentrans,5,_loadTextDataPermanently,7696,populaceHalloweenTrans,"7696, ""populaceHalloweenTrans""",chara;populace
decomp_further_20260617,chara/npc/populace/populacehamletbreeder,9,_loadTextDataPermanently,1334,populaceHamletBreeder,"1334, ""populaceHamletBreeder""",chara;populace;hamlet
decomp_further_20260617,chara/npc/populace/populacehamletcaptain,5,_loadTextDataPermanently,10160,PopulaceHamletCaptain,"10160, ""PopulaceHamletCaptain""",chara;populace;hamlet
decomp_further_20260617,chara/npc/populace/populacehamletsupply,5,_loadTextDataPermanently,10192,populaceHamletSupply,"10192, ""populaceHamletSupply""",chara;populace;hamlet
decomp_further_20260617,chara/npc/populace/populaceitemrepairer,8,_loadTextDataPermanently,2204,populaceItemRepairer,"2204, ""populaceItemRepairer""",item;chara;populace
decomp_further_20260617,chara/npc/populace/populacenmreward,4,_loadTextDataPermanently,3325,populaceNMReward,"3325, ""populaceNMReward""",chara;populace
decomp_further_20260617,chara/npc/populace/populacenmrushguide,4,_loadTextDataPermanently,10608,populaceNMRushGuide,"10608, ""populaceNMRushGuide""",chara;populace
decomp_further_20260617,chara/npc/populace/populacepassiveglpublisher,40,_loadTextDataPermanently,509,populacePassiveGLPublisher,"509, ""populacePassiveGLPublisher""",chara;populace
decomp_further_20260617,chara/npc/populace/populacespecialeventcryer,4,_loadTextDataPermanently,6688,populaceSpecialEventCryer,"6688, ""populaceSpecialEventCryer""",quest;chara;populace
decomp_further_20260617,chara/npc/populace/populacesumfes,4,_loadTextDataPermanently,7216,populaceSumFes,"7216, ""populaceSumFes""",chara;populace
decomp_further_20260617,chara/npc/populace/populaceswimsuit2011,4,_loadTextDataPermanently,7376,populaceSwimSuit2011,"7376, ""populaceSwimSuit2011""",chara;populace
decomp_further_20260617,chara/npc/populace/populacetowncryer,5,_loadTextDataPermanently,5939,populaceTownCryer,"5939, ""populaceTownCryer""",chara;populace
decomp_further_20260617,chara/npc/populace/populacevalentmaster,4,_loadTextDataPermanently,8032,populaceValentMaster,"8032, ""populaceValentMaster""",chara;populace
decomp_further_20260617,chara/npc/populace/populacewaveattack,5,_loadTextDataPermanently,7200,populaceWaveAttack,"7200, ""populaceWaveAttack""",chara;populace
decomp_further_20260617,chara/npc/populace/populacewaveattackcryer,5,_loadTextDataPermanently,7568,populaceWaveAttackCryer,"7568, ""populaceWaveAttackCryer""",chara;populace
decomp_further_20260617,chara/npc/populace/shop/populaceguildshop,4,_loadTextDataPermanently,2208,populaceGuildShop,"2208, ""populaceGuildShop""",item;chara;populace
decomp_further_20260617,chara/npc/populace/shop/populaceshopmateriaremover,4,_loadTextDataPermanently,7588,populaceShopMateriaRemover,"7588, ""populaceShopMateriaRemover""",item;chara;populace
decomp_further_20260617,chara/npc/populace/shop/populaceshopsalesman,4,_loadTextDataPermanently,565,populaceShopSalesman,"565, ""populaceShopSalesman""",item;chara;populace
decomp_further_20260617,director/guildleve/companyleverescuenormal,14,_loadTextDataPermanently,7728,companyleveRescueNormal,"7728, ""companyleveRescueNormal""",quest
decomp_further_20260617,director/guildleve/privateglbattlesweepepicintime,4,_loadTextDataPermanently,10576,privateGLBattleSweepEpicInTime,"10576, ""privateGLBattleSweepEpicInTime""",quest
decomp_further_20260617,director/guildleve/privateglbattlesweepescort,14,_loadTextDataPermanently,10616,privateGLBattleSweepEscort,"10616, ""privateGLBattleSweepEscort""",quest
decomp_further_20260617,judge/craft/craftjudge,111,_loadTextDataPermanently,16,craftJudge,"16, ""craftJudge""",item;judge
decomp_further_20260617,judge/harvest/harvestjudge,4,_loadTextDataPermanently,1308,harvestJudge,"1308, ""harvestJudge""",judge
decomp_further_20260617,system/debug,633,_loadTextDataPermanently,0,debug,"0, ""debug""",system;debug
decomp_further_20260617,world/worldmaster,56,_loadTextDataPermanently,39,worldMaster,"39, ""worldMaster""",world
