placeholder,meaning
-223,completion flag for 111827/111627/111427
-222,quest 110019 completion flag
-221,"player Grand Company, defaulting zero to one"
-220,initial-town 3 selector
-219,literal false
-218,literal true
-217,SNPC skin remapped through getSnpcSexualityToSkin
-216,literal unknown-name string
-215,player nation
-214,SNPC skin remapped to grouped skin/body selector
-213,not completed 111406/111606 selector
-212,not completed 111806/111606 selector
-211,quest 110019 completion plus initial-town 3 selector
-210,quest 110019 completion plus initial-town 1 selector
-209,quest 110019 completion plus initial-town 2 selector
-208,quest 110480 completion selector
-207,player initial town
-206,"player main-skill 41 flag, handled by PopulaceCutScenePlayer"
-205,player initial town
-204,player cutscene-replay SNPC personality
-203,player cutscene-replay SNPC skin
-202,"player cutscene-replay SNPC coordinate, then converted to actor class for SNPC scenes"
-201,player cutscene-replay SNPC nickname
-200,literal zero/default placeholder
