quest_ids,quest_names,quest_classes,prerequisites,min_levels,code,server_flow_rows,quest_state_rows,quest_data_rows,client_event_dispatch_rows,reward_or_inventory_rows,event_warp_rows,npc_linkshell_rows,player_message_rows,music_rows,chara_or_wait_rows,event_end_rows,actor_or_marker_rows,start_sequence_rows,start_sequence_npc_ls_rows,complete_quest_rows,accept_quest_rows,delegate_rows,run_event_rows,set_enpc_rows,warp_private_rows,warp_public_rows,zone_change_rows,counter_update_rows,top_calls
110280,[en],Acn200,0,20,acn200,0,0,0,0,0,0,0,0,0,0,0,0,0,0,0,0,0,0,0,0,0,0,0,
110281,[en],Acn300,0,30,acn300,0,0,0,0,0,0,0,0,0,0,0,0,0,0,0,0,0,0,0,0,0,0,0,
110282,[en],Acn306,0,36,acn306,0,0,0,0,0,0,0,0,0,0,0,0,0,0,0,0,0,0,0,0,0,0,0,
110283,[en],Acn400,0,40,acn400,0,0,0,0,0,0,0,0,0,0,0,0,0,0,0,0,0,0,0,0,0,0,0,
110284,[en],Acn500,0,50,acn500,0,0,0,0,0,0,0,0,0,0,0,0,0,0,0,0,0,0,0,0,0,0,0,
110285,[en],Acn506,0,56,acn506,0,0,0,0,0,0,0,0,0,0,0,0,0,0,0,0,0,0,0,0,0,0,0,
110420,"Sleep, Cousin of Death",Alc200,0,20,alc200,0,0,0,0,0,0,0,0,0,0,0,0,0,0,0,0,0,0,0,0,0,0,0,
110421,The Boy and the Dragon Gay,Alc300,110420,30,alc300,0,0,0,0,0,0,0,0,0,0,0,0,0,0,0,0,0,0,0,0,0,0,0,
110422,"Dream On, Dream Away",Alc306,110421,36,alc306,0,0,0,0,0,0,0,0,0,0,0,0,0,0,0,0,0,0,0,0,0,0,0,
110423,[en],Alc400,0,40,alc400,0,0,0,0,0,0,0,0,0,0,0,0,0,0,0,0,0,0,0,0,0,0,0,
110424,[en],Alc500,0,50,alc500,0,0,0,0,0,0,0,0,0,0,0,0,0,0,0,0,0,0,0,0,0,0,0,
110425,[en],Alc506,0,56,alc506,0,0,0,0,0,0,0,0,0,0,0,0,0,0,0,0,0,0,0,0,0,0,0,
110160,Filling the Quiver,Arc200,0,20,arc200,0,0,0,0,0,0,0,0,0,0,0,0,0,0,0,0,0,0,0,0,0,0,0,
110161,The Foreboding Forest,Arc300,110160,30,arc300,0,0,0,0,0,0,0,0,0,0,0,0,0,0,0,0,0,0,0,0,0,0,0,
110162,There Can Be Only One,Arc306,110161,36,arc306,0,0,0,0,0,0,0,0,0,0,0,0,0,0,0,0,0,0,0,0,0,0,0,
110163,[en],Arc400,0,40,arc400,0,0,0,0,0,0,0,0,0,0,0,0,0,0,0,0,0,0,0,0,0,0,0,
110164,[en],Arc500,0,50,arc500,0,0,0,0,0,0,0,0,0,0,0,0,0,0,0,0,0,0,0,0,0,0,0,
110165,[en],Arc506,0,56,arc506,0,0,0,0,0,0,0,0,0,0,0,0,0,0,0,0,0,0,0,0,0,0,0,
111261,Hearing Voices,Blm0j1,0,15,blm0j1,0,0,0,0,0,0,0,0,0,0,0,0,0,0,0,0,0,0,0,0,0,0,0,
111262,A Time to Kill,Blm0j2,0,15,blm0j2,0,0,0,0,0,0,0,0,0,0,0,0,0,0,0,0,0,0,0,0,0,0,0,
111263,International Relations,Blm0j3,0,15,blm0j3,0,0,0,0,0,0,0,0,0,0,0,0,0,0,0,0,0,0,0,0,0,0,0,
111264,The Voidgate Breathes Gloomy,Blm0j4,0,15,blm0j4,0,0,0,0,0,0,0,0,0,0,0,0,0,0,0,0,0,0,0,0,0,0,0,
111265,Gearing Up,Blm0j5,0,15,blm0j5,0,0,0,0,0,0,0,0,0,0,0,0,0,0,0,0,0,0,0,0,0,0,0,
111266,Always Bet on Black,Blm0j6,0,15,blm0j6,0,0,0,0,0,0,0,0,0,0,0,0,0,0,0,0,0,0,0,0,0,0,0,
111301,A Song of Bards and Bowmen,Brd0j1,0,15,brd0j1,0,0,0,0,0,0,0,0,0,0,0,0,0,0,0,0,0,0,0,0,0,0,0,
111302,The Archer's Anthem,Brd0j2,0,15,brd0j2,0,0,0,0,0,0,0,0,0,0,0,0,0,0,0,0,0,0,0,0,0,0,0,
111303,Bard's-Eye View,Brd0j3,0,15,brd0j3,0,0,0,0,0,0,0,0,0,0,0,0,0,0,0,0,0,0,0,0,0,0,0,
111304,Doing It the Bard Way,Brd0j4,0,15,brd0j4,0,0,0,0,0,0,0,0,0,0,0,0,0,0,0,0,0,0,0,0,0,0,0,
111305,Pieces of the Past,Brd0j5,0,15,brd0j5,0,0,0,0,0,0,0,0,0,0,0,0,0,0,0,0,0,0,0,0,0,0,0,
111306,Requiem for the Fallen,Brd0j6,0,15,brd0j6,0,0,0,0,0,0,0,0,0,0,0,0,0,0,0,0,0,0,0,0,0,0,0,
110320,An Ear for Quality,Bsm200,0,20,bsm200,0,0,0,0,0,0,0,0,0,0,0,0,0,0,0,0,0,0,0,0,0,0,0,
110321,Song of the Sirens,Bsm300,0,30,bsm300,0,0,0,0,0,0,0,0,0,0,0,0,0,0,0,0,0,0,0,0,0,0,0,
110322,The Sound of Silence,Bsm306,0,36,bsm306,0,0,0,0,0,0,0,0,0,0,0,0,0,0,0,0,0,0,0,0,0,0,0,
110323,[en],Bsm400,0,40,bsm400,0,0,0,0,0,0,0,0,0,0,0,0,0,0,0,0,0,0,0,0,0,0,0,
110324,[en],Bsm500,0,50,bsm500,0,0,0,0,0,0,0,0,0,0,0,0,0,0,0,0,0,0,0,0,0,0,0,
110325,[en],Bsm506,0,56,bsm506,0,0,0,0,0,0,0,0,0,0,0,0,0,0,0,0,0,0,0,0,0,0,0,
,,,,,class_quest_template,17,9,0,1,2,0,0,1,0,0,4,0,1,0,1,1,1,0,2,0,0,0,0,EndEvent:4;SetENpc:2;GetSequence:2;UpdateENPCs:2;AddItem:1;attentionMessage:1;callClientFunction:1;CompleteQuest:1;AddExp:1;StartSequence:1;AcceptQuest:1
110260,Dendrological Duties,Cnj200,0,20,cnj200,0,0,0,0,0,0,0,0,0,0,0,0,0,0,0,0,0,0,0,0,0,0,0,
110261,"Good Knight, Sweet Dreams",Cnj300,110260,30,cnj300,0,0,0,0,0,0,0,0,0,0,0,0,0,0,0,0,0,0,0,0,0,0,0,
110262,The Call of Nature,Cnj306,110261,36,cnj306,0,0,0,0,0,0,0,0,0,0,0,0,0,0,0,0,0,0,0,0,0,0,0,
110263,[en],Cnj400,0,40,cnj400,0,0,0,0,0,0,0,0,0,0,0,0,0,0,0,0,0,0,0,0,0,0,0,
110264,[en],Cnj500,0,50,cnj500,0,0,0,0,0,0,0,0,0,0,0,0,0,0,0,0,0,0,0,0,0,0,0,
110265,[en],Cnj506,0,56,cnj506,0,0,0,0,0,0,0,0,0,0,0,0,0,0,0,0,0,0,0,0,0,0,0,
111601,Breaking the Seals,Com0g1,110014,22,com0g1,26,17,0,4,4,0,0,0,0,0,1,0,6,0,1,0,4,0,6,0,0,0,0,StartSequence:6;SetENpc:6;GetSequence:4;callClientFunction:4;AddItem:1;RemoveItem:1;AddExp:1;AddGil:1;CompleteQuest:1;EndEvent:1
111602,Why Did It Have to Be Snakes,Com0g2,111601,22,com0g2,9,6,0,1,1,0,0,0,0,0,1,0,1,0,1,0,1,0,1,0,0,0,0,GetSequence:3;StartSequence:1;SetENpc:1;callClientFunction:1;AddExp:1;CompleteQuest:1;EndEvent:1
111603,Adder's Nest Egg,Com0g3,111602,22,com0g3,14,10,0,2,1,0,0,0,0,0,1,0,3,0,1,0,2,0,3,0,0,0,0,StartSequence:3;SetENpc:3;GetSequence:3;callClientFunction:2;AddExp:1;CompleteQuest:1;EndEvent:1
111604,The Mail Must Get Through,Com0g4,111603,22,com0g4,17,10,0,2,4,0,0,0,0,0,1,0,3,0,1,0,2,0,3,0,0,0,0,StartSequence:3;SetENpc:3;GetSequence:3;callClientFunction:2;AddItem:1;RemoveItem:1;AddExp:1;AddGil:1;CompleteQuest:1;EndEvent:1
111605,Their Finest Hour,Com0g5,111604,25,com0g5,19,14,0,2,2,0,0,0,0,0,1,0,4,0,1,0,2,0,6,0,0,0,0,SetENpc:6;StartSequence:4;GetSequence:3;callClientFunction:2;AddExp:1;AddGil:1;CompleteQuest:1;EndEvent:1
111606,Appetite for Destruction,Com0g6,111605,25,com0g6,15,11,0,1,2,0,0,0,0,0,1,0,3,0,1,0,1,0,4,0,0,0,0,SetENpc:4;StartSequence:3;GetSequence:3;callClientFunction:1;AddExp:1;AddGil:1;CompleteQuest:1;EndEvent:1
111607,"Serenity, Purity, Sanctity",Com0g7,111606,25,com0g7,9,6,0,1,1,0,0,0,0,0,1,0,1,0,1,0,1,0,1,0,0,0,0,GetSequence:3;StartSequence:1;SetENpc:1;callClientFunction:1;AddExp:1;CompleteQuest:1;EndEvent:1
111608,[en],Com0g8,0,0,com0g8,0,0,0,0,0,0,0,0,0,0,0,0,0,0,0,0,0,0,0,0,0,0,0,
111609,[en],Com0g9,0,0,com0g9,0,0,0,0,0,0,0,0,0,0,0,0,0,0,0,0,0,0,0,0,0,0,0,
111401,The Price of Integrity,Com0l1,110014,22,com0l1,26,17,0,4,4,0,0,0,0,0,1,0,6,0,1,0,4,0,6,0,0,0,0,StartSequence:6;SetENpc:6;GetSequence:4;callClientFunction:4;AddItem:1;RemoveItem:1;AddExp:1;AddGil:1;CompleteQuest:1;EndEvent:1
111402,Testing the Waters,Com0l2,111401,22,com0l2,9,6,0,1,1,0,0,0,0,0,1,0,1,0,1,0,1,0,1,0,0,0,0,GetSequence:3;StartSequence:1;SetENpc:1;callClientFunction:1;AddExp:1;CompleteQuest:1;EndEvent:1
111403,Seals for the Whorl,Com0l3,111402,22,com0l3,14,10,0,2,1,0,0,0,0,0,1,0,3,0,1,0,2,0,3,0,0,0,0,StartSequence:3;SetENpc:3;GetSequence:3;callClientFunction:2;AddExp:1;CompleteQuest:1;EndEvent:1
111404,Engineering Victory,Com0l4,111403,22,com0l4,17,10,0,2,4,0,0,0,0,0,1,0,3,0,1,0,2,0,3,0,0,0,0,StartSequence:3;SetENpc:3;GetSequence:3;callClientFunction:2;AddItem:1;RemoveItem:1;AddExp:1;AddGil:1;CompleteQuest:1;EndEvent:1
111405,An Officer and a Wise Man,Com0l5,111404,25,com0l5,20,13,0,2,4,0,0,0,0,0,1,0,4,0,1,0,2,0,5,0,0,0,0,SetENpc:5;StartSequence:4;GetSequence:3;callClientFunction:2;AddItem:1;RemoveItem:1;AddExp:1;AddGil:1;CompleteQuest:1;EndEvent:1
111406,Ceruleum Shock,Com0l6,111405,25,com0l6,15,11,0,1,2,0,0,0,0,0,1,0,3,0,1,0,1,0,4,0,0,0,0,SetENpc:4;StartSequence:3;GetSequence:3;callClientFunction:1;AddExp:1;AddGil:1;CompleteQuest:1;EndEvent:1
111407,Till Sea Swallows All,Com0l7,111406,25,com0l7,9,6,0,1,1,0,0,0,0,0,1,0,1,0,1,0,1,0,1,0,0,0,0,GetSequence:3;StartSequence:1;SetENpc:1;callClientFunction:1;AddExp:1;CompleteQuest:1;EndEvent:1
111408,[en],Com0l8,0,0,com0l8,0,0,0,0,0,0,0,0,0,0,0,0,0,0,0,0,0,0,0,0,0,0,0,
111409,[en],Com0l9,0,0,com0l9,0,0,0,0,0,0,0,0,0,0,0,0,0,0,0,0,0,0,0,0,0,0,0,
111801,Career Opportunities,Com0u1,110014,22,com0u1,26,17,0,4,4,0,0,0,0,0,1,0,6,0,1,0,4,0,6,0,0,0,0,StartSequence:6;SetENpc:6;GetSequence:4;callClientFunction:4;AddItem:1;RemoveItem:1;AddExp:1;AddGil:1;CompleteQuest:1;EndEvent:1
111802,Kindling a Flame,Com0u2,111801,22,com0u2,9,6,0,1,1,0,0,0,0,0,1,0,1,0,1,0,1,0,1,0,0,0,0,GetSequence:3;StartSequence:1;SetENpc:1;callClientFunction:1;AddExp:1;CompleteQuest:1;EndEvent:1
111803,Burning a Hole in One's Pocket,Com0u3,111802,22,com0u3,14,10,0,2,1,0,0,0,0,0,1,0,3,0,1,0,2,0,3,0,0,0,0,StartSequence:3;SetENpc:3;GetSequence:3;callClientFunction:2;AddExp:1;CompleteQuest:1;EndEvent:1
111804,Arms Race,Com0u4,111803,22,com0u4,39,17,8,2,11,0,0,0,0,0,1,0,5,0,1,0,2,0,7,0,0,0,3,SetENpc:7;StartSequence:5;GetSequence:4;GetCounter:4;HasItem:3;AddItem:3;SetCounter:3;RemoveItem:3;callClientFunction:2;GetData:1;AddExp:1;AddGil:1
111805,Burning Man,Com0u5,111804,25,com0u5,22,13,0,2,6,0,0,0,0,0,1,0,4,0,1,0,2,0,5,0,0,0,0,SetENpc:5;StartSequence:4;GetSequence:3;callClientFunction:2;AddItem:2;RemoveItem:2;AddExp:1;AddGil:1;CompleteQuest:1;EndEvent:1
111806,Know Your Enemy,Com0u6,111805,25,com0u6,22,17,0,2,2,0,0,0,0,0,1,0,6,0,1,0,2,0,6,0,0,0,0,StartSequence:6;SetENpc:6;GetSequence:4;callClientFunction:2;AddExp:1;AddGil:1;CompleteQuest:1;EndEvent:1
111807,By Fire Reborn,Com0u7,111806,25,com0u7,9,6,0,1,1,0,0,0,0,0,1,0,1,0,1,0,1,0,1,0,0,0,0,GetSequence:3;StartSequence:1;SetENpc:1;callClientFunction:1;AddExp:1;CompleteQuest:1;EndEvent:1
111808,[en],Com0u8,0,0,com0u8,0,0,0,0,0,0,0,0,0,0,0,0,0,0,0,0,0,0,0,0,0,0,0,
111809,[en],Com0u9,0,0,com0u9,0,0,0,0,0,0,0,0,0,0,0,0,0,0,0,0,0,0,0,0,0,0,0,
111610,Imperial Devices (Gridania),Com5g0,111607,25,com5g0,0,0,0,0,0,0,0,0,0,0,0,0,0,0,0,0,0,0,0,0,0,0,0,
111611,Into the Dark (Gridania),Com5g1,111610,45,com5g1,0,0,0,0,0,0,0,0,0,0,0,0,0,0,0,0,0,0,0,0,0,0,0,
111612,[en],Com5g2,0,0,com5g2,0,0,0,0,0,0,0,0,0,0,0,0,0,0,0,0,0,0,0,0,0,0,0,
111613,[en],Com5g3,0,0,com5g3,0,0,0,0,0,0,0,0,0,0,0,0,0,0,0,0,0,0,0,0,0,0,0,
111614,[en],Com5g4,0,0,com5g4,0,0,0,0,0,0,0,0,0,0,0,0,0,0,0,0,0,0,0,0,0,0,0,
111615,[en],Com5g5,0,0,com5g5,0,0,0,0,0,0,0,0,0,0,0,0,0,0,0,0,0,0,0,0,0,0,0,
111410,Imperial Devices (Limsa Lominsa),Com5l0,111407,25,com5l0,0,0,0,0,0,0,0,0,0,0,0,0,0,0,0,0,0,0,0,0,0,0,0,
111411,Into the Dark (Limsa Lominsa),Com5l1,111410,45,com5l1,0,0,0,0,0,0,0,0,0,0,0,0,0,0,0,0,0,0,0,0,0,0,0,
111412,[en],Com5l2,0,0,com5l2,0,0,0,0,0,0,0,0,0,0,0,0,0,0,0,0,0,0,0,0,0,0,0,
111413,[en],Com5l3,0,0,com5l3,0,0,0,0,0,0,0,0,0,0,0,0,0,0,0,0,0,0,0,0,0,0,0,
111414,[en],Com5l4,0,0,com5l4,0,0,0,0,0,0,0,0,0,0,0,0,0,0,0,0,0,0,0,0,0,0,0,
111415,[en],Com5l5,0,0,com5l5,0,0,0,0,0,0,0,0,0,0,0,0,0,0,0,0,0,0,0,0,0,0,0,
111810,Imperial Devices (Ul'dah),Com5u0,111807,25,com5u0,0,0,0,0,0,0,0,0,0,0,0,0,0,0,0,0,0,0,0,0,0,0,0,
111811,Into the Dark (Ul'dah),Com5u1,111810,45,com5u1,0,0,0,0,0,0,0,0,0,0,0,0,0,0,0,0,0,0,0,0,0,0,0,
111812,[en],Com5u2,0,0,com5u2,0,0,0,0,0,0,0,0,0,0,0,0,0,0,0,0,0,0,0,0,0,0,0,
111813,[en],Com5u3,0,0,com5u3,0,0,0,0,0,0,0,0,0,0,0,0,0,0,0,0,0,0,0,0,0,0,0,
111814,[en],Com5u4,0,0,com5u4,0,0,0,0,0,0,0,0,0,0,0,0,0,0,0,0,0,0,0,0,0,0,0,
111815,[en],Com5u5,0,0,com5u5,0,0,0,0,0,0,0,0,0,0,0,0,0,0,0,0,0,0,0,0,0,0,0,
110440,Showdown,Cul200,0,20,cul200,0,0,0,0,0,0,0,0,0,0,0,0,0,0,0,0,0,0,0,0,0,0,0,
110441,Mystery of the Gastronome Gone Home,Cul300,0,30,cul300,0,0,0,0,0,0,0,0,0,0,0,0,0,0,0,0,0,0,0,0,0,0,0,
110442,Something in the Soup,Cul306,0,36,cul306,0,0,0,0,0,0,0,0,0,0,0,0,0,0,0,0,0,0,0,0,0,0,0,
110443,[en],Cul400,0,40,cul400,0,0,0,0,0,0,0,0,0,0,0,0,0,0,0,0,0,0,0,0,0,0,0,
110444,[en],Cul500,0,50,cul500,0,0,0,0,0,0,0,0,0,0,0,0,0,0,0,0,0,0,0,0,0,0,0,
110445,[en],Cul506,0,56,cul506,0,0,0,0,0,0,0,0,0,0,0,0,0,0,0,0,0,0,0,0,0,0,0,
110541,Small Talk,Dftfst,0,0,dftfst,19,0,0,13,0,2,0,2,0,0,1,1,0,0,0,0,13,0,0,0,0,2,0,callClientFunction:13;DoZoneChange:2;SendGameMessage:2;EndEvent:1;GetStaticActor:1
110545,Small Talk,Dftlak,0,0,dftlak,3,0,0,2,0,0,0,0,0,0,1,0,0,0,0,0,2,0,0,0,0,0,0,callClientFunction:2;EndEvent:1
110542,Small Talk,Dftroc,0,0,dftroc,3,0,0,2,0,0,0,0,0,0,1,0,0,0,0,0,2,0,0,0,0,0,0,callClientFunction:2;EndEvent:1
110540,Small Talk,Dftsea,0,0,dftsea,7,0,0,3,0,1,0,2,0,0,1,0,0,0,0,0,3,0,0,0,0,1,0,callClientFunction:3;SendGameMessage:2;EndEvent:1;DoZoneChange:1
110544,Small Talk,Dftsrt,0,0,dftsrt,1,0,0,0,0,0,0,0,0,0,1,0,0,0,0,0,0,0,0,0,0,0,0,EndEvent:1
110543,Small Talk,Dftwil,0,0,dftwil,10,0,0,5,0,1,0,2,0,0,1,1,0,0,0,0,5,0,0,0,0,1,0,callClientFunction:5;SendGameMessage:2;EndEvent:1;DoZoneChange:1;GetStaticActor:1
111321,Eye of the Dragon,Drg0j1,0,15,drg0j1,0,0,0,0,0,0,0,0,0,0,0,0,0,0,0,0,0,0,0,0,0,0,0,
111322,Lance of Fury,Drg0j2,0,15,drg0j2,0,0,0,0,0,0,0,0,0,0,0,0,0,0,0,0,0,0,0,0,0,0,0,
111323,Unfading Scars,Drg0j3,0,15,drg0j3,0,0,0,0,0,0,0,0,0,0,0,0,0,0,0,0,0,0,0,0,0,0,0,
111324,Double Dragoon,Drg0j4,0,15,drg0j4,0,0,0,0,0,0,0,0,0,0,0,0,0,0,0,0,0,0,0,0,0,0,0,
111325,Fatal Seduction,Drg0j5,0,15,drg0j5,0,0,0,0,0,0,0,0,0,0,0,0,0,0,0,0,0,0,0,0,0,0,0,
111326,Into the Dragon's Maw,Drg0j6,0,15,drg0j6,0,0,0,0,0,0,0,0,0,0,0,0,0,0,0,0,0,0,0,0,0,0,0,
110609,[en],Etc0g1,0,0,etc0g1,0,0,0,0,0,0,0,0,0,0,0,0,0,0,0,0,0,0,0,0,0,0,0,
110610,[en],Etc0g2,0,0,etc0g2,0,0,0,0,0,0,0,0,0,0,0,0,0,0,0,0,0,0,0,0,0,0,0,
110611,[en],Etc0g3,0,0,etc0g3,0,0,0,0,0,0,0,0,0,0,0,0,0,0,0,0,0,0,0,0,0,0,0,
110612,[en],Etc0g4,0,0,etc0g4,0,0,0,0,0,0,0,0,0,0,0,0,0,0,0,0,0,0,0,0,0,0,0,
110613,[en],Etc0g5,0,0,etc0g5,0,0,0,0,0,0,0,0,0,0,0,0,0,0,0,0,0,0,0,0,0,0,0,
110614,[en],Etc0g6,0,0,etc0g6,0,0,0,0,0,0,0,0,0,0,0,0,0,0,0,0,0,0,0,0,0,0,0,
110615,[en],Etc0g7,0,0,etc0g7,0,0,0,0,0,0,0,0,0,0,0,0,0,0,0,0,0,0,0,0,0,0,0,
110616,[en],Etc0g8,0,0,etc0g8,0,0,0,0,0,0,0,0,0,0,0,0,0,0,0,0,0,0,0,0,0,0,0,
110617,[en],Etc0g9,0,0,etc0g9,0,0,0,0,0,0,0,0,0,0,0,0,0,0,0,0,0,0,0,0,0,0,0,
110600,[en],Etc0l1,0,0,etc0l1,0,0,0,0,0,0,0,0,0,0,0,0,0,0,0,0,0,0,0,0,0,0,0,
110601,[en],Etc0l2,0,0,etc0l2,0,0,0,0,0,0,0,0,0,0,0,0,0,0,0,0,0,0,0,0,0,0,0,
110602,[en],Etc0l3,0,0,etc0l3,0,0,0,0,0,0,0,0,0,0,0,0,0,0,0,0,0,0,0,0,0,0,0,
110603,[en],Etc0l4,0,0,etc0l4,0,0,0,0,0,0,0,0,0,0,0,0,0,0,0,0,0,0,0,0,0,0,0,
110604,[en],Etc0l5,0,0,etc0l5,0,0,0,0,0,0,0,0,0,0,0,0,0,0,0,0,0,0,0,0,0,0,0,
110605,[en],Etc0l6,0,0,etc0l6,0,0,0,0,0,0,0,0,0,0,0,0,0,0,0,0,0,0,0,0,0,0,0,
110606,[en],Etc0l7,0,0,etc0l7,0,0,0,0,0,0,0,0,0,0,0,0,0,0,0,0,0,0,0,0,0,0,0,
110607,[en],Etc0l8,0,0,etc0l8,0,0,0,0,0,0,0,0,0,0,0,0,0,0,0,0,0,0,0,0,0,0,0,
110608,[en],Etc0l9,0,0,etc0l9,0,0,0,0,0,0,0,0,0,0,0,0,0,0,0,0,0,0,0,0,0,0,0,
110618,[en],Etc0u1,0,0,etc0u1,0,0,0,0,0,0,0,0,0,0,0,0,0,0,0,0,0,0,0,0,0,0,0,
110619,[en],Etc0u2,0,0,etc0u2,0,0,0,0,0,0,0,0,0,0,0,0,0,0,0,0,0,0,0,0,0,0,0,
110620,[en],Etc0u3,0,0,etc0u3,0,0,0,0,0,0,0,0,0,0,0,0,0,0,0,0,0,0,0,0,0,0,0,
110621,[en],Etc0u4,0,0,etc0u4,0,0,0,0,0,0,0,0,0,0,0,0,0,0,0,0,0,0,0,0,0,0,0,
110622,[en],Etc0u5,0,0,etc0u5,0,0,0,0,0,0,0,0,0,0,0,0,0,0,0,0,0,0,0,0,0,0,0,
110623,[en],Etc0u6,0,0,etc0u6,0,0,0,0,0,0,0,0,0,0,0,0,0,0,0,0,0,0,0,0,0,0,0,
110624,[en],Etc0u7,0,0,etc0u7,0,0,0,0,0,0,0,0,0,0,0,0,0,0,0,0,0,0,0,0,0,0,0,
110625,[en],Etc0u8,0,0,etc0u8,0,0,0,0,0,0,0,0,0,0,0,0,0,0,0,0,0,0,0,0,0,0,0,
110626,[en],Etc0u9,0,0,etc0u9,0,0,0,0,0,0,0,0,0,0,0,0,0,0,0,0,0,0,0,0,0,0,0,
110811,Risky Business,Etc101,0,18,etc101,26,9,0,3,8,0,0,2,0,0,2,2,1,0,1,1,3,0,3,0,0,0,0,callClientFunction:3;HasItem:3;SetENpc:3;GetStaticActor:2;AddItem:2;attentionMessage:2;UpdateENPCs:2;EndEvent:2;StartSequence:1;GetSequence:1;AcceptQuest:1;RemoveItem:1
110812,Forging the Spirit,Etc102,0,18,etc102,15,8,0,1,3,0,0,1,0,0,2,0,1,0,1,1,1,0,2,0,0,0,0,SetENpc:2;UpdateENPCs:2;EndEvent:2;HasItem:1;AddItem:1;SendGameMessage:1;StartSequence:1;GetSequence:1;AcceptQuest:1;callClientFunction:1;CompleteQuest:1;AddExp:1
110813,Joining the Spirit,Etc103,0,18,etc103,18,11,0,1,1,0,0,1,0,0,4,0,2,0,1,1,1,0,3,0,0,0,0,EndEvent:4;SetENpc:3;StartSequence:2;GetSequence:2;UpdateENPCs:2;AcceptQuest:1;attentionMessage:1;callClientFunction:1;CompleteQuest:1;AddExp:1
110814,Waking the Spirit,Etc104,0,18,etc104,17,8,0,1,3,0,0,1,0,0,4,0,1,0,1,1,1,0,2,0,0,0,0,EndEvent:4;SetENpc:2;UpdateENPCs:2;HasItem:1;AddItem:1;SendGameMessage:1;StartSequence:1;GetSequence:1;AcceptQuest:1;callClientFunction:1;CompleteQuest:1;AddExp:1
110815,[en],Etc105,0,0,etc105,0,0,0,0,0,0,0,0,0,0,0,0,0,0,0,0,0,0,0,0,0,0,0,
110868,A Relic Reborn,Etc106,0,50,etc106,0,0,0,0,0,0,0,0,0,0,0,0,0,0,0,0,0,0,0,0,0,0,0,
110654,Proceed with Caution,Etc1g0,0,10,etc1g0,0,0,0,0,0,0,0,0,0,0,0,0,0,0,0,0,0,0,0,0,0,0,0,
110655,Playing with Fire,Etc1g1,0,15,etc1g1,0,0,0,0,0,0,0,0,0,0,0,0,0,0,0,0,0,0,0,0,0,0,0,
110656,A Well-Balanced Diet,Etc1g2,0,25,etc1g2,32,16,4,8,0,0,0,2,0,0,2,0,3,0,1,1,8,0,8,0,0,0,1,SetENpc:8;callClientFunction:8;StartSequence:3;GetSequence:2;EndEvent:2;GetData:2;attentionMessage:2;AcceptQuest:1;CompleteQuest:1;UpdateENPCs:1;IncCounter:1;GetCounter:1
110657,[en],Etc1g3,0,0,etc1g3,0,0,0,0,0,0,0,0,0,0,0,0,0,0,0,0,0,0,0,0,0,0,0,
110658,The Penultimate Prank,Etc1g4,0,30,etc1g4,24,12,4,4,0,0,0,2,0,0,2,0,2,0,1,1,4,0,4,0,0,0,1,SetENpc:4;callClientFunction:4;GetSequence:3;StartSequence:2;EndEvent:2;GetData:2;attentionMessage:2;AcceptQuest:1;CompleteQuest:1;UpdateENPCs:1;IncCounter:1;GetCounter:1
110659,The Search for Sicksa,Etc1g5,0,10,etc1g5,23,11,4,4,0,0,0,2,0,0,2,0,2,0,1,1,4,0,4,0,0,0,1,SetENpc:4;callClientFunction:4;StartSequence:2;GetSequence:2;EndEvent:2;GetData:2;attentionMessage:2;AcceptQuest:1;CompleteQuest:1;UpdateENPCs:1;IncCounter:1;GetCounter:1
110660,The Ultimate Prank,Etc1g6,110658,35,etc1g6,37,17,8,8,0,0,0,2,0,0,2,0,4,0,1,1,8,0,8,0,0,0,2,SetENpc:8;callClientFunction:8;StartSequence:4;GetData:4;GetSequence:2;EndEvent:2;IncCounter:2;attentionMessage:2;GetCounter:2;AcceptQuest:1;CompleteQuest:1;UpdateENPCs:1
110661,[en],Etc1g7,0,0,etc1g7,0,0,0,0,0,0,0,0,0,0,0,0,0,0,0,0,0,0,0,0,0,0,0,
110662,Say it with Wolf Tails,Etc1g8,110640,30,etc1g8,28,15,2,6,0,0,0,3,0,0,2,0,3,0,1,1,6,0,6,0,0,0,1,SetENpc:6;callClientFunction:6;StartSequence:3;GetSequence:3;attentionMessage:3;EndEvent:2;AcceptQuest:1;CompleteQuest:1;UpdateENPCs:1;GetData:1;IncCounter:1
110663,Embarrassing Excerpts,Etc1g9,0,30,etc1g9,23,11,4,4,0,0,0,2,0,0,2,0,2,0,1,1,4,0,4,0,0,0,1,SetENpc:4;callClientFunction:4;StartSequence:2;GetSequence:2;EndEvent:2;GetData:2;attentionMessage:2;AcceptQuest:1;CompleteQuest:1;UpdateENPCs:1;IncCounter:1;GetCounter:1
110696,[en],Etc1i0,0,0,etc1i0,0,0,0,0,0,0,0,0,0,0,0,0,0,0,0,0,0,0,0,0,0,0,0,
110697,[en],Etc1i1,0,0,etc1i1,0,0,0,0,0,0,0,0,0,0,0,0,0,0,0,0,0,0,0,0,0,0,0,
110698,[en],Etc1i2,0,0,etc1i2,0,0,0,0,0,0,0,0,0,0,0,0,0,0,0,0,0,0,0,0,0,0,0,
110699,[en],Etc1i3,0,0,etc1i3,0,0,0,0,0,0,0,0,0,0,0,0,0,0,0,0,0,0,0,0,0,0,0,
110700,[en],Etc1i4,0,0,etc1i4,0,0,0,0,0,0,0,0,0,0,0,0,0,0,0,0,0,0,0,0,0,0,0,
110701,[en],Etc1i5,0,0,etc1i5,0,0,0,0,0,0,0,0,0,0,0,0,0,0,0,0,0,0,0,0,0,0,0,
110702,[en],Etc1i6,0,0,etc1i6,0,0,0,0,0,0,0,0,0,0,0,0,0,0,0,0,0,0,0,0,0,0,0,
110703,[en],Etc1i7,0,0,etc1i7,0,0,0,0,0,0,0,0,0,0,0,0,0,0,0,0,0,0,0,0,0,0,0,
110704,[en],Etc1i8,0,0,etc1i8,0,0,0,0,0,0,0,0,0,0,0,0,0,0,0,0,0,0,0,0,0,0,0,
110705,[en],Etc1i9,0,0,etc1i9,0,0,0,0,0,0,0,0,0,0,0,0,0,0,0,0,0,0,0,0,0,0,0,
110633,Assessing the Damage,Etc1l0,0,20,etc1l0,23,11,4,4,0,0,0,2,0,0,2,0,2,0,1,1,4,0,4,0,0,0,1,SetENpc:4;callClientFunction:4;StartSequence:2;GetSequence:2;EndEvent:2;GetData:2;attentionMessage:2;AcceptQuest:1;CompleteQuest:1;UpdateENPCs:1;IncCounter:1;GetCounter:1
110634,Bridging the Gap,Etc1l1,0,10,etc1l1,21,11,2,4,0,0,0,2,0,0,2,0,2,0,1,1,4,0,4,0,0,0,1,SetENpc:4;callClientFunction:4;StartSequence:2;GetSequence:2;EndEvent:2;attentionMessage:2;AcceptQuest:1;CompleteQuest:1;UpdateENPCs:1;GetData:1;IncCounter:1
110635,[en],Etc1l2,0,0,etc1l2,0,0,0,0,0,0,0,0,0,0,0,0,0,0,0,0,0,0,0,0,0,0,0,
110636,Revenge on the Reavers,Etc1l3,0,45,etc1l3,24,12,4,4,0,0,0,2,0,0,2,0,2,0,1,1,4,0,6,0,0,0,1,SetENpc:6;callClientFunction:4;StartSequence:2;EndEvent:2;GetData:2;attentionMessage:2;GetSequence:1;AcceptQuest:1;CompleteQuest:1;UpdateENPCs:1;IncCounter:1;GetCounter:1
110637,[en],Etc1l4,0,0,etc1l4,0,0,0,0,0,0,0,0,0,0,0,0,0,0,0,0,0,0,0,0,0,0,0,
110638,Till Death Do Us Part,Etc1l5,0,20,etc1l5,23,11,4,4,0,0,0,2,0,0,2,0,2,0,1,1,4,0,4,0,0,0,1,SetENpc:4;callClientFunction:4;StartSequence:2;GetSequence:2;EndEvent:2;GetData:2;attentionMessage:2;AcceptQuest:1;CompleteQuest:1;UpdateENPCs:1;IncCounter:1;GetCounter:1
110639,Beryl Overboard,Etc1l6,110638,20,etc1l6,23,11,4,4,0,0,0,2,0,0,2,0,2,0,1,1,4,0,4,0,0,0,1,SetENpc:4;callClientFunction:4;StartSequence:2;GetSequence:2;EndEvent:2;GetData:2;attentionMessage:2;AcceptQuest:1;CompleteQuest:1;UpdateENPCs:1;IncCounter:1;GetCounter:1
110640,Have You Seen My Son,Etc1l7,0,30,etc1l7,33,17,4,8,0,0,0,2,0,0,2,0,4,0,1,1,8,0,8,0,0,0,1,SetENpc:8;callClientFunction:8;StartSequence:4;GetSequence:2;EndEvent:2;GetData:2;attentionMessage:2;AcceptQuest:1;CompleteQuest:1;UpdateENPCs:1;IncCounter:1;GetCounter:1
110641,Food for Thought,Etc1l8,0,20,etc1l8,78,17,35,19,0,0,0,2,0,2,3,0,2,0,1,1,19,0,8,0,0,0,1,GetFlag:25;callClientFunction:19;SetENpc:8;SetFlag:5;GetData:4;EndEvent:3;UpdateENPCs:3;StartSequence:2;GetSequence:2;attentionMessage:2;AcceptQuest:1;CompleteQuest:1
110642,Seashells by the Seashore,Etc1l9,0,20,etc1l9,0,0,0,0,0,0,0,0,0,0,0,0,0,0,0,0,0,0,0,0,0,0,0,
110675,A Knock in the Night,Etc1u0,0,35,etc1u0,23,11,4,4,0,0,0,2,0,0,2,0,2,0,1,1,4,0,4,0,0,0,1,SetENpc:4;callClientFunction:4;StartSequence:2;GetSequence:2;EndEvent:2;GetData:2;attentionMessage:2;AcceptQuest:1;CompleteQuest:1;UpdateENPCs:1;IncCounter:1;GetCounter:1
110676,Sleepless in Eorzea,Etc1u1,0,10,etc1u1,23,11,4,4,0,0,0,2,0,0,2,0,2,0,1,1,4,0,4,0,0,0,1,SetENpc:4;callClientFunction:4;StartSequence:2;GetSequence:2;EndEvent:2;GetData:2;attentionMessage:2;AcceptQuest:1;CompleteQuest:1;UpdateENPCs:1;IncCounter:1;GetCounter:1
110677,Dressed to Be Killed,Etc1u2,0,45,etc1u2,21,10,2,4,0,0,0,3,0,0,2,0,2,0,1,1,4,0,4,0,0,0,0,SetENpc:4;callClientFunction:4;StartSequence:2;EndEvent:2;SendGameMessage:2;GetSequence:1;AcceptQuest:1;CompleteQuest:1;UpdateENPCs:1;attentionMessage:1;GetData:1;GetCounter:1
110678,[en],Etc1u3,0,0,etc1u3,0,0,0,0,0,0,0,0,0,0,0,0,0,0,0,0,0,0,0,0,0,0,0,
110679,The Customer Comes First,Etc1u4,0,30,etc1u4,32,17,4,7,0,0,0,2,0,0,2,0,3,0,1,1,7,0,9,0,0,0,1,SetENpc:9;callClientFunction:7;StartSequence:3;GetSequence:2;EndEvent:2;GetData:2;attentionMessage:2;AcceptQuest:1;CompleteQuest:1;UpdateENPCs:1;IncCounter:1;GetCounter:1
110680,An Inconvenient Dodo,Etc1u5,0,15,etc1u5,23,11,4,4,0,0,0,2,0,0,2,0,2,0,1,1,4,0,4,0,0,0,1,SetENpc:4;callClientFunction:4;StartSequence:2;GetSequence:2;EndEvent:2;GetData:2;attentionMessage:2;AcceptQuest:1;CompleteQuest:1;UpdateENPCs:1;IncCounter:1;GetCounter:1
110681,Besmitten and Besmirched,Etc1u6,0,15,etc1u6,23,11,4,4,0,0,0,2,0,0,2,0,2,0,1,1,4,0,4,0,0,0,1,SetENpc:4;callClientFunction:4;StartSequence:2;GetSequence:2;EndEvent:2;GetData:2;attentionMessage:2;AcceptQuest:1;CompleteQuest:1;UpdateENPCs:1;IncCounter:1;GetCounter:1
110682,Clasping to Hope,Etc1u7,0,34,etc1u7,0,0,0,0,0,0,0,0,0,0,0,0,0,0,0,0,0,0,0,0,0,0,0,
110683,Traumaturgy,Etc1u8,110682,36,etc1u8,0,0,0,0,0,0,0,0,0,0,0,0,0,0,0,0,0,0,0,0,0,0,0,
110684,Best Flower Ever,Etc1u9,0,10,etc1u9,0,0,0,0,0,0,0,0,0,0,0,0,0,0,0,0,0,0,0,0,0,0,0,
110818,A Light in the Dark,Etc200,0,45,etc200,0,0,0,0,0,0,0,0,0,0,0,0,0,0,0,0,0,0,0,0,0,0,0,
110819,What Glitters Always Isn't Gold,Etc201,0,45,etc201,0,0,0,0,0,0,0,0,0,0,0,0,0,0,0,0,0,0,0,0,0,0,0,
110820;110821;110822;110823;110824,[en];the Thousand Maws of Toto’Rak;Dzemael Darkhold;Aurum Vale;Cutter's Cry,Etc202;Etc202;Etc202;Etc202;Etc202,0;0;0;0;0,1;1;1;1;1,etc202,0,0,0,0,0,0,0,0,0,0,0,0,0,0,0,0,0,0,0,0,0,0,0,
110664,A Forbidden Love,Etc2g0,110663,30,etc2g0,30,15,4,7,0,0,0,2,0,0,2,0,3,0,1,1,7,0,7,0,0,0,1,SetENpc:7;callClientFunction:7;StartSequence:3;GetSequence:2;EndEvent:2;GetData:2;attentionMessage:2;AcceptQuest:1;CompleteQuest:1;UpdateENPCs:1;IncCounter:1;GetCounter:1
110665,Last Respects,Etc2g1,0,40,etc2g1,23,11,4,4,0,0,0,2,0,0,2,0,2,0,1,1,4,0,4,0,0,0,1,SetENpc:4;callClientFunction:4;StartSequence:2;GetSequence:2;EndEvent:2;GetData:2;attentionMessage:2;AcceptQuest:1;CompleteQuest:1;UpdateENPCs:1;IncCounter:1;GetCounter:1
110666,Stone Deaf,Etc2g2,0,18,etc2g2,23,11,4,4,0,0,0,2,0,0,2,0,2,0,1,1,4,0,4,0,0,0,1,SetENpc:4;callClientFunction:4;StartSequence:2;GetSequence:2;EndEvent:2;GetData:2;attentionMessage:2;AcceptQuest:1;CompleteQuest:1;UpdateENPCs:1;IncCounter:1;GetCounter:1
110667,Hunting the Hunters,Etc2g3,0,24,etc2g3,0,0,0,0,0,0,0,0,0,0,0,0,0,0,0,0,0,0,0,0,0,0,0,
110668,To Deskunk A Beer,Etc2g4,0,31,etc2g4,0,0,0,0,0,0,0,0,0,0,0,0,0,0,0,0,0,0,0,0,0,0,0,
110669,Losing One's Thread,Etc2g5,0,25,etc2g5,0,0,0,0,0,0,0,0,0,0,0,0,0,0,0,0,0,0,0,0,0,0,0,
110670,[en],Etc2g6,0,0,etc2g6,0,0,0,0,0,0,0,0,0,0,0,0,0,0,0,0,0,0,0,0,0,0,0,
110671,[en],Etc2g7,0,0,etc2g7,0,0,0,0,0,0,0,0,0,0,0,0,0,0,0,0,0,0,0,0,0,0,0,
110672,[en],Etc2g8,0,0,etc2g8,0,0,0,0,0,0,0,0,0,0,0,0,0,0,0,0,0,0,0,0,0,0,0,
110673,[en],Etc2g9,0,0,etc2g9,0,0,0,0,0,0,0,0,0,0,0,0,0,0,0,0,0,0,0,0,0,0,0,
110706,Counting Sheep,Etc2i0,0,25,etc2i0,21,11,2,4,0,0,0,2,0,0,2,0,2,0,1,1,4,0,4,0,0,0,1,SetENpc:4;callClientFunction:4;StartSequence:2;GetSequence:2;EndEvent:2;attentionMessage:2;AcceptQuest:1;CompleteQuest:1;UpdateENPCs:1;GetData:1;IncCounter:1
110707,A Hypocritical Oath,Etc2i1,0,25,etc2i1,23,11,4,4,0,0,0,2,0,0,2,0,2,0,1,1,4,0,4,0,0,0,1,SetENpc:4;callClientFunction:4;StartSequence:2;GetSequence:2;EndEvent:2;GetData:2;attentionMessage:2;AcceptQuest:1;CompleteQuest:1;UpdateENPCs:1;IncCounter:1;GetCounter:1
110708,Blood Price,Etc2i2,0,45,etc2i2,0,0,0,0,0,0,0,0,0,0,0,0,0,0,0,0,0,0,0,0,0,0,0,
110709,[en],Etc2i3,0,0,etc2i3,0,0,0,0,0,0,0,0,0,0,0,0,0,0,0,0,0,0,0,0,0,0,0,
110710,[en],Etc2i4,0,0,etc2i4,0,0,0,0,0,0,0,0,0,0,0,0,0,0,0,0,0,0,0,0,0,0,0,
110711,[en],Etc2i5,0,0,etc2i5,0,0,0,0,0,0,0,0,0,0,0,0,0,0,0,0,0,0,0,0,0,0,0,
110712,[en],Etc2i6,0,0,etc2i6,0,0,0,0,0,0,0,0,0,0,0,0,0,0,0,0,0,0,0,0,0,0,0,
110713,[en],Etc2i7,0,0,etc2i7,0,0,0,0,0,0,0,0,0,0,0,0,0,0,0,0,0,0,0,0,0,0,0,
110714,[en],Etc2i8,0,0,etc2i8,0,0,0,0,0,0,0,0,0,0,0,0,0,0,0,0,0,0,0,0,0,0,0,
110715,[en],Etc2i9,0,0,etc2i9,0,0,0,0,0,0,0,0,0,0,0,0,0,0,0,0,0,0,0,0,0,0,0,
110643,Fishing for Answers,Etc2l0,0,25,etc2l0,21,11,2,4,0,0,0,2,0,0,2,0,2,0,1,1,4,0,4,0,0,0,1,SetENpc:4;callClientFunction:4;StartSequence:2;GetSequence:2;EndEvent:2;attentionMessage:2;AcceptQuest:1;CompleteQuest:1;UpdateENPCs:1;GetData:1;IncCounter:1
110644,Moonstruck,Etc2l1,0,20,etc2l1,0,0,0,0,0,0,0,0,0,0,0,0,0,0,0,0,0,0,0,0,0,0,0,
110645,[en],Etc2l2,0,0,etc2l2,0,0,0,0,0,0,0,0,0,0,0,0,0,0,0,0,0,0,0,0,0,0,0,
110646,A Misty Past,Etc2l3,0,17,etc2l3,22,14,0,5,0,0,0,1,0,0,2,0,3,0,1,1,5,0,6,0,0,0,0,SetENpc:6;callClientFunction:5;StartSequence:3;GetSequence:2;EndEvent:2;AcceptQuest:1;attentionMessage:1;CompleteQuest:1;UpdateENPCs:1
110647,[en],Etc2l4,0,0,etc2l4,0,0,0,0,0,0,0,0,0,0,0,0,0,0,0,0,0,0,0,0,0,0,0,
110648,Carving a Name,Etc2l5,0,47,etc2l5,0,0,0,0,0,0,0,0,0,0,0,0,0,0,0,0,0,0,0,0,0,0,0,
110649,[en],Etc2l6,0,0,etc2l6,0,0,0,0,0,0,0,0,0,0,0,0,0,0,0,0,0,0,0,0,0,0,0,
110650,[en],Etc2l7,0,0,etc2l7,0,0,0,0,0,0,0,0,0,0,0,0,0,0,0,0,0,0,0,0,0,0,0,
110651,[en],Etc2l8,0,0,etc2l8,0,0,0,0,0,0,0,0,0,0,0,0,0,0,0,0,0,0,0,0,0,0,0,
110652,[en],Etc2l9,0,0,etc2l9,0,0,0,0,0,0,0,0,0,0,0,0,0,0,0,0,0,0,0,0,0,0,0,
110685,The Unheard Horizon,Etc2u0,0,20,etc2u0,0,0,0,0,0,0,0,0,0,0,0,0,0,0,0,0,0,0,0,0,0,0,0,
110686,Freedom Isn't Free,Etc2u1,0,32,etc2u1,23,11,4,4,0,0,0,2,0,0,2,0,2,0,1,1,4,0,4,0,0,0,1,SetENpc:4;callClientFunction:4;StartSequence:2;GetSequence:2;EndEvent:2;GetData:2;attentionMessage:2;AcceptQuest:1;CompleteQuest:1;UpdateENPCs:1;IncCounter:1;GetCounter:1
110687,Ore for an Ore,Etc2u2,0,28,etc2u2,23,11,4,4,0,0,0,2,0,0,2,0,2,0,1,1,4,0,4,0,0,0,1,SetENpc:4;callClientFunction:4;StartSequence:2;GetSequence:2;EndEvent:2;GetData:2;attentionMessage:2;AcceptQuest:1;CompleteQuest:1;UpdateENPCs:1;IncCounter:1;GetCounter:1
110688,[en],Etc2u3,0,0,etc2u3,0,0,0,0,0,0,0,0,0,0,0,0,0,0,0,0,0,0,0,0,0,0,0,
110689,[en],Etc2u4,0,0,etc2u4,0,0,0,0,0,0,0,0,0,0,0,0,0,0,0,0,0,0,0,0,0,0,0,
110690,No Other Dodo Will Do,Etc2u5,0,15,etc2u5,0,0,0,0,0,0,0,0,0,0,0,0,0,0,0,0,0,0,0,0,0,0,0,
110691,[en],Etc2u6,0,0,etc2u6,0,0,0,0,0,0,0,0,0,0,0,0,0,0,0,0,0,0,0,0,0,0,0,
110692,[en],Etc2u7,0,0,etc2u7,0,0,0,0,0,0,0,0,0,0,0,0,0,0,0,0,0,0,0,0,0,0,0,
110693,[en],Etc2u8,0,0,etc2u8,0,0,0,0,0,0,0,0,0,0,0,0,0,0,0,0,0,0,0,0,0,0,0,
110694,[en],Etc2u9,0,0,etc2u9,0,0,0,0,0,0,0,0,0,0,0,0,0,0,0,0,0,0,0,0,0,0,0,
110810,Call of Booty,Etc303,110737,15,etc303,14,8,0,4,0,0,0,0,0,0,2,0,1,0,1,1,4,0,3,0,0,0,0,callClientFunction:4;SetENpc:3;EndEvent:2;StartSequence:1;GetSequence:1;AcceptQuest:1;CompleteQuest:1;UpdateENPCs:1
110869,Living on a Prayer,Etc304,0,45,etc304,0,0,0,0,0,0,0,0,0,0,0,0,0,0,0,0,0,0,0,0,0,0,0,
110674,Seeing the Seers,Etc3g0,0,5,etc3g0,63,15,30,14,0,0,0,2,0,0,2,0,2,0,1,1,14,0,8,0,0,0,1,GetFlag:20;callClientFunction:14;SetENpc:8;SetFlag:5;GetData:4;StartSequence:2;EndEvent:2;attentionMessage:2;UpdateENPCs:2;GetSequence:1;AcceptQuest:1;IncCounter:1
110735,Scrubbing the Soul,Etc3g1,0,15,etc3g1,0,0,0,0,0,0,0,0,0,0,0,0,0,0,0,0,0,0,0,0,0,0,0,
110736,Disorganized Crime,Etc3g2,0,21,etc3g2,0,0,0,0,0,0,0,0,0,0,0,0,0,0,0,0,0,0,0,0,0,0,0,
110737,A Slippery Stone,Etc3g3,0,15,etc3g3,21,12,0,6,0,0,0,1,0,0,2,0,2,0,1,1,6,0,5,0,0,0,0,callClientFunction:6;SetENpc:5;StartSequence:2;GetSequence:2;EndEvent:2;SendGameMessage:1;AcceptQuest:1;CompleteQuest:1;UpdateENPCs:1
110738,[en],Etc3g4,0,0,etc3g4,0,0,0,0,0,0,0,0,0,0,0,0,0,0,0,0,0,0,0,0,0,0,0,
110739,[en],Etc3g5,0,0,etc3g5,0,0,0,0,0,0,0,0,0,0,0,0,0,0,0,0,0,0,0,0,0,0,0,
110740,[en],Etc3g6,0,0,etc3g6,0,0,0,0,0,0,0,0,0,0,0,0,0,0,0,0,0,0,0,0,0,0,0,
110741,[en],Etc3g7,0,0,etc3g7,0,0,0,0,0,0,0,0,0,0,0,0,0,0,0,0,0,0,0,0,0,0,0,
110742,[en],Etc3g8,0,0,etc3g8,0,0,0,0,0,0,0,0,0,0,0,0,0,0,0,0,0,0,0,0,0,0,0,
110743,[en],Etc3g9,0,0,etc3g9,0,0,0,0,0,0,0,0,0,0,0,0,0,0,0,0,0,0,0,0,0,0,0,
110716,[en],Etc3i0,0,0,etc3i0,0,0,0,0,0,0,0,0,0,0,0,0,0,0,0,0,0,0,0,0,0,0,0,
110717,[en],Etc3i1,0,0,etc3i1,0,0,0,0,0,0,0,0,0,0,0,0,0,0,0,0,0,0,0,0,0,0,0,
110718,[en],Etc3i2,0,0,etc3i2,0,0,0,0,0,0,0,0,0,0,0,0,0,0,0,0,0,0,0,0,0,0,0,
110719,[en],Etc3i3,0,0,etc3i3,0,0,0,0,0,0,0,0,0,0,0,0,0,0,0,0,0,0,0,0,0,0,0,
110720,[en],Etc3i4,0,0,etc3i4,0,0,0,0,0,0,0,0,0,0,0,0,0,0,0,0,0,0,0,0,0,0,0,
110721,[en],Etc3i5,0,0,etc3i5,0,0,0,0,0,0,0,0,0,0,0,0,0,0,0,0,0,0,0,0,0,0,0,
110722,[en],Etc3i6,0,0,etc3i6,0,0,0,0,0,0,0,0,0,0,0,0,0,0,0,0,0,0,0,0,0,0,0,
110723,[en],Etc3i7,0,0,etc3i7,0,0,0,0,0,0,0,0,0,0,0,0,0,0,0,0,0,0,0,0,0,0,0,
110724,[en],Etc3i8,0,0,etc3i8,0,0,0,0,0,0,0,0,0,0,0,0,0,0,0,0,0,0,0,0,0,0,0,
110725,[en],Etc3i9,0,0,etc3i9,0,0,0,0,0,0,0,0,0,0,0,0,0,0,0,0,0,0,0,0,0,0,0,
110653,The Tug of the Whorl,Etc3l0,0,5,etc3l0,62,15,29,14,0,0,0,2,0,0,2,0,2,0,1,1,14,0,8,0,0,0,1,GetFlag:20;callClientFunction:14;SetENpc:8;SetFlag:5;GetData:3;StartSequence:2;EndEvent:2;attentionMessage:2;UpdateENPCs:2;GetSequence:1;AcceptQuest:1;IncCounter:1
110744,Winds of Change,Etc3l1,0,15,etc3l1,0,0,0,0,0,0,0,0,0,0,0,0,0,0,0,0,0,0,0,0,0,0,0,
110745,Shot Through the Heart,Etc3l2,0,21,etc3l2,0,0,0,0,0,0,0,0,0,0,0,0,0,0,0,0,0,0,0,0,0,0,0,
110746,What a Pirate Wants,Etc3l3,0,15,etc3l3,21,12,0,6,0,0,0,1,0,0,2,0,2,0,1,1,6,0,5,0,0,0,0,callClientFunction:6;SetENpc:5;StartSequence:2;GetSequence:2;EndEvent:2;AcceptQuest:1;SendGameMessage:1;CompleteQuest:1;UpdateENPCs:1
110747,[en],Etc3l4,0,0,etc3l4,0,0,0,0,0,0,0,0,0,0,0,0,0,0,0,0,0,0,0,0,0,0,0,
110748,[en],Etc3l5,0,0,etc3l5,0,0,0,0,0,0,0,0,0,0,0,0,0,0,0,0,0,0,0,0,0,0,0,
110749,[en],Etc3l6,0,0,etc3l6,0,0,0,0,0,0,0,0,0,0,0,0,0,0,0,0,0,0,0,0,0,0,0,
110750,[en],Etc3l7,0,0,etc3l7,0,0,0,0,0,0,0,0,0,0,0,0,0,0,0,0,0,0,0,0,0,0,0,
110751,[en],Etc3l8,0,0,etc3l8,0,0,0,0,0,0,0,0,0,0,0,0,0,0,0,0,0,0,0,0,0,0,0,
110752,[en],Etc3l9,0,0,etc3l9,0,0,0,0,0,0,0,0,0,0,0,0,0,0,0,0,0,0,0,0,0,0,0,
110695,A Call to Arms,Etc3u0,0,5,etc3u0,62,15,29,14,0,0,0,2,0,0,2,0,2,0,1,1,14,0,8,0,0,0,1,GetFlag:20;callClientFunction:14;SetENpc:8;SetFlag:5;GetData:3;StartSequence:2;EndEvent:2;attentionMessage:2;UpdateENPCs:2;GetSequence:1;AcceptQuest:1;IncCounter:1
110726,Quid Pro Quo,Etc3u1,0,15,etc3u1,0,0,0,0,0,0,0,0,0,0,0,0,0,0,0,0,0,0,0,0,0,0,0,
110727,There Might Be Blood,Etc3u2,0,21,etc3u2,0,0,0,0,0,0,0,0,0,0,0,0,0,0,0,0,0,0,0,0,0,0,0,
110728,Cutthroat Prices,Etc3u3,0,15,etc3u3,21,12,0,6,0,0,0,1,0,0,2,0,2,0,1,1,6,0,5,0,0,0,0,callClientFunction:6;SetENpc:5;StartSequence:2;GetSequence:2;EndEvent:2;SendGameMessage:1;AcceptQuest:1;CompleteQuest:1;UpdateENPCs:1
110729,[en],Etc3u4,0,0,etc3u4,0,0,0,0,0,0,0,0,0,0,0,0,0,0,0,0,0,0,0,0,0,0,0,
110730,[en],Etc3u5,0,0,etc3u5,0,0,0,0,0,0,0,0,0,0,0,0,0,0,0,0,0,0,0,0,0,0,0,
110731,[en],Etc3u6,0,0,etc3u6,0,0,0,0,0,0,0,0,0,0,0,0,0,0,0,0,0,0,0,0,0,0,0,
110732,[en],Etc3u7,0,0,etc3u7,0,0,0,0,0,0,0,0,0,0,0,0,0,0,0,0,0,0,0,0,0,0,0,
110733,[en],Etc3u8,0,0,etc3u8,0,0,0,0,0,0,0,0,0,0,0,0,0,0,0,0,0,0,0,0,0,0,0,
110734,Monster of Maw Most Massive,Etc3u9,0,45,etc3u9,22,10,4,4,0,0,0,2,0,0,2,0,2,0,1,1,4,0,4,0,0,0,1,SetENpc:4;callClientFunction:4;StartSequence:2;EndEvent:2;GetData:2;attentionMessage:2;GetSequence:1;AcceptQuest:1;CompleteQuest:1;UpdateENPCs:1;IncCounter:1;GetCounter:1
110828,Waste Not Want Not,Etc5g0,110006,1,etc5g0,20,10,0,6,0,0,0,1,0,1,2,0,2,0,1,1,6,0,5,0,0,0,0,callClientFunction:6;SetENpc:5;StartSequence:2;EndEvent:2;AcceptQuest:1;wait:1;attentionMessage:1;CompleteQuest:1;UpdateENPCs:1
110829,In Plain Sight,Etc5g1,110849,15,etc5g1,48,23,0,12,2,1,0,8,0,0,2,0,2,0,1,0,12,0,17,1,0,0,0,SetENpc:17;callClientFunction:12;SendGameMessage:6;StartSequence:2;HasItem:2;UpdateENPCs:2;EndEvent:2;SetQuestGraphic:1;CompleteQuest:1;attentionMessage:1;WarpToPrivateArea:1;SendMessage:1
110838,The Ink Thief,Etc5l0,110002,1,etc5l0,20,10,0,6,0,0,0,2,0,0,2,0,2,0,1,1,6,0,5,0,0,0,0,callClientFunction:6;SetENpc:5;StartSequence:2;EndEvent:2;attentionMessage:2;AcceptQuest:1;CompleteQuest:1;UpdateENPCs:1
110839,Private Eyes,Etc5l1,110829,15,etc5l1,32,12,0,8,2,2,0,6,0,0,2,0,2,0,1,0,8,0,6,1,1,0,0,callClientFunction:8;SetENpc:6;SendGameMessage:5;StartSequence:2;HasItem:2;UpdateENPCs:2;EndEvent:2;SetQuestGraphic:1;WarpToPublicArea:1;WarpToPrivateArea:1;CompleteQuest:1;SendMessage:1
110840,Mysteries of the Red Moon,Etc5l2,110839,20,etc5l2,31,14,0,8,0,3,0,2,0,0,4,0,2,0,1,1,8,0,8,0,0,3,0,SetENpc:8;callClientFunction:8;EndEvent:4;DoZoneChange:3;StartSequence:2;UpdateENPCs:2;SendGameMessage:2;AcceptQuest:1;CompleteQuest:1
110841,Prophecy Inspection,Etc5l3,110840,20,etc5l3,72,23,26,12,1,2,0,4,0,1,3,0,3,0,1,0,12,0,17,1,1,0,1,SetENpc:17;GetFlag:15;callClientFunction:12;GetData:5;SetFlag:5;StartSequence:3;EndEvent:3;SendGameMessage:2;attentionMessage:2;UpdateENPCs:2;HasItem:1;IncCounter:1
110848,Ring of Deceit,Etc5u0,110010,1,etc5u0,18,10,0,6,0,0,0,1,0,0,1,0,2,0,1,1,6,0,5,0,0,0,0,callClientFunction:6;SetENpc:5;StartSequence:2;AcceptQuest:1;attentionMessage:1;CompleteQuest:1;EndEvent:1;UpdateENPCs:1
110849,The Usual Suspect,Etc5u1,0,15,etc5u1,41,17,0,11,2,1,0,7,0,0,3,0,2,0,1,0,11,0,11,1,0,0,0,SetENpc:11;callClientFunction:11;SendGameMessage:5;EndEvent:3;StartSequence:2;HasItem:2;UpdateENPCs:2;SetQuestGraphic:1;attentionMessage:1;CompleteQuest:1;WarpToPrivateArea:1;SendMessage:1
110850,[en],Etc5u2,0,1,etc5u2,0,0,0,0,0,0,0,0,0,0,0,0,0,0,0,0,0,0,0,0,0,0,0,
110851,[en],Etc5u3,0,1,etc5u3,0,0,0,0,0,0,0,0,0,0,0,0,0,0,0,0,0,0,0,0,0,0,0,
110100,Bloody Baptism,Exc200,0,20,exc200,0,0,0,0,0,0,0,0,0,0,0,0,0,0,0,0,0,0,0,0,0,0,0,
110101,Two-man Crew,Exc300,0,30,exc300,0,0,0,0,0,0,0,0,0,0,0,0,0,0,0,0,0,0,0,0,0,0,0,
110102,Captain's Orders,Exc306,0,36,exc306,0,0,0,0,0,0,0,0,0,0,0,0,0,0,0,0,0,0,0,0,0,0,0,
110103,[en],Exc400,0,40,exc400,0,0,0,0,0,0,0,0,0,0,0,0,0,0,0,0,0,0,0,0,0,0,0,
110104,[en],Exc500,0,50,exc500,0,0,0,0,0,0,0,0,0,0,0,0,0,0,0,0,0,0,0,0,0,0,0,
110105,[en],Exc506,0,56,exc506,0,0,0,0,0,0,0,0,0,0,0,0,0,0,0,0,0,0,0,0,0,0,0,
110500,To Fight a Fishback,Fsh200,0,20,fsh200,0,0,0,0,0,0,0,0,0,0,0,0,0,0,0,0,0,0,0,0,0,0,0,
110501,The Beast of the Barrel,Fsh300,0,30,fsh300,0,0,0,0,0,0,0,0,0,0,0,0,0,0,0,0,0,0,0,0,0,0,0,
110502,Polishing the Mast,Fsh306,0,36,fsh306,0,0,0,0,0,0,0,0,0,0,0,0,0,0,0,0,0,0,0,0,0,0,0,
110503,[en],Fsh400,0,40,fsh400,0,0,0,0,0,0,0,0,0,0,0,0,0,0,0,0,0,0,0,0,0,0,0,
110504,[en],Fsh500,0,50,fsh500,0,0,0,0,0,0,0,0,0,0,0,0,0,0,0,0,0,0,0,0,0,0,0,
110505,[en],Fsh506,0,56,fsh506,0,0,0,0,0,0,0,0,0,0,0,0,0,0,0,0,0,0,0,0,0,0,0,
,,,,,gc_quest_template,9,6,0,0,2,0,0,0,0,0,1,0,2,0,1,0,0,0,2,0,0,0,0,StartSequence:2;SetENpc:2;GetSequence:1;AddExp:1;AddGil:1;CompleteQuest:1;EndEvent:1
111616,It Kills with Fire (Gridania),Gcg101,111607,30,gcg101,0,0,0,0,0,0,0,0,0,0,0,0,0,0,0,0,0,0,0,0,0,0,0,
111627,Two Vans are Better than One,Gcg102,111616,40,gcg102,0,0,0,0,0,0,0,0,0,0,0,0,0,0,0,0,0,0,0,0,0,0,0,
111629,Shadow of the Raven,Gcg103,111628,45,gcg103,0,0,0,0,0,0,0,0,0,0,0,0,0,0,0,0,0,0,0,0,0,0,0,
111630,In for Garuda Wakening (Gridania),Gcg104,111629,45,gcg104,0,0,0,0,0,0,0,0,0,0,0,0,0,0,0,0,0,0,0,0,0,0,0,
111631,Don't Hate the Messenger (Gridania),Gcg105,111630,45,gcg105,0,0,0,0,0,0,0,0,0,0,0,0,0,0,0,0,0,0,0,0,0,0,0,
111632,United We Stand (Gridania),Gcg106,111631,45,gcg106,0,0,0,0,0,0,0,0,0,0,0,0,0,0,0,0,0,0,0,0,0,0,0,
111633,To Kill a Raven (Gridania),Gcg107,111634,45,gcg107,0,0,0,0,0,0,0,0,0,0,0,0,0,0,0,0,0,0,0,0,0,0,0,
111617,Eternal Recurrence,Gcg301,111607,25,gcg301,0,0,0,0,0,0,0,0,0,0,0,0,0,0,0,0,0,0,0,0,0,0,0,
111618,The Pen Is Mightier Than the Spear,Gcg302,111617,25,gcg302,0,0,0,0,0,0,0,0,0,0,0,0,0,0,0,0,0,0,0,0,0,0,0,
111619,Woes of the Botanist,Gcg303,111618,40,gcg303,0,0,0,0,0,0,0,0,0,0,0,0,0,0,0,0,0,0,0,0,0,0,0,
111620,Gone with the Wind,Gcg304,111619,45,gcg304,0,0,0,0,0,0,0,0,0,0,0,0,0,0,0,0,0,0,0,0,0,0,0,
111626,A Taste for Death,Gcg305,111620,50,gcg305,0,0,0,0,0,0,0,0,0,0,0,0,0,0,0,0,0,0,0,0,0,0,0,
111621,[en],Gcg501,0,0,gcg501,0,0,0,0,0,0,0,0,0,0,0,0,0,0,0,0,0,0,0,0,0,0,0,
111622,[en],Gcg502,0,0,gcg502,0,0,0,0,0,0,0,0,0,0,0,0,0,0,0,0,0,0,0,0,0,0,0,
111623,[en],Gcg601,0,0,gcg601,0,0,0,0,0,0,0,0,0,0,0,0,0,0,0,0,0,0,0,0,0,0,0,
111624,[en],Gcg602,0,0,gcg602,0,0,0,0,0,0,0,0,0,0,0,0,0,0,0,0,0,0,0,0,0,0,0,
111625,[en],Gcg603,0,0,gcg603,0,0,0,0,0,0,0,0,0,0,0,0,0,0,0,0,0,0,0,0,0,0,0,
111628,You Don't Have the Rite,Gcg701,111627,45,gcg701,0,0,0,0,0,0,0,0,0,0,0,0,0,0,0,0,0,0,0,0,0,0,0,
111634,Cure for the Common Pox,Gcg702,111632,50,gcg702,0,0,0,0,0,0,0,0,0,0,0,0,0,0,0,0,0,0,0,0,0,0,0,
111416,It Kills with Fire (Limsa Lominsa),Gcl101,111407,30,gcl101,0,0,0,0,0,0,0,0,0,0,0,0,0,0,0,0,0,0,0,0,0,0,0,
111427,Alive,Gcl102,111416,40,gcl102,0,0,0,0,0,0,0,0,0,0,0,0,0,0,0,0,0,0,0,0,0,0,0,
111429,Deus ex Machina,Gcl103,111428,45,gcl103,0,0,0,0,0,0,0,0,0,0,0,0,0,0,0,0,0,0,0,0,0,0,0,
111430,In for Garuda Wakening (Limsa Lominsa),Gcl104,111429,45,gcl104,0,0,0,0,0,0,0,0,0,0,0,0,0,0,0,0,0,0,0,0,0,0,0,
111431,Don't Hate the Messenger (Limsa Lominsa),Gcl105,111430,45,gcl105,0,0,0,0,0,0,0,0,0,0,0,0,0,0,0,0,0,0,0,0,0,0,0,
111432,United We Stand (Limsa Lominsa),Gcl106,111431,45,gcl106,0,0,0,0,0,0,0,0,0,0,0,0,0,0,0,0,0,0,0,0,0,0,0,
111433,To Kill a Raven (Limsa Lominsa),Gcl107,111434,45,gcl107,0,0,0,0,0,0,0,0,0,0,0,0,0,0,0,0,0,0,0,0,0,0,0,
111417,The Cove,Gcl301,111407,25,gcl301,0,0,0,0,0,0,0,0,0,0,0,0,0,0,0,0,0,0,0,0,0,0,0,
111418,Saving the Stead Instead,Gcl302,111417,25,gcl302,0,0,0,0,0,0,0,0,0,0,0,0,0,0,0,0,0,0,0,0,0,0,0,
111419,It's a Piece of Cake to Bake a Poison Cake,Gcl303,111418,40,gcl303,0,0,0,0,0,0,0,0,0,0,0,0,0,0,0,0,0,0,0,0,0,0,0,
111420,Kobold and the Beautiful,Gcl304,111419,45,gcl304,0,0,0,0,0,0,0,0,0,0,0,0,0,0,0,0,0,0,0,0,0,0,0,
111426,Oil Crisis,Gcl305,111420,50,gcl305,0,0,0,0,0,0,0,0,0,0,0,0,0,0,0,0,0,0,0,0,0,0,0,
111421,[en],Gcl501,0,0,gcl501,0,0,0,0,0,0,0,0,0,0,0,0,0,0,0,0,0,0,0,0,0,0,0,
111422,[en],Gcl502,0,0,gcl502,0,0,0,0,0,0,0,0,0,0,0,0,0,0,0,0,0,0,0,0,0,0,0,
111423,[en],Gcl601,0,0,gcl601,0,0,0,0,0,0,0,0,0,0,0,0,0,0,0,0,0,0,0,0,0,0,0,
111424,[en],Gcl602,0,0,gcl602,0,0,0,0,0,0,0,0,0,0,0,0,0,0,0,0,0,0,0,0,0,0,0,
111425,[en],Gcl603,0,0,gcl603,0,0,0,0,0,0,0,0,0,0,0,0,0,0,0,0,0,0,0,0,0,0,0,
111428,The Weakest Link,Gcl701,111427,45,gcl701,0,0,0,0,0,0,0,0,0,0,0,0,0,0,0,0,0,0,0,0,0,0,0,
111434,"Patrol, Interrupted",Gcl702,111432,50,gcl702,0,0,0,0,0,0,0,0,0,0,0,0,0,0,0,0,0,0,0,0,0,0,0,
111816,It Kills with Fire (Ul'dah),Gcu101,111807,30,gcu101,0,0,0,0,0,0,0,0,0,0,0,0,0,0,0,0,0,0,0,0,0,0,0,
111827,"Like Father, Like Son",Gcu102,111816,40,gcu102,0,0,0,0,0,0,0,0,0,0,0,0,0,0,0,0,0,0,0,0,0,0,0,
111829,Careless Whispers,Gcu103,111828,45,gcu103,0,0,0,0,0,0,0,0,0,0,0,0,0,0,0,0,0,0,0,0,0,0,0,
111830,In for Garuda Wakening (Ul'dah),Gcu104,111829,45,gcu104,0,0,0,0,0,0,0,0,0,0,0,0,0,0,0,0,0,0,0,0,0,0,0,
111831,Don't Hate the Messenger (Ul'dah),Gcu105,111830,45,gcu105,0,0,0,0,0,0,0,0,0,0,0,0,0,0,0,0,0,0,0,0,0,0,0,
111832,United We Stand (Ul'dah),Gcu106,111831,45,gcu106,0,0,0,0,0,0,0,0,0,0,0,0,0,0,0,0,0,0,0,0,0,0,0,
111833,To Kill a Raven (Ul'dah),Gcu107,111834,45,gcu107,0,0,0,0,0,0,0,0,0,0,0,0,0,0,0,0,0,0,0,0,0,0,0,
111817,Prying Eyes,Gcu301,111807,25,gcu301,0,0,0,0,0,0,0,0,0,0,0,0,0,0,0,0,0,0,0,0,0,0,0,
111818,Different Strokes,Gcu302,111817,25,gcu302,0,0,0,0,0,0,0,0,0,0,0,0,0,0,0,0,0,0,0,0,0,0,0,
111819,A Weaver and a Mummer,Gcu303,111818,40,gcu303,0,0,0,0,0,0,0,0,0,0,0,0,0,0,0,0,0,0,0,0,0,0,0,
111820,When Alchemists Cry,Gcu304,111819,45,gcu304,0,0,0,0,0,0,0,0,0,0,0,0,0,0,0,0,0,0,0,0,0,0,0,
111826,Challenge Accepted,Gcu305,111820,50,gcu305,0,0,0,0,0,0,0,0,0,0,0,0,0,0,0,0,0,0,0,0,0,0,0,
111821,[en],Gcu501,0,0,gcu501,0,0,0,0,0,0,0,0,0,0,0,0,0,0,0,0,0,0,0,0,0,0,0,
111822,[en],Gcu502,0,0,gcu502,0,0,0,0,0,0,0,0,0,0,0,0,0,0,0,0,0,0,0,0,0,0,0,
111823,[en],Gcu601,0,0,gcu601,0,0,0,0,0,0,0,0,0,0,0,0,0,0,0,0,0,0,0,0,0,0,0,
111824,[en],Gcu602,0,0,gcu602,0,0,0,0,0,0,0,0,0,0,0,0,0,0,0,0,0,0,0,0,0,0,0,
111825,[en],Gcu603,0,0,gcu603,0,0,0,0,0,0,0,0,0,0,0,0,0,0,0,0,0,0,0,0,0,0,0,
111828,"Gore a Lizard, Hurry",Gcu701,111827,45,gcu701,0,0,0,0,0,0,0,0,0,0,0,0,0,0,0,0,0,0,0,0,0,0,0,
111834,"Mess with the Goat, Get the Horns",Gcu702,111832,50,gcu702,0,0,0,0,0,0,0,0,0,0,0,0,0,0,0,0,0,0,0,0,0,0,0,
,,,,,generic_quest_scaffold,16,9,0,1,3,0,0,1,0,0,2,0,1,0,1,1,1,0,2,0,0,0,0,SetENpc:2;EndEvent:2;GetSequence:2;UpdateENPCs:2;callClientFunction:1;AddItem:1;attentionMessage:1;AddGil:1;CompleteQuest:1;AddExp:1;AcceptQuest:1;StartSequence:1
110080,All Bark and No Bite,Gla200,0,20,gla200,0,0,0,0,0,0,0,0,0,0,0,0,0,0,0,0,0,0,0,0,0,0,0,
110081,Unalienable Rights,Gla300,0,30,gla300,0,0,0,0,0,0,0,0,0,0,0,0,0,0,0,0,0,0,0,0,0,0,0,
110082,Thrill of the Fight,Gla306,0,36,gla306,0,0,0,0,0,0,0,0,0,0,0,0,0,0,0,0,0,0,0,0,0,0,0,
110083,[en],Gla400,0,40,gla400,0,0,0,0,0,0,0,0,0,0,0,0,0,0,0,0,0,0,0,0,0,0,0,
110360,She Walks in Beauty,Gld200,0,20,gld200,0,0,0,0,0,0,0,0,0,0,0,0,0,0,0,0,0,0,0,0,0,0,0,
110361,F'lhaminn's Flower,Gld300,0,30,gld300,0,0,0,0,0,0,0,0,0,0,0,0,0,0,0,0,0,0,0,0,0,0,0,
110362,Struck Through the Heart,Gld306,0,36,gld306,0,0,0,0,0,0,0,0,0,0,0,0,0,0,0,0,0,0,0,0,0,0,0,
110363,[en],Gld400,0,40,gld400,0,0,0,0,0,0,0,0,0,0,0,0,0,0,0,0,0,0,0,0,0,0,0,
110364,[en],Gld500,0,50,gld500,0,0,0,0,0,0,0,0,0,0,0,0,0,0,0,0,0,0,0,0,0,0,0,
110365,[en],Gld506,0,56,gld506,0,0,0,0,0,0,0,0,0,0,0,0,0,0,0,0,0,0,0,0,0,0,0,
110480,Gridanian Roots,Hrv200,0,20,hrv200,0,0,0,0,0,0,0,0,0,0,0,0,0,0,0,0,0,0,0,0,0,0,0,
110481,The Grass is Always Greener,Hrv300,110480,30,hrv300,0,0,0,0,0,0,0,0,0,0,0,0,0,0,0,0,0,0,0,0,0,0,0,
110482,A Moogle Bouquet,Hrv306,110481,36,hrv306,0,0,0,0,0,0,0,0,0,0,0,0,0,0,0,0,0,0,0,0,0,0,0,
110483,[en],Hrv400,0,40,hrv400,0,0,0,0,0,0,0,0,0,0,0,0,0,0,0,0,0,0,0,0,0,0,0,
110484,[en],Hrv500,0,50,hrv500,0,0,0,0,0,0,0,0,0,0,0,0,0,0,0,0,0,0,0,0,0,0,0,
110485,[en],Hrv506,0,56,hrv506,0,0,0,0,0,0,0,0,0,0,0,0,0,0,0,0,0,0,0,0,0,0,0,
,,,,,job_quest_template,19,9,0,1,4,0,0,2,0,0,3,0,1,0,1,1,1,0,2,0,0,0,0,EndEvent:3;AddItem:2;SetENpc:2;GetSequence:2;UpdateENPCs:2;HasItem:1;SendGameMessage:1;attentionMessage:1;callClientFunction:1;CompleteQuest:1;AddExp:1;StartSequence:1
110180,A Wailing Welcome,Lnc200,0,20,lnc200,0,0,0,0,0,0,0,0,0,0,0,0,0,0,0,0,0,0,0,0,0,0,0,
110181,Culture Shock,Lnc300,110180,30,lnc300,0,0,0,0,0,0,0,0,0,0,0,0,0,0,0,0,0,0,0,0,0,0,0,
110182,Necessary Evils,Lnc306,110181,36,lnc306,0,0,0,0,0,0,0,0,0,0,0,0,0,0,0,0,0,0,0,0,0,0,0,
110183,[en],Lnc400,0,40,lnc400,0,0,0,0,0,0,0,0,0,0,0,0,0,0,0,0,0,0,0,0,0,0,0,
110184,[en],Lnc500,0,50,lnc500,0,0,0,0,0,0,0,0,0,0,0,0,0,0,0,0,0,0,0,0,0,0,0,
110185,[en],Lnc506,0,56,lnc506,0,0,0,0,0,0,0,0,0,0,0,0,0,0,0,0,0,0,0,0,0,0,0,
110005,Sundered Skies,Man0g0,0,1,man0g0,58,14,25,12,0,0,0,0,0,0,7,0,2,0,0,0,12,0,9,0,0,0,0,GetFlag:15;callClientFunction:12;SetENpc:9;EndEvent:7;GetData:6;SetFlag:4;UpdateENPCs:3;StartSequence:2
110006,Souls Gone Wild,Man0g1,110005,1,man0g1,374,113,74,104,4,18,8,13,0,8,32,0,20,3,1,0,104,0,83,8,4,6,11,callClientFunction:104;SetENpc:83;EndEvent:32;StartSequence:20;GetCounter:18;GetFlag:18;GetData:15;SendGameMessage:11;WarpToPrivateArea:8;IncCounter:7;DoZoneChange:6;ClearFlag:6
110001,Shapeless Melody,Man0l0,0,1,man0l0,109,33,37,31,0,0,0,1,0,0,7,0,2,0,0,0,31,0,27,0,0,0,0,callClientFunction:31;SetENpc:27;GetFlag:26;EndEvent:7;GetData:6;SetFlag:5;UpdateENPCs:4;StartSequence:2;SendGameMessage:1
110002,Treasures of the Main,Man0l1,110001,1,man0l1,338,106,41,106,4,16,7,19,0,7,32,0,18,3,1,0,106,0,77,5,3,8,16,callClientFunction:106;SetENpc:77;EndEvent:32;StartSequence:18;SendGameMessage:18;GetCounter:15;GetData:10;IncCounter:9;DoZoneChange:8;SetCounter:7;UpdateENPCs:7;DoEmote:6
110009,Flowers for All,Man0u0,0,1,man0u0,100,28,38,28,0,0,0,0,0,0,6,0,2,0,0,0,28,0,23,0,0,0,0,callClientFunction:28;GetFlag:26;SetENpc:23;EndEvent:6;GetData:6;SetFlag:6;UpdateENPCs:3;StartSequence:2
110010,Court in the Sands,Man0u1,110009,1,man0u1,537,158,86,169,4,33,9,24,2,7,45,0,34,2,1,0,169,0,115,21,4,8,20,callClientFunction:169;SetENpc:115;EndEvent:45;StartSequence:34;SendGameMessage:23;WarpToPrivateArea:21;GetFlag:18;GetCounter:14;GetData:12;IncCounter:12;SetFlag:12;ClearFlag:10
110007,Whispers in the Wood,Man1g0,110006,8,man1g0,118,48,4,28,2,10,5,2,0,0,19,0,13,3,1,1,28,0,28,8,2,0,0,SetENpc:28;callClientFunction:28;EndEvent:19;StartSequence:13;WarpToPrivateArea:8;GetData:4;NewNpcLsMsg:3;StartSequenceForNpcLs:3;UpdateENPCs:2;WarpToPublicArea:2;AcceptQuest:1;CompleteQuest:1
110003,Legends Adrift,Man1l0,110002,8,man1l0,178,76,4,56,2,14,5,2,0,0,19,0,13,3,1,1,56,0,56,9,3,0,0,SetENpc:56;callClientFunction:56;EndEvent:19;StartSequence:13;WarpToPrivateArea:9;GetData:4;WarpToPublicArea:3;NewNpcLsMsg:3;StartSequenceForNpcLs:3;UpdateENPCs:2;WarpToPosition:2;AcceptQuest:1
110011,Golden Sacrifices,Man1u0,110010,8,man1u0,202,92,3,65,2,18,6,3,0,0,13,0,18,1,1,1,65,0,69,8,1,7,0,SetENpc:69;callClientFunction:65;StartSequence:18;EndEvent:13;WarpToPrivateArea:8;DoZoneChange:7;NewNpcLsMsg:4;GetData:3;SendGameMessage:2;UpdateENPCs:2;WarpToPosition:2;AcceptQuest:1
110013,Fade to White,Man200,0,18,man200,132,48,11,45,2,6,2,3,1,1,13,0,6,0,1,0,45,0,39,0,0,2,0,callClientFunction:45;SetENpc:39;EndEvent:13;StartSequence:6;GetData:5;GetFlag:5;WarpToPosition:4;DoZoneChange:2;UpdateENPCs:2;wait:1;NewNpcLsMsg:1;CompleteQuest:1
110014,Together We Stand,Man206,110013,22,man206,149,45,6,46,2,6,4,12,2,0,8,18,3,1,1,0,46,0,38,0,0,3,0,callClientFunction:46;SetENpc:38;GetStaticActor:18;Message:9;EndEvent:8;GetData:4;StartSequence:3;DoZoneChange:3;WarpToPosition:3;NewNpcLsMsg:2;ChangeMusic:2;UpdateENPCs:2
110008,Beckon of the Elementals,Man2g0,110007,13,man2g0,231,92,15,68,2,18,4,5,0,2,25,0,16,2,1,1,68,0,70,12,1,5,0,SetENpc:70;callClientFunction:68;EndEvent:25;StartSequence:16;WarpToPrivateArea:12;GetFlag:7;GetData:6;DoZoneChange:5;SendMessage:3;wait:2;NewNpcLsMsg:2;UpdateENPCs:2
110004,Never the Twain Shall Meet,Man2l0,110003,13,man2l0,101,42,3,24,2,11,3,2,0,0,14,0,11,1,1,1,24,0,26,3,0,8,0,SetENpc:26;callClientFunction:24;EndEvent:14;StartSequence:11;DoZoneChange:8;GetData:3;WarpToPrivateArea:3;UpdateENPCs:2;AcceptQuest:1;CompleteQuest:1;AddItem:1;SendGameMessage:1
110012,Calamity Cometh,Man2u0,110011,13,man2u0,102,45,3,22,2,11,3,5,0,2,9,0,10,1,1,1,22,0,30,4,0,7,0,SetENpc:30;callClientFunction:22;StartSequence:10;EndEvent:9;DoZoneChange:7;WarpToPrivateArea:4;GetData:3;SendMessage:2;wait:2;SendGameMessage:2;UpdateENPCs:2;AcceptQuest:1
110015,Toll of the Warden,Man300,110014,30,man300,37,25,0,9,2,0,0,0,0,0,1,0,10,0,1,0,9,0,14,0,0,0,0,SetENpc:14;StartSequence:10;callClientFunction:9;AddExp:1;AddGil:1;CompleteQuest:1;EndEvent:1
110016,Forever Taken,Man304,110015,34,man304,0,0,0,0,0,0,0,0,0,0,0,0,0,0,0,0,0,0,0,0,0,0,0,
110017,Lord Errant,Man308,110016,38,man308,0,0,0,0,0,0,0,0,0,0,0,0,0,0,0,0,0,0,0,0,0,0,0,
110018,Of Men They Sing,Man402,110017,42,man402,0,0,0,0,0,0,0,0,0,0,0,0,0,0,0,0,0,0,0,0,0,0,0,
110019,Futures Perfect,Man406,110018,46,man406,0,0,0,0,0,0,0,0,0,0,0,0,0,0,0,0,0,0,0,0,0,0,0,
110020,[en],Man502,0,52,man502,0,0,0,0,0,0,0,0,0,0,0,0,0,0,0,0,0,0,0,0,0,0,0,
110021,[en],Man504,0,54,man504,0,0,0,0,0,0,0,0,0,0,0,0,0,0,0,0,0,0,0,0,0,0,0,
110460,A Piece of History,Min200,0,20,min200,0,0,0,0,0,0,0,0,0,0,0,0,0,0,0,0,0,0,0,0,0,0,0,
110461,Little Saboteurs,Min300,0,30,min300,0,0,0,0,0,0,0,0,0,0,0,0,0,0,0,0,0,0,0,0,0,0,0,
110462,Runaway Little Girl,Min306,0,36,min306,0,0,0,0,0,0,0,0,0,0,0,0,0,0,0,0,0,0,0,0,0,0,0,
110463,[en],Min400,0,40,min400,0,0,0,0,0,0,0,0,0,0,0,0,0,0,0,0,0,0,0,0,0,0,0,
110464,[en],Min500,0,50,min500,0,0,0,0,0,0,0,0,0,0,0,0,0,0,0,0,0,0,0,0,0,0,0,
110465,[en],Min506,0,56,min506,0,0,0,0,0,0,0,0,0,0,0,0,0,0,0,0,0,0,0,0,0,0,0,
111221,Brother from Another Mother,Mnk0j1,0,15,mnk0j1,0,0,0,0,0,0,0,0,0,0,0,0,0,0,0,0,0,0,0,0,0,0,0,
111222,Insulted Intelligence,Mnk0j2,0,15,mnk0j2,0,0,0,0,0,0,0,0,0,0,0,0,0,0,0,0,0,0,0,0,0,0,0,
111223,The Pursuit of Power,Mnk0j3,0,15,mnk0j3,0,0,0,0,0,0,0,0,0,0,0,0,0,0,0,0,0,0,0,0,0,0,0,
111224,Good Vibrations,Mnk0j4,0,15,mnk0j4,0,0,0,0,0,0,0,0,0,0,0,0,0,0,0,0,0,0,0,0,0,0,0,
111225,Five Easy Pieces,Mnk0j5,0,15,mnk0j5,0,0,0,0,0,0,0,0,0,0,0,0,0,0,0,0,0,0,0,0,0,0,0,
111226,Return of the King...of Ruin,Mnk0j6,0,15,mnk0j6,0,0,0,0,0,0,0,0,0,0,0,0,0,0,0,0,0,0,0,0,0,0,0,
110809,Guild Tasks,Noc000,0,0,noc000,0,0,0,0,0,0,0,0,0,0,0,0,0,0,0,0,0,0,0,0,0,0,0,
110817,Provisioning & Supply Missions,Noc001,0,0,noc001,0,0,0,0,0,0,0,0,0,0,0,0,0,0,0,0,0,0,0,0,0,0,0,
110862,Hamlet Defense,Noc002,0,1,noc002,2,0,0,1,0,0,0,0,0,0,1,0,0,0,0,0,1,0,0,0,0,0,0,callClientFunction:1;EndEvent:1
110863,Class is in Session,Noc003,0,1,noc003,0,0,0,0,0,0,0,0,0,0,0,0,0,0,0,0,0,0,0,0,0,0,0,
110060,The House Always Wins,Pgl200,0,20,pgl200,116,49,13,37,0,4,0,6,0,0,7,0,7,0,1,1,37,0,36,1,2,1,4,callClientFunction:37;SetENpc:36;StartSequence:7;EndEvent:7;SendGameMessage:6;GetCounter:5;GetData:4;GetSequence:3;SetCounter:3;WarpToPublicArea:2;AcceptQuest:1;IncCounter:1
110061,Here There Be Pirates,Pgl300,0,30,pgl300,0,0,0,0,0,0,0,0,0,0,0,0,0,0,0,0,0,0,0,0,0,0,0,
110062,Two Sides to Every Chip,Pgl306,0,36,pgl306,0,0,0,0,0,0,0,0,0,0,0,0,0,0,0,0,0,0,0,0,0,0,0,
110063,[en],Pgl400,0,40,pgl400,0,0,0,0,0,0,0,0,0,0,0,0,0,0,0,0,0,0,0,0,0,0,0,
111281,Paladin's Pledge,Pld0j1,0,15,pld0j1,0,0,0,0,0,0,0,0,0,0,0,0,0,0,0,0,0,0,0,0,0,0,0,
111282,Honor Lost,Pld0j2,0,15,pld0j2,0,0,0,0,0,0,0,0,0,0,0,0,0,0,0,0,0,0,0,0,0,0,0,
111283,Power Struggles,Pld0j3,0,15,pld0j3,0,0,0,0,0,0,0,0,0,0,0,0,0,0,0,0,0,0,0,0,0,0,0,
111284,Poisoned Hearts,Pld0j4,0,15,pld0j4,0,0,0,0,0,0,0,0,0,0,0,0,0,0,0,0,0,0,0,0,0,0,0,
111285,Parley on High Ground,Pld0j5,0,15,pld0j5,0,0,0,0,0,0,0,0,0,0,0,0,0,0,0,0,0,0,0,0,0,0,0,
111286,Keeping the Oath,Pld0j6,0,15,pld0j6,0,0,0,0,0,0,0,0,0,0,0,0,0,0,0,0,0,0,0,0,0,0,0,
,,,,,quest_template,1,1,0,0,0,0,0,0,0,0,0,0,1,0,0,0,0,0,0,0,0,0,0,StartSequence:1
110858,Seasonal Event,Spl000,0,1,spl000,0,0,0,0,0,0,0,0,0,0,0,0,0,0,0,0,0,0,0,0,0,0,0,
110794,The Dreamer's Gospel (Gridania),Spl0g1,0,5,spl0g1,0,0,0,0,0,0,0,0,0,0,0,0,0,0,0,0,0,0,0,0,0,0,0,
110795,The Dreamer's Dilemma (Gridania),Spl0g2,0,5,spl0g2,0,0,0,0,0,0,0,0,0,0,0,0,0,0,0,0,0,0,0,0,0,0,0,
110796,[en],Spl0g3,0,0,spl0g3,0,0,0,0,0,0,0,0,0,0,0,0,0,0,0,0,0,0,0,0,0,0,0,
110797,[en],Spl0g4,0,0,spl0g4,0,0,0,0,0,0,0,0,0,0,0,0,0,0,0,0,0,0,0,0,0,0,0,
110798,[en],Spl0g5,0,0,spl0g5,0,0,0,0,0,0,0,0,0,0,0,0,0,0,0,0,0,0,0,0,0,0,0,
110799,The Heat Is On,Spl0i1,0,1,spl0i1,0,0,0,0,0,0,0,0,0,0,0,0,0,0,0,0,0,0,0,0,0,0,0,
110800,Impish Impositions,Spl0i2,0,1,spl0i2,0,0,0,0,0,0,0,0,0,0,0,0,0,0,0,0,0,0,0,0,0,0,0,
110801,Winter Is Not Coming,Spl0i3,0,1,spl0i3,0,0,0,0,0,0,0,0,0,0,0,0,0,0,0,0,0,0,0,0,0,0,0,
110802,Gone with the Snow,Spl0i4,0,1,spl0i4,0,0,0,0,0,0,0,0,0,0,0,0,0,0,0,0,0,0,0,0,0,0,0,
110803,[en],Spl0i5,0,0,spl0i5,0,0,0,0,0,0,0,0,0,0,0,0,0,0,0,0,0,0,0,0,0,0,0,
110804,The Dreamer's Gospel (Limsa Lominsa),Spl0l1,0,5,spl0l1,0,0,0,0,0,0,0,0,0,0,0,0,0,0,0,0,0,0,0,0,0,0,0,
110805,The Dreamer's Dilemma (Limsa Lominsa),Spl0l2,0,5,spl0l2,0,0,0,0,0,0,0,0,0,0,0,0,0,0,0,0,0,0,0,0,0,0,0,
110806,[en],Spl0l3,0,0,spl0l3,0,0,0,0,0,0,0,0,0,0,0,0,0,0,0,0,0,0,0,0,0,0,0,
110807,[en],Spl0l4,0,0,spl0l4,0,0,0,0,0,0,0,0,0,0,0,0,0,0,0,0,0,0,0,0,0,0,0,
110808,[en],Spl0l5,0,0,spl0l5,0,0,0,0,0,0,0,0,0,0,0,0,0,0,0,0,0,0,0,0,0,0,0,
110789,The Dreamer's Gospel (Ul'dah),Spl0u1,0,5,spl0u1,0,0,0,0,0,0,0,0,0,0,0,0,0,0,0,0,0,0,0,0,0,0,0,
110790,The Dreamer's Dilemma (Ul'dah),Spl0u2,0,5,spl0u2,0,0,0,0,0,0,0,0,0,0,0,0,0,0,0,0,0,0,0,0,0,0,0,
110791,[en],Spl0u3,0,0,spl0u3,0,0,0,0,0,0,0,0,0,0,0,0,0,0,0,0,0,0,0,0,0,0,0,
110792,[en],Spl0u4,0,0,spl0u4,0,0,0,0,0,0,0,0,0,0,0,0,0,0,0,0,0,0,0,0,0,0,0,
110793,[en],Spl0u5,0,0,spl0u5,0,0,0,0,0,0,0,0,0,0,0,0,0,0,0,0,0,0,0,0,0,0,0,
110859,Scrambled Eggs,Spl101,0,1,spl101,0,0,0,0,0,0,0,0,0,0,0,0,0,0,0,0,0,0,0,0,0,0,0,
110860,Bombard Backlash,Spl102,0,1,spl102,0,0,0,0,0,0,0,0,0,0,0,0,0,0,0,0,0,0,0,0,0,0,0,
110861,Seasonal Event (All City-states),Spl103,0,1,spl103,0,0,0,0,0,0,0,0,0,0,0,0,0,0,0,0,0,0,0,0,0,0,0,
110627,"Ifrit Bleeds, We Can Kill It",Sum6a0,0,45,sum6a0,0,0,0,0,0,0,0,0,0,0,0,0,0,0,0,0,0,0,0,0,0,0,0,
110867,Taming the Tempest,Sum6g0,0,45,sum6g0,0,0,0,0,0,0,0,0,0,0,0,0,0,0,0,0,0,0,0,0,0,0,0,
110816,A Feast of Fools,Sum6m0,0,45,sum6m0,0,0,0,0,0,0,0,0,0,0,0,0,0,0,0,0,0,0,0,0,0,0,0,
110870,"The Raven, Nevermore",Sum6w0,0,45,sum6w0,0,0,0,0,0,0,0,0,0,0,0,0,0,0,0,0,0,0,0,0,0,0,0,
110628,[en],Sum7l0,0,0,sum7l0,0,0,0,0,0,0,0,0,0,0,0,0,0,0,0,0,0,0,0,0,0,0,0,
110629,[en],Sum7t0,0,0,sum7t0,0,0,0,0,0,0,0,0,0,0,0,0,0,0,0,0,0,0,0,0,0,0,0,
110630,[en],Sum8a0,0,0,sum8a0,0,0,0,0,0,0,0,0,0,0,0,0,0,0,0,0,0,0,0,0,0,0,0,
110631,[en],Sum8l0,0,0,sum8l0,0,0,0,0,0,0,0,0,0,0,0,0,0,0,0,0,0,0,0,0,0,0,0,
110632,[en],Sum8t0,0,0,sum8t0,0,0,0,0,0,0,0,0,0,0,0,0,0,0,0,0,0,0,0,0,0,0,0,
110380,The Silent Partners,Tan200,0,20,tan200,0,0,0,0,0,0,0,0,0,0,0,0,0,0,0,0,0,0,0,0,0,0,0,
110381,Design Imposters,Tan300,110380,30,tan300,0,0,0,0,0,0,0,0,0,0,0,0,0,0,0,0,0,0,0,0,0,0,0,
110382,Head of the Class,Tan306,110381,36,tan306,0,0,0,0,0,0,0,0,0,0,0,0,0,0,0,0,0,0,0,0,0,0,0,
110383,[en],Tan400,0,40,tan400,0,0,0,0,0,0,0,0,0,0,0,0,0,0,0,0,0,0,0,0,0,0,0,
110384,[en],Tan500,0,50,tan500,0,0,0,0,0,0,0,0,0,0,0,0,0,0,0,0,0,0,0,0,0,0,0,
110385,[en],Tan506,0,56,tan506,0,0,0,0,0,0,0,0,0,0,0,0,0,0,0,0,0,0,0,0,0,0,0,
110240,The Big Payback,Thm200,0,20,thm200,0,0,0,0,0,0,0,0,0,0,0,0,0,0,0,0,0,0,0,0,0,0,0,
110241,Revelry in Rivalry,Thm300,0,30,thm300,0,0,0,0,0,0,0,0,0,0,0,0,0,0,0,0,0,0,0,0,0,0,0,
110242,Law and the Order,Thm306,0,36,thm306,0,0,0,0,0,0,0,0,0,0,0,0,0,0,0,0,0,0,0,0,0,0,0,
110243,[en],Thm400,0,40,thm400,0,0,0,0,0,0,0,0,0,0,0,0,0,0,0,0,0,0,0,0,0,0,0,
110141,Getting Started,Trl0g1,0,30,trl0g1,4,0,0,3,0,0,0,0,0,0,1,0,0,0,0,0,3,0,0,0,0,0,0,callClientFunction:3;EndEvent:1
110140,Getting Started,Trl0l1,0,20,trl0l1,4,0,0,3,0,0,0,0,0,0,1,0,0,0,0,0,3,0,0,0,0,0,0,callClientFunction:3;EndEvent:1
110143,[en],Trl0l2,0,20,trl0l2,0,0,0,0,0,0,0,0,0,0,0,0,0,0,0,0,0,0,0,0,0,0,0,
110144,Selecting a Different Path Companion,Trl0l3,0,50,trl0l3,0,0,0,0,0,0,0,0,0,0,0,0,0,0,0,0,0,0,0,0,0,0,0,
110145,[en],Trl0l4,0,56,trl0l4,0,0,0,0,0,0,0,0,0,0,0,0,0,0,0,0,0,0,0,0,0,0,0,
110142,[en],Trl0u1,0,36,trl0u1,4,0,0,3,0,0,0,0,0,0,1,0,0,0,0,0,3,0,0,0,0,0,0,callClientFunction:3;EndEvent:1
111201,Pride and Duty (Will Take You from the Mountain),War0j1,0,15,war0j1,0,0,0,0,0,0,0,0,0,0,0,0,0,0,0,0,0,0,0,0,0,0,0,
111202,Embracing the Beast,War0j2,0,15,war0j2,0,0,0,0,0,0,0,0,0,0,0,0,0,0,0,0,0,0,0,0,0,0,0,
111203,Curious Gorge Goes to the Bazaar,War0j3,0,15,war0j3,0,0,0,0,0,0,0,0,0,0,0,0,0,0,0,0,0,0,0,0,0,0,0,
111204,Looking the Part,War0j4,0,15,war0j4,0,0,0,0,0,0,0,0,0,0,0,0,0,0,0,0,0,0,0,0,0,0,0,
111205,Proof is in the Pudding,War0j5,0,15,war0j5,0,0,0,0,0,0,0,0,0,0,0,0,0,0,0,0,0,0,0,0,0,0,0,
111206,How to Quit You,War0j6,0,15,war0j6,0,0,0,0,0,0,0,0,0,0,0,0,0,0,0,0,0,0,0,0,0,0,0,
110300,The Mouths of Babes,Wdk200,0,20,wdk200,0,0,0,0,0,0,0,0,0,0,0,0,0,0,0,0,0,0,0,0,0,0,0,
110301,Hide and Seek Shenanigans,Wdk300,110300,30,wdk300,0,0,0,0,0,0,0,0,0,0,0,0,0,0,0,0,0,0,0,0,0,0,0,
110302,Spanning the Spectrum,Wdk306,110301,36,wdk306,0,0,0,0,0,0,0,0,0,0,0,0,0,0,0,0,0,0,0,0,0,0,0,
110303,[en],Wdk400,0,40,wdk400,0,0,0,0,0,0,0,0,0,0,0,0,0,0,0,0,0,0,0,0,0,0,0,
110304,[en],Wdk500,0,50,wdk500,0,0,0,0,0,0,0,0,0,0,0,0,0,0,0,0,0,0,0,0,0,0,0,
110305,[en],Wdk506,0,56,wdk506,0,0,0,0,0,0,0,0,0,0,0,0,0,0,0,0,0,0,0,0,0,0,0,
111241,Seeds of Initiative,Whm0j1,0,15,whm0j1,0,0,0,0,0,0,0,0,0,0,0,0,0,0,0,0,0,0,0,0,0,0,0,
111242,When Sheep Attack,Whm0j2,0,15,whm0j2,0,0,0,0,0,0,0,0,0,0,0,0,0,0,0,0,0,0,0,0,0,0,0,
111243,Lost in Rage,Whm0j3,0,15,whm0j3,0,0,0,0,0,0,0,0,0,0,0,0,0,0,0,0,0,0,0,0,0,0,0,
111244,The Wheel of Disaster,Whm0j4,0,15,whm0j4,0,0,0,0,0,0,0,0,0,0,0,0,0,0,0,0,0,0,0,0,0,0,0,
111245,In Search of Succor,Whm0j5,0,15,whm0j5,0,0,0,0,0,0,0,0,0,0,0,0,0,0,0,0,0,0,0,0,0,0,0,
111246,The Chorus of Cataclysm,Whm0j6,0,15,whm0j6,0,0,0,0,0,0,0,0,0,0,0,0,0,0,0,0,0,0,0,0,0,0,0,
110762,In the Name of Science,Wld0g1,0,10,wld0g1,23,11,4,4,0,0,0,2,0,0,2,0,2,0,1,1,4,0,4,0,0,0,1,SetENpc:4;callClientFunction:4;StartSequence:2;GetSequence:2;EndEvent:2;GetData:2;attentionMessage:2;AcceptQuest:1;CompleteQuest:1;UpdateENPCs:1;IncCounter:1;GetCounter:1
110763,Hearing Confession,Wld0g2,0,10,wld0g2,53,13,24,12,0,0,0,2,0,0,2,0,2,0,1,1,12,0,7,0,0,0,1,GetFlag:16;callClientFunction:12;SetENpc:7;SetFlag:4;GetData:3;StartSequence:2;EndEvent:2;attentionMessage:2;UpdateENPCs:2;AcceptQuest:1;IncCounter:1;CompleteQuest:1
110764,A Bitter Oil to Swallow,Wld0g3,0,17,wld0g3,23,11,4,4,0,0,0,2,0,0,2,0,2,0,1,1,4,0,4,0,0,0,1,SetENpc:4;callClientFunction:4;StartSequence:2;GetSequence:2;EndEvent:2;GetData:2;attentionMessage:2;AcceptQuest:1;CompleteQuest:1;UpdateENPCs:1;IncCounter:1;GetCounter:1
110765,Spores on the Brain,Wld0g4,110762,11,wld0g4,23,11,4,4,0,0,0,2,0,0,2,0,2,0,1,1,4,0,4,0,0,0,1,SetENpc:4;callClientFunction:4;StartSequence:2;GetSequence:2;EndEvent:2;GetData:2;attentionMessage:2;AcceptQuest:1;CompleteQuest:1;UpdateENPCs:1;IncCounter:1;GetCounter:1
110766,[en],Wld0g5,0,0,wld0g5,0,0,0,0,0,0,0,0,0,0,0,0,0,0,0,0,0,0,0,0,0,0,0,
110767,[en],Wld0g6,0,0,wld0g6,0,0,0,0,0,0,0,0,0,0,0,0,0,0,0,0,0,0,0,0,0,0,0,
110768,[en],Wld0g7,0,0,wld0g7,0,0,0,0,0,0,0,0,0,0,0,0,0,0,0,0,0,0,0,0,0,0,0,
110769,[en],Wld0g8,0,0,wld0g8,0,0,0,0,0,0,0,0,0,0,0,0,0,0,0,0,0,0,0,0,0,0,0,
110770,[en],Wld0g9,0,0,wld0g9,0,0,0,0,0,0,0,0,0,0,0,0,0,0,0,0,0,0,0,0,0,0,0,
110780,[en],Wld0i1,0,0,wld0i1,0,0,0,0,0,0,0,0,0,0,0,0,0,0,0,0,0,0,0,0,0,0,0,
110781,[en],Wld0i2,0,0,wld0i2,0,0,0,0,0,0,0,0,0,0,0,0,0,0,0,0,0,0,0,0,0,0,0,
110782,[en],Wld0i3,0,0,wld0i3,0,0,0,0,0,0,0,0,0,0,0,0,0,0,0,0,0,0,0,0,0,0,0,
110783,[en],Wld0i4,0,0,wld0i4,0,0,0,0,0,0,0,0,0,0,0,0,0,0,0,0,0,0,0,0,0,0,0,
110784,[en],Wld0i5,0,0,wld0i5,0,0,0,0,0,0,0,0,0,0,0,0,0,0,0,0,0,0,0,0,0,0,0,
110785,[en],Wld0i6,0,0,wld0i6,0,0,0,0,0,0,0,0,0,0,0,0,0,0,0,0,0,0,0,0,0,0,0,
110786,[en],Wld0i7,0,0,wld0i7,0,0,0,0,0,0,0,0,0,0,0,0,0,0,0,0,0,0,0,0,0,0,0,
110787,[en],Wld0i8,0,0,wld0i8,0,0,0,0,0,0,0,0,0,0,0,0,0,0,0,0,0,0,0,0,0,0,0,
110788,[en],Wld0i9,0,0,wld0i9,0,0,0,0,0,0,0,0,0,0,0,0,0,0,0,0,0,0,0,0,0,0,0,
110771,Trading Tongueflaps,Wld0l1,0,5,wld0l1,20,12,0,6,0,0,0,0,0,0,2,0,3,0,1,1,6,0,5,0,0,0,0,callClientFunction:6;SetENpc:5;StartSequence:3;EndEvent:2;GetSequence:1;AcceptQuest:1;CompleteQuest:1;UpdateENPCs:1
110772,Letting Out Orion's Belt,Wld0l2,0,10,wld0l2,53,13,24,12,0,0,0,2,0,0,2,0,2,0,1,1,12,0,7,0,0,0,1,GetFlag:16;callClientFunction:12;SetENpc:7;SetFlag:4;GetData:3;StartSequence:2;EndEvent:2;attentionMessage:2;UpdateENPCs:2;AcceptQuest:1;IncCounter:1;CompleteQuest:1
110773,Sour Grapes,Wld0l3,0,17,wld0l3,20,12,0,6,0,0,0,0,0,0,2,0,3,0,1,1,6,0,5,0,0,0,0,callClientFunction:6;SetENpc:5;StartSequence:3;EndEvent:2;GetSequence:1;AcceptQuest:1;CompleteQuest:1;UpdateENPCs:1
110774,Sniffing Out a Profit,Wld0l4,0,37,wld0l4,20,12,0,6,0,0,0,0,0,0,2,0,3,0,1,1,6,0,5,0,0,0,0,callClientFunction:6;SetENpc:5;StartSequence:3;EndEvent:2;GetSequence:1;AcceptQuest:1;CompleteQuest:1;UpdateENPCs:1
110775,[en],Wld0l5,0,0,wld0l5,0,0,0,0,0,0,0,0,0,0,0,0,0,0,0,0,0,0,0,0,0,0,0,
110776,[en],Wld0l6,0,0,wld0l6,0,0,0,0,0,0,0,0,0,0,0,0,0,0,0,0,0,0,0,0,0,0,0,
110777,[en],Wld0l7,0,0,wld0l7,0,0,0,0,0,0,0,0,0,0,0,0,0,0,0,0,0,0,0,0,0,0,0,
110778,[en],Wld0l8,0,0,wld0l8,0,0,0,0,0,0,0,0,0,0,0,0,0,0,0,0,0,0,0,0,0,0,0,
110779,[en],Wld0l9,0,0,wld0l9,0,0,0,0,0,0,0,0,0,0,0,0,0,0,0,0,0,0,0,0,0,0,0,
110753,Of Archons and Muses,Wld0u1,0,10,wld0u1,20,12,0,6,0,0,0,0,0,0,2,0,3,0,1,1,6,0,5,0,0,0,0,callClientFunction:6;SetENpc:5;StartSequence:3;EndEvent:2;GetSequence:1;AcceptQuest:1;CompleteQuest:1;UpdateENPCs:1
110754,Sanguine Studies,Wld0u2,0,27,wld0u2,23,11,4,4,0,0,0,2,0,0,2,0,2,0,1,1,4,0,4,0,0,0,1,SetENpc:4;callClientFunction:4;StartSequence:2;GetSequence:2;EndEvent:2;GetData:2;attentionMessage:2;AcceptQuest:1;CompleteQuest:1;UpdateENPCs:1;IncCounter:1;GetCounter:1
110755,Secrets Unearthed,Wld0u3,0,17,wld0u3,20,12,0,6,0,0,0,0,0,0,2,0,3,0,1,1,6,0,5,0,0,0,0,callClientFunction:6;SetENpc:5;StartSequence:3;EndEvent:2;GetSequence:1;AcceptQuest:1;CompleteQuest:1;UpdateENPCs:1
110756,Rustproof,Wld0u4,0,28,wld0u4,23,11,4,4,0,0,0,2,0,0,2,0,2,0,1,1,4,0,4,0,0,0,1,SetENpc:4;callClientFunction:4;StartSequence:2;GetSequence:2;EndEvent:2;GetData:2;attentionMessage:2;AcceptQuest:1;CompleteQuest:1;UpdateENPCs:1;IncCounter:1;GetCounter:1
110757,[en],Wld0u5,0,0,wld0u5,0,0,0,0,0,0,0,0,0,0,0,0,0,0,0,0,0,0,0,0,0,0,0,
110758,[en],Wld0u6,0,0,wld0u6,0,0,0,0,0,0,0,0,0,0,0,0,0,0,0,0,0,0,0,0,0,0,0,
110759,[en],Wld0u7,0,0,wld0u7,0,0,0,0,0,0,0,0,0,0,0,0,0,0,0,0,0,0,0,0,0,0,0,
110760,[en],Wld0u8,0,0,wld0u8,0,0,0,0,0,0,0,0,0,0,0,0,0,0,0,0,0,0,0,0,0,0,0,
110761,[en],Wld0u9,0,0,wld0u9,0,0,0,0,0,0,0,0,0,0,0,0,0,0,0,0,0,0,0,0,0,0,0,
110400,Hoodwinked,Wvr200,0,20,wvr200,0,0,0,0,0,0,0,0,0,0,0,0,0,0,0,0,0,0,0,0,0,0,0,
110401,Dance the Night Away,Wvr300,0,30,wvr300,0,0,0,0,0,0,0,0,0,0,0,0,0,0,0,0,0,0,0,0,0,0,0,
110402,A Fruitful Murder,Wvr306,0,36,wvr306,0,0,0,0,0,0,0,0,0,0,0,0,0,0,0,0,0,0,0,0,0,0,0,
110403,[en],Wvr400,0,40,wvr400,0,0,0,0,0,0,0,0,0,0,0,0,0,0,0,0,0,0,0,0,0,0,0,
110404,[en],Wvr500,0,50,wvr500,0,0,0,0,0,0,0,0,0,0,0,0,0,0,0,0,0,0,0,0,0,0,0,
110405,[en],Wvr506,0,56,wvr506,0,0,0,0,0,0,0,0,0,0,0,0,0,0,0,0,0,0,0,0,0,0,0,
