new_catalogID,level,levelType,new_name,base_catalogID,source_weapon_name,source_weapon_level,damage,delay_seconds,damage_per_second,bonuses,rare,exclusive,materia_meldable,kind,mainSkill,source_compatibility,new_compatibility
5040145,1,1,Bronze Dagger,4030110,Bronze Dagger,5,9,2.4,3.75,"Critical Hit Rating +2, Parry +1",0,0,1,5006,13,2131,2174
5040146,8,1,Brass Dagger,4030114,Brass Dagger,16,17,2.4,7.08,"Critical Hit Rating +3, Parry +1",0,0,1,5006,13,2131,2174
5040147,15,1,Maddening Dagger,4030118,Maddening Dagger,23,25,2.4,10.42,"Enmity +5, Critical Hit Rating +4, Parry +1, Enmity +30",0,0,1,5006,13,2131,2174
5040148,20,1,Steel Baselard,4030115,Steel Baselard,26,29,2.4,12.08,"Critical Hit Rating +4, Parry +2",0,0,1,5006,13,2131,2174
5040149,27,0,Goblin Dagger,4030112,Goblin Dagger,31,35,2.4,14.58,"DEX +3, Critical Hit Rating +3, Parry +1",1,0,1,5006,13,2131,2174
5040150,32,1,Warden's Dagger,4030113,Warden's Dagger,30,34,2.4,14.17,"STR +1, DEX +1, VIT +1, Accuracy +2, Critical Hit Rating +5, Parry +3",1,1,0,5006,13,2131,2174
5040151,37,1,Mythril Knife,4030116,Mythril Knife,38,52,2.4,21.67,"Critical Hit Rating +5, Parry +2",0,0,1,5006,13,2131,2174
5040152,41,1,Cobalt Katzbalger,4030204,Cobalt Katzbalger,43,68,2.5,27.20,"Accuracy +5, Parry +2",0,0,1,5006,13,2131,2174
5040153,43,1,Cobalt Shamshir,4030506,Cobalt Shamshir,46,80,2.6,30.77,"Attack +5, Critical Hit Rating +5",0,0,1,5006,13,2131,2174
5040154,48,1,Lominsan Baselard,4030117,Lominsan Baselard,50,86,2.4,35.83,"Critical Hit Rating +10, Parry +10",1,1,0,5006,13,2131,2174
5040155,49,1,Cobalt Winglet,4030406,Cobalt Winglet,49,90,2.6,34.62,"Attack +5, Accuracy +5",0,0,1,5006,13,2131,2174
5040156,50,1,Mailbreaker,4030603,Mailbreaker,50,101,2.7,37.41,"HP +40, STR +7, MND +7, VIT +7",0,0,1,5006,13,2149,2174
5040169,50,1,Morbid Mogblade,4030407,Morbid Mogblade,50,98,2.6,37.69,"Accuracy +30, Critical Hit Rating +15",1,1,0,5006,13,2131,2174
5040170,50,1,Ifrit's Blade,4030507,Ifrit's Blade,50,102,2.7,37.78,"Fire Resistance +15, Attack +30",1,1,0,5006,13,2131,2174
5040171,50,1,Garuda's Gaze,4030607,Garuda's Gaze,50,88,2.2,40.00,"Block Rate +15, Wind Resistance +15, Enmity +20",1,1,0,5006,13,2131,2174
5040172,50,1,Giantsgall Short Sword,4030608,Giantsgall Longsword,50,115,3.0,38.33,"MND +5, Accuracy +10, Magic Evasion +10",0,0,1,5006,13,2131,2174
5040173,50,1,Augmented Mailbreaker,4030603,Mailbreaker,50,111,2.7,41.11,"HP +40, STR +7, MND +7, VIT +7",1,1,0,5006,13,2149,2174
5040174,50,1,Augmented Morbid Mogblade,4030407,Morbid Mogblade,50,106,2.6,40.77,"Accuracy +30, Critical Hit Rating +15",1,1,0,5006,13,2131,2174
5040175,50,1,Augmented Ifrit's Blade,4030507,Ifrit's Blade,50,110,2.7,40.74,"Fire Resistance +15, Attack +30",1,1,0,5006,13,2131,2174
5040176,50,1,Augmented Garuda's Gaze,4030607,Garuda's Gaze,50,95,2.2,43.18,"Block Rate +15, Wind Resistance +15, Enmity +20",1,1,0,5006,13,2131,2174
5040177,50,1,Augmented Giantsgall Short Sword,4030608,Giantsgall Longsword,50,124,3.0,41.33,"MND +5, Accuracy +10, Magic Evasion +10",1,1,0,5006,13,2131,2174
