offset_hex,id,flags_hex,dat_key_hex,count_type_hex,resource_token,meta20_hex,meta24_hex,meta28_hex,meta2c_hex
0x00001810,105,0x00000000,0x03E70000,0x0000000F,lak_l0,0x00000000,0x00000000,0x00000000,0x00000000
0x00001840,8001,0x00000000,0x03E70003,0x00000102,wtr_fine,0x00000000,0x00000000,0x00000000,0x00000000
0x00001870,8002,0x00000000,0x03E70004,0x00000102,wtr_suny,0x00000000,0x00000000,0x00000000,0x00000000
0x000018A0,8003,0x00000000,0x03E70005,0x00000102,wtr_clod,0x00000000,0x00000000,0x00000000,0x00000000
0x000018D0,8004,0x00000000,0x03E70006,0x00000102,wtr_mist,0x00000000,0x00000000,0x00000000,0x00000000
0x00001900,8007,0x00000000,0x03E70007,0x00000102,wtr_rain,0x00000000,0x00000000,0x00000000,0x00000000
0x00001930,8017,0x00000000,0x03E70008,0x00000102,wtr_fogd,0x00000000,0x00000000,0x00000000,0x00000000
0x00001960,8065,0x00000000,0x03E70009,0x00000102,wtr_h001,0x00000000,0x00000000,0x00000000,0x00000000
0x00001990,8031,0x00000000,0x03E7000C,0x00000102,wtr_chry,0x00000000,0x00000000,0x00000000,0x00000000
0x000019C0,8030,0x00000000,0x03E7000D,0x00000102,wtr_comp,0x00000000,0x00000000,0x00000000,0x00000000
0x000019F0,8032,0x00000000,0x03E7000E,0x00000102,wtr_xmas,0x00000000,0x00000000,0x00000000,0x00000000
0x00001A20,0,0x00000001,0x03E70002,0x00000102,sky_celestial,0x00000000,0x00000000,0x00000000,0x00000000
0x00001A50,581,0x00001000,0x03E70000,0x00000102,lak_l0_low,0x00000000,0x00000000,0x00000000,0x00000000
0x00001A80,501,0x00002000,0x03E70001,0x00000102,lak_l0_fld01,0x00000000,0x00000000,0x00000000,0x00000000
0x00001AB0,511,0x00002002,0x03E7000B,0x00000102,lak_l0_dun01,0x00000000,0x00000000,0x00000000,0x00000000
0x00001AE0,591,0x00004000,0x03E7000F,0x00000102,lak_l0_air01,0x00000000,0x00000000,0x00000000,0x00000000
0x00007690,129,0x00000001,0x03E70000,0x0000000F,lak_l0,0x00000000,0x00000000,0x00000000,0x00000000
0x000076C0,8001,0x00000000,0x03E70003,0x00000102,wtr_fine,0x00000000,0x00000000,0x00000000,0x00000000
0x000076F0,8002,0x00000000,0x03E70004,0x00000102,wtr_suny,0x00000000,0x00000000,0x00000000,0x00000000
0x00007720,8003,0x00000000,0x03E70005,0x00000102,wtr_clod,0x00000000,0x00000000,0x00000000,0x00000000
0x00007750,8004,0x00000000,0x03E70006,0x00000102,wtr_mist,0x00000000,0x00000000,0x00000000,0x00000000
0x00007780,8007,0x00000000,0x03E70007,0x00000102,wtr_rain,0x00000000,0x00000000,0x00000000,0x00000000
0x000077B0,8017,0x00000000,0x03E70008,0x00000102,wtr_fogd,0x00000000,0x00000000,0x00000000,0x00000000
0x000077E0,8065,0x00000000,0x03E70009,0x00000102,wtr_h001,0x00000000,0x00000000,0x00000000,0x00000000
0x00007810,8031,0x00000000,0x03E7000C,0x00000102,wtr_chry,0x00000000,0x00000000,0x00000000,0x00000000
0x00007840,8030,0x00000000,0x03E7000D,0x00000102,wtr_comp,0x00000000,0x00000000,0x00000000,0x00000000
0x00007870,8032,0x00000000,0x03E7000E,0x00000102,wtr_xmas,0x00000000,0x00000000,0x00000000,0x00000000
0x000078A0,0,0x00000001,0x03E70002,0x00000102,sky_celestial,0x00000000,0x00000000,0x00000000,0x00000000
0x000078D0,581,0x00001000,0x03E70000,0x00000102,lak_l0_low,0x00000000,0x00000000,0x00000000,0x00000000
0x00007900,501,0x00002000,0x03E70001,0x00000102,lak_l0_fld01,0x00000000,0x00000000,0x00000000,0x00000000
0x00007930,511,0x00002002,0x03E7000B,0x00000102,lak_l0_dun01,0x00000000,0x00000000,0x00000000,0x00000000
0x00007960,591,0x00004000,0x03E7000F,0x00000102,lak_l0_air01,0x00000000,0x00000000,0x00000000,0x00000000
