frame,time_seconds,yavg,satavg,ydif
0.0,0.0,62.0005,7.92198,0.0
1.0,0.1,62.7152,8.01044,12.2578
2.0,0.2,62.8288,8.01603,3.05853
3.0,0.3,63.2506,8.08469,2.65977
4.0,0.4,64.0622,8.28832,1.46829
5.0,0.5,64.9045,8.39034,3.92654
6.0,0.6,65.4406,8.4862,2.63818
7.0,0.7,66.2898,8.63575,4.03499
8.0,0.8,66.9711,8.72681,2.99044
9.0,0.9,67.9328,8.89054,2.37079
10.0,1.0,69.6659,9.43327,3.12598
11.0,1.1,70.046,9.43737,0.460391
12.0,1.2,71.0292,9.54577,1.14554
13.0,1.3,72.026,9.79119,1.39986
14.0,1.4,72.8686,9.81939,1.00725
15.0,1.5,73.5207,9.82519,0.703531
16.0,1.6,75.2844,9.97102,1.93986
17.0,1.7,76.8066,10.0719,1.81214
18.0,1.8,77.5883,10.0928,0.936131
19.0,1.9,80.2216,9.99436,2.99296
20.0,2.0,79.245,4.12218,16.8811
21.0,2.1,79.3004,4.0815,0.27781
22.0,2.2,79.3196,3.98476,0.529248
23.0,2.3,79.3592,3.93723,0.783262
24.0,2.4,79.4094,3.91018,0.444208
25.0,2.5,79.5051,3.90632,0.20546
26.0,2.6,79.5133,3.90776,0.114843
27.0,2.7,79.6002,3.89938,0.533696
28.0,2.8,79.7004,3.88714,0.500037
29.0,2.9,79.6625,3.8862,0.233275
30.0,3.0,79.6407,3.81082,0.976251
31.0,3.1,79.6574,3.81525,0.125388
32.0,3.2,79.6771,3.81282,0.0905899
33.0,3.3,79.6843,3.81837,0.191111
34.0,3.4,79.6516,3.84193,0.334651
35.0,3.5,79.6795,3.86339,0.308974
36.0,3.6,79.6783,3.86762,0.136233
37.0,3.7,79.6955,3.86926,0.181403
38.0,3.8,79.694,3.8686,0.132102
39.0,3.9,79.6608,3.86459,0.100349
40.0,4.0,79.6486,3.83852,0.83348
41.0,4.1,79.6598,3.83658,0.0727905
42.0,4.2,79.6795,3.83322,0.106087
