code,quest_file,uses_StartPrivateQuestBattle,uses_CreateContentArea,directors
Pgl200,pgl200.lua,1,0,QuestDirectorClassPgl200.lua
Pgl300,pgl300.lua,0,0,QuestDirectorClassPgl300.lua
Pgl306,pgl306.lua,0,0,QuestDirectorClassPgl306.lua
Gla200,gla200.lua,0,0,QuestDirectorClassGla200.lua
Gla300,gla300.lua,0,0,QuestDirectorClassGla300.lua
Gla306,gla306.lua,0,0,QuestDirectorClassGla306.lua
Exc200,exc200.lua,0,0,QuestDirectorClassExc200.lua
Exc300,exc300.lua,0,0,QuestDirectorClassExc306Survival.lua
Exc306,exc306.lua,1,1,QuestDirectorClassExc306Rematch.lua;QuestDirectorClassExc306Survival.lua
Arc200,arc200.lua,0,0,QuestDirectorClassArc200.lua
Arc300,arc300.lua,1,0,QuestDirectorClassArc300.lua
Arc306,arc306.lua,1,0,QuestDirectorClassArc306Duel.lua;QuestDirectorClassArc306Escape.lua
Lnc200,lnc200.lua,0,0,QuestDirectorClassLnc200.lua
Lnc300,lnc300.lua,0,0,QuestDirectorClassLnc300.lua
Lnc306,lnc306.lua,0,0,QuestDirectorClassLnc306.lua
Thm200,thm200.lua,0,0,QuestDirectorClassThm200.lua
Thm300,thm300.lua,0,0,QuestDirectorClassThm300.lua
Thm306,thm306.lua,0,0,QuestDirectorClassThm306.lua
Cnj200,cnj200.lua,0,0,QuestDirectorClassCnj200.lua
Cnj300,cnj300.lua,0,0,QuestDirectorClassCnj300.lua
Cnj306,cnj306.lua,1,1,
Wdk200,wdk200.lua,0,0,
Wdk300,wdk300.lua,0,0,
Wdk306,wdk306.lua,0,0,
Bsm200,bsm200.lua,0,0,
Bsm300,bsm300.lua,0,0,
Bsm306,bsm306.lua,0,0,
Gld200,gld200.lua,0,0,
Gld300,gld300.lua,0,0,
Gld306,gld306.lua,0,0,
Tan200,tan200.lua,0,0,
Tan300,tan300.lua,0,0,
Tan306,tan306.lua,0,0,
Wvr200,wvr200.lua,0,0,
Wvr300,wvr300.lua,0,0,
Wvr306,wvr306.lua,0,0,
Alc200,alc200.lua,0,0,
Alc300,alc300.lua,0,0,
Alc306,alc306.lua,0,0,
Cul200,cul200.lua,0,0,
Cul300,cul300.lua,0,0,
Cul306,cul306.lua,0,0,
Min200,min200.lua,0,0,
Min300,min300.lua,0,0,
Min306,min306.lua,0,0,
Hrv200,hrv200.lua,0,0,
Hrv300,hrv300.lua,0,0,
Hrv306,hrv306.lua,0,0,
Fsh200,fsh200.lua,0,0,
Fsh300,fsh300.lua,0,0,
Fsh306,fsh306.lua,0,0,
