sheet_id,sheet_name,loads,script_count,dat_csv_exists,dat_data_rows,dat_bytes,top_tags,scripts
151,acn200,1,1,True,39,23250,quest:1,quest/scenario/acn/acn200
155,acn300,1,1,True,52,28006,quest:1,quest/scenario/acn/acn300
159,acn306,1,1,True,46,15690,quest:1,quest/scenario/acn/acn306
163,acn400,1,1,True,78,33730,quest:1,quest/scenario/acn/acn400
221,acn500,1,1,True,62,30403,quest:1,quest/scenario/acn/acn500
225,acn506,1,1,True,84,40954,quest:1,quest/scenario/acn/acn506
299,aetheryteChild,1,1,True,60,17289,chara:1;object:1,chara/npc/object/aetheryte/aetherytechild
303,aetheryteParent,1,1,True,235,119030,chara:1;object:1,chara/npc/object/aetheryte/aetheryteparent
335,alc200,1,1,True,83,39417,quest:1,quest/scenario/alc/alc200
1383,alc300,1,1,True,108,55032,quest:1,quest/scenario/alc/alc300
1396,alc306,1,1,True,68,25722,quest:1,quest/scenario/alc/alc306
1409,alc400,1,1,True,87,19334,quest:1,quest/scenario/alc/alc400
1422,alc500,1,1,True,75,9738,quest:1,quest/scenario/alc/alc500
1435,alc506,1,1,True,79,12168,quest:1,quest/scenario/alc/alc506
347,arc200,1,1,True,79,40533,quest:1,quest/scenario/arc/arc200
351,arc300,1,1,True,98,45143,quest:1,quest/scenario/arc/arc300
355,arc306,1,1,True,77,39416,quest:1,quest/scenario/arc/arc306
359,arc400,1,1,True,82,26712,quest:1,quest/scenario/arc/arc400
363,arc500,1,1,True,92,19306,quest:1,quest/scenario/arc/arc500
367,arc506,1,1,True,79,20976,quest:1,quest/scenario/arc/arc506
10432,beaconFortGateGimmick,1,1,True,8,1156,area:1;chara:1,chara/npc/gimmick/gimmickmapobj/beaconfortgategimmick
8612,blm0j1,1,1,True,75,48523,quest:1,quest/scenario/blm/blm0j1
8628,blm0j2,1,1,True,20,10370,quest:1,quest/scenario/blm/blm0j2
8644,blm0j3,1,1,True,46,33657,quest:1,quest/scenario/blm/blm0j3
8660,blm0j4,1,1,True,37,23276,quest:1,quest/scenario/blm/blm0j4
8676,blm0j5,1,1,True,27,21768,quest:1,quest/scenario/blm/blm0j5
8692,blm0j6,1,1,True,101,60619,quest:1,quest/scenario/blm/blm0j6
2733,bookShelf,1,1,True,81,23690,chara:1;object:1,chara/npc/object/bookshelf
8292,brd0j1,1,1,True,67,44680,quest:1,quest/scenario/brd/brd0j1
8308,brd0j2,1,1,True,26,18544,quest:1,quest/scenario/brd/brd0j2
8324,brd0j3,1,1,True,24,17760,quest:1,quest/scenario/brd/brd0j3
8340,brd0j4,1,1,True,34,18799,quest:1,quest/scenario/brd/brd0j4
8356,brd0j5,1,1,True,26,14962,quest:1,quest/scenario/brd/brd0j5
8372,brd0j6,1,1,True,45,26210,quest:1,quest/scenario/brd/brd0j6
102,bsm200,1,1,True,87,72319,quest:1,quest/scenario/bsm/bsm200
229,bsm300,1,1,True,158,96042,quest:1,quest/scenario/bsm/bsm300
249,bsm306,1,1,True,135,68476,quest:1,quest/scenario/bsm/bsm306
233,bsm400,1,1,True,105,31734,quest:1,quest/scenario/bsm/bsm400
237,bsm500,1,1,True,43,21506,quest:1,quest/scenario/bsm/bsm500
241,bsm506,1,1,True,53,18390,quest:1,quest/scenario/bsm/bsm506
7680,chocoboCaravanGuard,1,1,True,11,4055,chara:1;monster:1;caravan:1,chara/npc/monster/chocobo/chocobocaravanguard
479,cnj200,1,1,True,96,50310,quest:1,quest/scenario/cnj/cnj200
483,cnj300,1,1,True,129,61772,quest:1,quest/scenario/cnj/cnj300
487,cnj306,1,1,True,105,50100,quest:1,quest/scenario/cnj/cnj306
491,cnj400,1,1,True,108,21215,quest:1,quest/scenario/cnj/cnj400
495,cnj500,1,1,True,39,9130,quest:1,quest/scenario/cnj/cnj500
499,cnj506,1,1,True,43,4614,quest:1,quest/scenario/cnj/cnj506
5952,com0g1,1,1,True,61,40010,quest:1,quest/scenario/com/com0g1
5968,com0g2,1,1,True,20,13162,quest:1,quest/scenario/com/com0g2
5984,com0g3,1,1,True,14,9153,quest:1,quest/scenario/com/com0g3
6000,com0g4,1,1,True,59,37459,quest:1,quest/scenario/com/com0g4
6016,com0g5,1,1,True,87,60626,quest:1,quest/scenario/com/com0g5
6032,com0g6,1,1,True,81,51860,quest:1,quest/scenario/com/com0g6
6048,com0g7,1,1,True,43,25770,quest:1,quest/scenario/com/com0g7
6096,com0l1,1,1,True,58,41292,quest:1,quest/scenario/com/com0l1
6112,com0l2,1,1,True,21,15425,quest:1,quest/scenario/com/com0l2
6128,com0l3,1,1,True,14,9008,quest:1,quest/scenario/com/com0l3
6144,com0l4,1,1,True,62,44168,quest:1,quest/scenario/com/com0l4
6160,com0l5,1,1,True,78,53897,quest:1,quest/scenario/com/com0l5
6176,com0l6,1,1,True,106,69856,quest:1,quest/scenario/com/com0l6
6192,com0l7,1,1,True,41,27292,quest:1,quest/scenario/com/com0l7
6240,com0u1,1,1,True,57,38161,quest:1,quest/scenario/com/com0u1
6256,com0u2,1,1,True,20,12420,quest:1,quest/scenario/com/com0u2
6272,com0u3,1,1,True,14,9121,quest:1,quest/scenario/com/com0u3
6288,com0u4,1,1,True,60,39076,quest:1,quest/scenario/com/com0u4
6304,com0u5,1,1,True,96,64188,quest:1,quest/scenario/com/com0u5
6320,com0u6,1,1,True,78,55936,quest:1,quest/scenario/com/com0u6
6336,com0u7,1,1,True,40,27214,quest:1,quest/scenario/com/com0u7
6384,com5g0,1,1,True,73,49561,quest:1,quest/scenario/com/com5g0
6400,com5g1,1,1,True,66,50657,quest:1,quest/scenario/com/com5g1
6480,com5l0,1,1,True,90,79035,quest:1,quest/scenario/com/com5l0
6496,com5l1,1,1,True,63,56335,quest:1,quest/scenario/com/com5l1
6576,com5u0,1,1,True,79,60134,quest:1,quest/scenario/com/com5u0
6592,com5u1,1,1,True,62,52547,quest:1,quest/scenario/com/com5u1
7728,companyleveRescueNormal,1,1,True,27,13584,quest:1,director/guildleve/companyleverescuenormal
16,craftJudge,1,1,True,28,12522,item:1;judge:1,judge/craft/craftjudge
106,cul200,1,1,True,107,49530,quest:1,quest/scenario/cul/cul200
113,cul300,1,1,True,98,57199,quest:1,quest/scenario/cul/cul300
253,cul306,1,1,True,102,55679,quest:1,quest/scenario/cul/cul306
257,cul400,1,1,True,124,48721,quest:1,quest/scenario/cul/cul400
261,cul500,1,1,True,140,38414,quest:1,quest/scenario/cul/cul500
265,cul506,1,1,True,160,49373,quest:1,quest/scenario/cul/cul506
0,debug,1,1,True,38,9494,system:1;debug:1,system/debug
307,dftFst,1,1,True,801,365758,quest:1,quest/scenario/defaulttalk/dftfst
1457,dftLak,1,1,True,186,142338,quest:1,quest/scenario/defaulttalk/dftlak
1470,dftRoc,1,1,True,73,44654,quest:1,quest/scenario/defaulttalk/dftroc
311,dftSea,1,1,True,801,373947,quest:1,quest/scenario/defaulttalk/dftsea
69,dftSrt,1,1,True,4,999,quest:1,quest/scenario/defaulttalk/dftsrt
315,dftWil,1,1,True,801,398330,quest:1,quest/scenario/defaulttalk/dftwil
8772,drg0j1,1,1,True,50,32824,quest:1,quest/scenario/drg/drg0j1
8788,drg0j2,1,1,True,24,19515,quest:1,quest/scenario/drg/drg0j2
8804,drg0j3,1,1,True,27,22642,quest:1,quest/scenario/drg/drg0j3
8820,drg0j4,1,1,True,40,23447,quest:1,quest/scenario/drg/drg0j4
8836,drg0j5,1,1,True,28,15825,quest:1,quest/scenario/drg/drg0j5
8852,drg0j6,1,1,True,41,21360,quest:1,quest/scenario/drg/drg0j6
2112,elevatorStandard,1,1,True,36,3595,chara:1;object:1,chara/npc/object/elevatorstandard
2749,etc0g1,1,1,True,26,6263,quest:1,quest/scenario/etc/etc0g1
2765,etc0g2,1,1,True,32,5244,quest:1,quest/scenario/etc/etc0g2
2781,etc0g3,1,1,True,24,4457,quest:1,quest/scenario/etc/etc0g3
2797,etc0g4,1,1,True,74,10796,quest:1,quest/scenario/etc/etc0g4
2813,etc0g5,1,1,True,1,60,quest:1,quest/scenario/etc/etc0g5
2829,etc0g6,1,1,True,1,60,quest:1,quest/scenario/etc/etc0g6
2845,etc0g7,1,1,True,1,60,quest:1,quest/scenario/etc/etc0g7
2861,etc0g8,1,1,True,1,60,quest:1,quest/scenario/etc/etc0g8
2877,etc0g9,1,1,True,1,60,quest:1,quest/scenario/etc/etc0g9
2893,etc0l1,1,1,True,21,5455,quest:1,quest/scenario/etc/etc0l1
2909,etc0l2,1,1,True,28,5316,quest:1,quest/scenario/etc/etc0l2
2925,etc0l3,1,1,True,30,5998,quest:1,quest/scenario/etc/etc0l3
2941,etc0l4,1,1,True,49,8870,quest:1,quest/scenario/etc/etc0l4
2957,etc0l5,1,1,True,1,60,quest:1,quest/scenario/etc/etc0l5
2973,etc0l6,1,1,True,1,60,quest:1,quest/scenario/etc/etc0l6
2989,etc0l7,1,1,True,1,60,quest:1,quest/scenario/etc/etc0l7
3005,etc0l8,1,1,True,1,60,quest:1,quest/scenario/etc/etc0l8
3021,etc0l9,1,1,True,1,60,quest:1,quest/scenario/etc/etc0l9
3037,etc0u1,1,1,True,22,5258,quest:1,quest/scenario/etc/etc0u1
3053,etc0u2,1,1,True,38,5533,quest:1,quest/scenario/etc/etc0u2
3069,etc0u3,1,1,True,29,5309,quest:1,quest/scenario/etc/etc0u3
3085,etc0u4,1,1,True,54,9371,quest:1,quest/scenario/etc/etc0u4
3101,etc0u5,1,1,True,1,60,quest:1,quest/scenario/etc/etc0u5
3117,etc0u6,1,1,True,1,60,quest:1,quest/scenario/etc/etc0u6
3133,etc0u7,1,1,True,1,60,quest:1,quest/scenario/etc/etc0u7
3149,etc0u8,1,1,True,1,60,quest:1,quest/scenario/etc/etc0u8
3165,etc0u9,1,1,True,1,60,quest:1,quest/scenario/etc/etc0u9
7392,etc101,1,1,True,18,15618,quest:1,quest/scenario/etc/etc101
7408,etc102,1,1,True,34,30659,quest:1,quest/scenario/etc/etc102
7424,etc103,1,1,True,22,17388,quest:1,quest/scenario/etc/etc103
7440,etc104,1,1,True,28,26739,quest:1,quest/scenario/etc/etc104
10416,etc106,1,1,True,344,353773,quest:1,quest/scenario/etc/etc106
3357,etc1g0,1,1,True,17,11970,quest:1,quest/scenario/etc/etc1g0
3361,etc1g1,1,1,True,17,12088,quest:1,quest/scenario/etc/etc1g1
3377,etc1g2,1,1,True,43,25138,quest:1,quest/scenario/etc/etc1g2
3403,etc1g4,1,1,True,34,14995,quest:1,quest/scenario/etc/etc1g4
3459,etc1g5,1,1,True,28,18061,quest:1,quest/scenario/etc/etc1g5
3443,etc1g6,1,1,True,47,36010,quest:1,quest/scenario/etc/etc1g6
3451,etc1g8,1,1,True,30,16386,quest:1,quest/scenario/etc/etc1g8
3455,etc1g9,1,1,True,13,8149,quest:1,quest/scenario/etc/etc1g9
3369,etc1l0,1,1,True,19,16680,quest:1,quest/scenario/etc/etc1l0
3385,etc1l1,1,1,True,19,10715,quest:1,quest/scenario/etc/etc1l1
3393,etc1l3,1,1,True,12,11376,quest:1,quest/scenario/etc/etc1l3
3415,etc1l5,1,1,True,36,18804,quest:1,quest/scenario/etc/etc1l5
3407,etc1l6,1,1,True,19,10926,quest:1,quest/scenario/etc/etc1l6
3411,etc1l7,1,1,True,43,26140,quest:1,quest/scenario/etc/etc1l7
3419,etc1l8,1,1,True,42,27868,quest:1,quest/scenario/etc/etc1l8
3423,etc1l9,1,1,True,17,11958,quest:1,quest/scenario/etc/etc1l9
3365,etc1u0,1,1,True,13,13171,quest:1,quest/scenario/etc/etc1u0
3373,etc1u1,1,1,True,18,13138,quest:1,quest/scenario/etc/etc1u1
3381,etc1u2,1,1,True,21,18188,quest:1,quest/scenario/etc/etc1u2
3389,etc1u4,1,1,True,37,25289,quest:1,quest/scenario/etc/etc1u4
3463,etc1u5,1,1,True,29,11678,quest:1,quest/scenario/etc/etc1u5
3427,etc1u6,1,1,True,22,16215,quest:1,quest/scenario/etc/etc1u6
3431,etc1u7,1,1,True,13,12314,quest:1,quest/scenario/etc/etc1u7
3435,etc1u8,1,1,True,19,17238,quest:1,quest/scenario/etc/etc1u8
3439,etc1u9,1,1,True,17,11617,quest:1,quest/scenario/etc/etc1u9
8932,etc200,1,1,True,26,22929,quest:1,quest/scenario/etc/etc200
8948,etc201,1,1,True,40,29899,quest:1,quest/scenario/etc/etc201
3467,etc2g0,1,1,True,31,28582,quest:1,quest/scenario/etc/etc2g0
3471,etc2g1,1,1,True,13,11752,quest:1,quest/scenario/etc/etc2g1
3475,etc2g2,1,1,True,11,12389,quest:1,quest/scenario/etc/etc2g2
3479,etc2g3,1,1,True,11,8977,quest:1,quest/scenario/etc/etc2g3
3483,etc2g4,1,1,True,28,22919,quest:1,quest/scenario/etc/etc2g4
3487,etc2g5,1,1,True,18,17094,quest:1,quest/scenario/etc/etc2g5
3491,etc2g6,1,1,True,20,5784,quest:1,quest/scenario/etc/etc2g6
4803,etc2i0,1,1,True,16,13755,quest:1,quest/scenario/etc/etc2i0
4819,etc2i1,1,1,True,15,14556,quest:1,quest/scenario/etc/etc2i1
4835,etc2i2,1,1,True,30,16745,quest:1,quest/scenario/etc/etc2i2
3507,etc2l0,1,1,True,17,11446,quest:1,quest/scenario/etc/etc2l0
3511,etc2l1,1,1,True,19,14873,quest:1,quest/scenario/etc/etc2l1
3519,etc2l3,1,1,True,36,22464,quest:1,quest/scenario/etc/etc2l3
3527,etc2l5,1,1,True,19,16344,quest:1,quest/scenario/etc/etc2l5
3547,etc2u0,1,1,True,15,11202,quest:1,quest/scenario/etc/etc2u0
3551,etc2u1,1,1,True,22,24484,quest:1,quest/scenario/etc/etc2u1
3555,etc2u2,1,1,True,18,15675,quest:1,quest/scenario/etc/etc2u2
3567,etc2u5,1,1,True,25,19134,quest:1,quest/scenario/etc/etc2u5
7472,etc303,1,1,True,24,19109,quest:1,quest/scenario/etc/etc303
10448,etc304,1,1,True,144,71332,quest:1,quest/scenario/etc/etc304
4483,etc3g0,1,1,True,44,32718,quest:1,quest/scenario/etc/etc3g0
4499,etc3g1,1,1,True,55,41793,quest:1,quest/scenario/etc/etc3g1
4515,etc3g2,1,1,True,46,25598,quest:1,quest/scenario/etc/etc3g2
4531,etc3g3,1,1,True,38,25147,quest:1,quest/scenario/etc/etc3g3
4643,etc3l0,1,1,True,35,32259,quest:1,quest/scenario/etc/etc3l0
4659,etc3l1,1,1,True,50,45417,quest:1,quest/scenario/etc/etc3l1
4675,etc3l2,1,1,True,40,38671,quest:1,quest/scenario/etc/etc3l2
4691,etc3l3,1,1,True,25,21651,quest:1,quest/scenario/etc/etc3l3
4323,etc3u0,1,1,True,39,28196,quest:1,quest/scenario/etc/etc3u0
4339,etc3u1,1,1,True,55,40161,quest:1,quest/scenario/etc/etc3u1
4355,etc3u2,1,1,True,40,24203,quest:1,quest/scenario/etc/etc3u2
4371,etc3u3,1,1,True,36,22067,quest:1,quest/scenario/etc/etc3u3
4467,etc3u9,1,1,True,22,11956,quest:1,quest/scenario/etc/etc3u9
9092,etc5g0,1,1,True,43,30914,quest:1,quest/scenario/etc/etc5g0
9108,etc5g1,1,1,True,30,16317,quest:1,quest/scenario/etc/etc5g1
9252,etc5l0,1,1,True,40,26160,quest:1,quest/scenario/etc/etc5l0
9268,etc5l1,1,1,True,48,29334,quest:1,quest/scenario/etc/etc5l1
9284,etc5l2,1,1,True,37,23872,quest:1,quest/scenario/etc/etc5l2
9300,etc5l3,1,1,True,88,46684,quest:1,quest/scenario/etc/etc5l3
9412,etc5u0,1,1,True,41,29526,quest:1,quest/scenario/etc/etc5u0
9428,etc5u1,1,1,True,31,19027,quest:1,quest/scenario/etc/etc5u1
11,exc200,1,1,True,73,35648,quest:1,quest/scenario/exc/exc200
117,exc300,1,1,True,138,68186,quest:1,quest/scenario/exc/exc300
121,exc306,1,1,True,149,72567,quest:1,quest/scenario/exc/exc306
287,exc400,1,1,True,168,52929,quest:1,quest/scenario/exc/exc400
291,exc500,1,1,True,74,24968,quest:1,quest/scenario/exc/exc500
295,exc506,1,1,True,67,19947,quest:1,quest/scenario/exc/exc506
131,fsh200,1,1,True,54,39064,quest:1,quest/scenario/fsh/fsh200
90,fsh300,1,1,True,148,76938,quest:1,quest/scenario/fsh/fsh300
135,fsh306,1,1,True,100,61790,quest:1,quest/scenario/fsh/fsh306
139,fsh400,1,1,True,76,27852,quest:1,quest/scenario/fsh/fsh400
143,fsh500,1,1,True,48,16442,quest:1,quest/scenario/fsh/fsh500
147,fsh506,1,1,True,56,24120,quest:1,quest/scenario/fsh/fsh506
7792,gcg102,1,1,True,117,81078,quest:1,quest/scenario/gcg/gcg102
8036,gcg103,1,1,True,78,37104,quest:1,quest/scenario/gcg/gcg103
10304,gcg105,1,1,True,1,68,quest:1,quest/scenario/gcg/gcg105
10320,gcg106,1,1,True,1,68,quest:1,quest/scenario/gcg/gcg106
10464,gcg107,1,1,True,1,68,quest:1,quest/scenario/gcg/gcg107
6880,gcg301,1,1,True,25,25328,quest:1,quest/scenario/gcg/gcg301
6896,gcg302,1,1,True,37,29747,quest:1,quest/scenario/gcg/gcg302
6912,gcg303,1,1,True,38,28145,quest:1,quest/scenario/gcg/gcg303
6928,gcg304,1,1,True,75,61393,quest:1,quest/scenario/gcg/gcg304
7744,gcg305,1,1,True,27,25888,quest:1,quest/scenario/gcg/gcg305
7808,gcg701,1,1,True,501,50895,quest:1,quest/scenario/gcg/gcg701
10480,gcg702,1,1,True,30,21160,quest:1,quest/scenario/gcg/gcg702
6976,gcl101,1,1,True,179,157794,quest:1,quest/scenario/gcl/gcl101
7824,gcl102,1,1,True,103,81017,quest:1,quest/scenario/gcl/gcl102
8068,gcl103,1,1,True,63,32211,quest:1,quest/scenario/gcl/gcl103
8084,gcl104,1,1,True,262,170510,quest:1,quest/scenario/gcl/gcl104
10336,gcl105,1,1,True,396,243394,quest:1,quest/scenario/gcl/gcl105
10352,gcl106,1,1,True,212,133301,quest:1,quest/scenario/gcl/gcl106
10496,gcl107,1,1,True,307,163671,quest:1,quest/scenario/gcl/gcl107
6992,gcl301,1,1,True,28,24633,quest:1,quest/scenario/gcl/gcl301
7008,gcl302,1,1,True,23,17361,quest:1,quest/scenario/gcl/gcl302
7024,gcl303,1,1,True,29,23997,quest:1,quest/scenario/gcl/gcl303
7040,gcl304,1,1,True,49,46665,quest:1,quest/scenario/gcl/gcl304
7760,gcl305,1,1,True,21,16858,quest:1,quest/scenario/gcl/gcl305
7840,gcl701,1,1,True,54,40955,quest:1,quest/scenario/gcl/gcl701
10512,gcl702,1,1,True,28,20314,quest:1,quest/scenario/gcl/gcl702
7856,gcu102,1,1,True,88,62233,quest:1,quest/scenario/gcu/gcu102
8100,gcu103,1,1,True,48,32593,quest:1,quest/scenario/gcu/gcu103
10368,gcu105,1,1,True,1,68,quest:1,quest/scenario/gcu/gcu105
10384,gcu106,1,1,True,1,68,quest:1,quest/scenario/gcu/gcu106
10528,gcu107,1,1,True,1,68,quest:1,quest/scenario/gcu/gcu107
7104,gcu301,1,1,True,25,28745,quest:1,quest/scenario/gcu/gcu301
7120,gcu302,1,1,True,55,38550,quest:1,quest/scenario/gcu/gcu302
7136,gcu303,1,1,True,31,22976,quest:1,quest/scenario/gcu/gcu303
7152,gcu304,1,1,True,59,46122,quest:1,quest/scenario/gcu/gcu304
7776,gcu305,1,1,True,31,20370,quest:1,quest/scenario/gcu/gcu305
7872,gcu701,1,1,True,54,42556,quest:1,quest/scenario/gcu/gcu701
10544,gcu702,1,1,True,30,21157,quest:1,quest/scenario/gcu/gcu702
10064,gimmickExitRect,1,1,True,6,1243,chara:1,chara/npc/gimmick/gimmickexitrect
10080,gimmickPoisonCure,1,1,True,6,1037,chara:1,chara/npc/gimmick/gimmickpoisoncure
10096,gimmickTerminal,1,1,True,2,422,chara:1,chara/npc/gimmick/gimmickterminal
10112,gimmickWarp,1,1,True,9,1287,chara:1,chara/npc/gimmick/gimmickwarp
513,gla200,1,1,True,69,36612,quest:1,quest/scenario/gla/gla200
517,gla300,1,1,True,177,80449,quest:1,quest/scenario/gla/gla300
521,gla306,1,1,True,120,52766,quest:1,quest/scenario/gla/gla306
525,gla400,1,1,True,92,28573,quest:1,quest/scenario/gla/gla400
1816,gld200,1,1,True,102,49942,quest:1,quest/scenario/gld/gld200
1492,gld300,1,1,True,113,62419,quest:1,quest/scenario/gld/gld300
1505,gld306,1,1,True,78,40319,quest:1,quest/scenario/gld/gld306
1518,gld400,1,1,True,60,15143,quest:1,quest/scenario/gld/gld400
1531,gld500,1,1,True,102,12813,quest:1,quest/scenario/gld/gld500
1544,gld506,1,1,True,63,9667,quest:1,quest/scenario/gld/gld506
10,guildleveWarpPoint,1,1,True,5,929,quest:1;chara:1;object:1,chara/npc/object/guildlevewarppoint
1308,harvestJudge,1,1,True,75,37116,judge:1,judge/harvest/harvestjudge
245,hrv200,1,1,True,64,34053,quest:1,quest/scenario/hrv/hrv200
371,hrv300,1,1,True,104,69801,quest:1,quest/scenario/hrv/hrv300
375,hrv306,1,1,True,118,57135,quest:1,quest/scenario/hrv/hrv306
379,hrv400,1,1,True,36,10019,quest:1,quest/scenario/hrv/hrv400
383,hrv500,1,1,True,25,10922,quest:1,quest/scenario/hrv/hrv500
387,hrv506,1,1,True,87,29276,quest:1,quest/scenario/hrv/hrv506
9920,instanceRaidGuideAurumVale,1,1,True,20,14822,instance:1;chara:1;populace:1,chara/npc/populace/instanceraidguide/instanceraidguideaurumvale
9936,instanceRaidGuideCuttersCry,1,1,True,30,27069,instance:1;chara:1;populace:1,chara/npc/populace/instanceraidguide/instanceraidguidecutterscry
10208,InstanceRaidHamletDefense,1,1,True,28,14052,instance:1;hamlet:1,director/instanceraid/instanceraidhamletdefense
455,lnc200,1,1,True,68,33620,quest:1,quest/scenario/lnc/lnc200
459,lnc300,1,1,True,160,88648,quest:1,quest/scenario/lnc/lnc300
463,lnc306,1,1,True,110,53198,quest:1,quest/scenario/lnc/lnc306
467,lnc400,1,1,True,95,25746,quest:1,quest/scenario/lnc/lnc400
471,lnc500,1,1,True,93,24550,quest:1,quest/scenario/lnc/lnc500
475,lnc506,1,1,True,89,12429,quest:1,quest/scenario/lnc/lnc506
391,man0g0,1,1,True,79,21766,quest:1,quest/scenario/man/man0g0
395,man0g1,1,1,True,363,167037,quest:1,quest/scenario/man/man0g1
21,man0l0,1,1,True,98,36987,quest:1,quest/scenario/man/man0l0
94,man0l1,1,1,True,312,180681,quest:1,quest/scenario/man/man0l1
1351,man0u0,1,1,True,109,34944,quest:1,quest/scenario/man/man0u0
1359,man0u1,1,1,True,357,176584,quest:1,quest/scenario/man/man0u1
399,man1g0,1,1,True,229,100968,quest:1,quest/scenario/man/man1g0
98,man1l0,1,1,True,199,99381,quest:1,quest/scenario/man/man1l0
1363,man1u0,1,1,True,224,106386,quest:1,quest/scenario/man/man1u0
1557,man200,1,1,True,304,167900,quest:1,quest/scenario/man/man200
1570,man206,1,1,True,372,180179,quest:1,quest/scenario/man/man206
403,man2g0,1,1,True,280,101399,quest:1,quest/scenario/man/man2g0
23,man2l0,1,1,True,151,62404,quest:1,quest/scenario/man/man2l0
1367,man2u0,1,1,True,181,61722,quest:1,quest/scenario/man/man2u0
1583,man300,1,1,True,364,166595,quest:1,quest/scenario/man/man300
1596,man304,1,1,True,297,161436,quest:1,quest/scenario/man/man304
1609,man308,1,1,True,390,197998,quest:1,quest/scenario/man/man308
1622,man402,1,1,True,161,82240,quest:1,quest/scenario/man/man402
1635,man406,1,1,True,292,119159,quest:1,quest/scenario/man/man406
1648,man502,1,1,True,425,30364,quest:1,quest/scenario/man/man502
1661,man504,1,1,True,292,13556,quest:1,quest/scenario/man/man504
175,mapObjPortDoor,1,1,True,9,2332,area:1;chara:1,chara/npc/mapobj/mapobjportdoor
7592,materiaBook,1,1,True,52,28155,item:1;chara:1;object:1,chara/npc/object/materiabook
1829,min200,1,1,True,108,50900,quest:1,quest/scenario/min/min200
1674,min300,1,1,True,157,69118,quest:1,quest/scenario/min/min300
1687,min306,1,1,True,145,58579,quest:1,quest/scenario/min/min306
1700,min400,1,1,True,59,12613,quest:1,quest/scenario/min/min400
1713,min500,1,1,True,87,11906,quest:1,quest/scenario/min/min500
1726,min506,1,1,True,65,9048,quest:1,quest/scenario/min/min506
8452,mnk0j1,1,1,True,57,44098,quest:1,quest/scenario/mnk/mnk0j1
8468,mnk0j2,1,1,True,43,29807,quest:1,quest/scenario/mnk/mnk0j2
8484,mnk0j3,1,1,True,61,41920,quest:1,quest/scenario/mnk/mnk0j3
8500,mnk0j4,1,1,True,33,28847,quest:1,quest/scenario/mnk/mnk0j4
8516,mnk0j5,1,1,True,40,23976,quest:1,quest/scenario/mnk/mnk0j5
8532,mnk0j6,1,1,True,100,49538,quest:1,quest/scenario/mnk/mnk0j6
5923,noc000,1,1,True,99,106618,quest:1,quest/scenario/noc/noc000
7648,noc001,1,1,True,62,37316,quest:1,quest/scenario/noc/noc001
10128,noc002,1,1,True,93,67481,quest:1,quest/scenario/noc/noc002
10144,noc003,1,1,True,130,112070,quest:1,quest/scenario/noc/noc003
200,objectEventDoor,1,1,True,3,183,chara:1;object:1,chara/npc/object/objecteventdoor
10272,objectItemStorage,1,1,True,13,3169,item:1;chara:1;object:1,chara/npc/object/objectitemstorage
319,ordinaryRetainer,1,1,True,999,169391,retainer:1;chara:1,chara/npc/retainer/ordinaryretainer
323,pgAeth,1,1,True,220,85743,quest:1;item:1,quest/passiveguildleve/craft/pgaeth
327,pgConv,1,1,True,372,150287,quest:1;item:1,quest/passiveguildleve/craft/pgconv
529,pgl200,1,1,True,136,62505,quest:1,quest/scenario/pgl/pgl200
533,pgl300,1,1,True,114,55494,quest:1,quest/scenario/pgl/pgl300
537,pgl306,1,1,True,103,48099,quest:1,quest/scenario/pgl/pgl306
541,pgl400,1,1,True,94,21174,quest:1,quest/scenario/pgl/pgl400
9572,pld0j1,1,1,True,49,39787,quest:1,quest/scenario/pld/pld0j1
9588,pld0j2,1,1,True,22,19628,quest:1,quest/scenario/pld/pld0j2
9604,pld0j3,1,1,True,19,19094,quest:1,quest/scenario/pld/pld0j3
9620,pld0j4,1,1,True,15,15005,quest:1,quest/scenario/pld/pld0j4
9636,pld0j5,1,1,True,30,18000,quest:1,quest/scenario/pld/pld0j5
9652,pld0j6,1,1,True,54,35628,quest:1,quest/scenario/pld/pld0j6
8000,populaceAchievement,1,1,True,123,102957,chara:1;populace:1;achievement:1,chara/npc/populace/populaceachievement
8016,populaceBountyPresenter,1,1,True,35,24015,chara:1;populace:1,chara/npc/populace/populacebountypresenter
2191,populaceCampMaster,1,1,True,71,40200,chara:1;populace:1,chara/npc/populace/populacecampmaster
1330,populaceCampSubMaster,1,1,True,61,34148,chara:1;populace:1,chara/npc/populace/populacecampsubmaster
7536,populaceCaravanAdviser,1,1,True,17,10420,chara:1;populace:1;caravan:1,chara/npc/populace/populacecaravanadviser
7552,populaceCaravanGuide,1,1,True,43,27772,chara:1;populace:1;caravan:1,chara/npc/populace/populacecaravanguide
7712,populaceCompanyGLPublisher,1,1,True,42,27808,chara:1;populace:1,chara/npc/populace/populacecompanyglpublisher
9984,populaceCutScenePlayer,1,1,True,101,12464,cutscene:1;chara:1;populace:1,chara/npc/populace/populacecutsceneplayer
30,populaceFactionGLWorker,1,1,True,356,212750,chara:1;populace:1,chara/npc/populace/populacefactionglworker
7620,populaceFlyingShip,1,1,True,31,9819,chara:1;populace:1,chara/npc/populace/populaceflyingship
3341,populaceGLKeyPerson,1,1,True,32,24477,chara:1;populace:1,chara/npc/populace/populaceglkeyperson
9952,populaceGMEventSage,1,1,True,14,8612,chara:1;populace:1,chara/npc/populace/populacegmeventsage
9956,populaceGMEventSageCryer,1,1,True,12,10356,chara:1;populace:1,chara/npc/populace/populacegmeventsagecryer
7952,populaceGMEventTelepoGateIn,1,1,True,5,1118,chara:1;populace:1,chara/npc/populace/populacegmeventtelepogatein
7968,populaceGMEventTelepoGateOut,1,1,True,4,810,chara:1;populace:1,chara/npc/populace/populacegmeventtelepogateout
7920,populaceGMEventTelepoLure,1,1,True,4,2874,chara:1;populace:1,chara/npc/populace/populacegmeventtelepolure
7984,populaceGMEventTelepoReception,1,1,True,21,9731,chara:1;populace:1,chara/npc/populace/populacegmeventteleporeception
7936,populaceGMEventTelepoTownCryer,1,1,True,4,4182,chara:1;populace:1,chara/npc/populace/populacegmeventtelepotowncryer
7904,populaceGMEventTownReporter,1,1,True,24,20958,chara:1;populace:1,chara/npc/populace/populacegmeventtownreporter
339,populaceGuildlevePublisher,1,1,True,119,89052,quest:1;chara:1;populace:1,chara/npc/populace/populaceguildlevepublisher
2208,populaceGuildShop,1,1,True,129,85037,item:1;chara:1;populace:1,chara/npc/populace/shop/populaceguildshop
7696,populaceHalloweenTrans,1,1,True,751,44034,chara:1;populace:1,chara/npc/populace/populacehalloweentrans
1334,populaceHamletBreeder,1,1,True,22,13041,chara:1;populace:1;hamlet:1,chara/npc/populace/populacehamletbreeder
10160,PopulaceHamletCaptain,1,1,True,39,20145,chara:1;populace:1;hamlet:1,chara/npc/populace/populacehamletcaptain
10192,populaceHamletSupply,1,1,True,2,1764,chara:1;populace:1;hamlet:1,chara/npc/populace/populacehamletsupply
2204,populaceItemRepairer,1,1,True,102,39514,item:1;chara:1;populace:1,chara/npc/populace/populaceitemrepairer
2221,populaceLinkshellManager,1,1,True,132,30505,linkshell:1;chara:1;populace:1,chara/npc/populace/populacelinkshellmanager
3325,populaceNMReward,1,1,True,83,62379,chara:1;populace:1,chara/npc/populace/populacenmreward
10608,populaceNMRushGuide,1,1,True,34,12429,chara:1;populace:1,chara/npc/populace/populacenmrushguide
509,populacePassiveGLPublisher,1,1,True,33,13878,chara:1;populace:1,chara/npc/populace/populacepassiveglpublisher
1355,populaceRequestWarden,1,1,True,147,77933,quest:1;chara:1;populace:1,chara/npc/populace/populacerequestwarden
545,populaceRetainerManager,1,1,True,178,54246,retainer:1;chara:1;populace:1,chara/npc/populace/populaceretainermanager
7588,populaceShopMateriaRemover,1,1,True,24,16533,item:1;chara:1;populace:1,chara/npc/populace/shop/populaceshopmateriaremover
565,populaceShopSalesman,1,1,True,501,148928,item:1;chara:1;populace:1,chara/npc/populace/shop/populaceshopsalesman
6688,populaceSpecialEventCryer,1,1,True,49,33459,quest:1;chara:1;populace:1,chara/npc/populace/populacespecialeventcryer
7216,populaceSumFes,1,1,True,49,46040,chara:1;populace:1,chara/npc/populace/populacesumfes
7376,populaceSwimSuit2011,1,1,True,38,25318,chara:1;populace:1,chara/npc/populace/populaceswimsuit2011
5939,populaceTownCryer,1,1,True,183,109530,chara:1;populace:1,chara/npc/populace/populacetowncryer
8032,populaceValentMaster,1,1,True,117,55116,chara:1;populace:1,chara/npc/populace/populacevalentmaster
7200,populaceWaveAttack,1,1,True,22,9576,chara:1;populace:1,chara/npc/populace/populacewaveattack
7568,populaceWaveAttackCryer,1,1,True,107,72053,chara:1;populace:1,chara/npc/populace/populacewaveattackcryer
10576,privateGLBattleSweepEpicInTime,1,1,True,5,1663,quest:1,director/guildleve/privateglbattlesweepepicintime
10616,privateGLBattleSweepEscort,1,1,True,16,5421,quest:1,director/guildleve/privateglbattlesweepescort
6829,raidDungeonBarrier,1,1,True,4,386,instance:1;chara:1;object:1,chara/npc/object/raiddungeonbarrier
6736,raidDungeonExit,1,1,True,9,1704,instance:1;chara:1;object:1,chara/npc/object/raiddungeonexit
6813,raidDungeonLight,1,1,True,3,268,instance:1;chara:1;object:1,chara/npc/object/raiddungeonlight
6753,raidDungeonPoster,1,1,True,10,8948,instance:1;chara:1;object:1,chara/npc/object/raiddungeonposter
6781,raidDungeonWarp,1,1,True,4,492,instance:1;chara:1;object:1,chara/npc/object/raiddungeonwarp
6704,raidFst0Dungeon03Guide,1,1,True,60,34092,instance:1;chara:1;populace:1,chara/npc/populace/occupancyguide/raidfst0dungeon03guide
6720,raidRoc0Dungeon01Guide,1,1,True,60,33794,instance:1;chara:1;populace:1,chara/npc/populace/occupancyguide/raidroc0dungeon01guide
10000,spl000,1,1,True,62,49240,quest:1,quest/scenario/spl/spl000
5603,spl0g1,1,1,True,32,28500,quest:1,quest/scenario/spl/spl0g1
5619,spl0g2,1,1,True,47,49213,quest:1,quest/scenario/spl/spl0g2
5683,spl0i1,1,1,True,105,109527,quest:1,quest/scenario/spl/spl0i1
5699,spl0i2,1,1,True,89,64318,quest:1,quest/scenario/spl/spl0i2
5715,spl0i3,1,1,True,77,58428,quest:1,quest/scenario/spl/spl0i3
5731,spl0i4,1,1,True,70,50483,quest:1,quest/scenario/spl/spl0i4
5763,spl0l1,1,1,True,30,27867,quest:1,quest/scenario/spl/spl0l1
5779,spl0l2,1,1,True,45,50064,quest:1,quest/scenario/spl/spl0l2
5843,spl0u1,1,1,True,32,28581,quest:1,quest/scenario/spl/spl0u1
5859,spl0u2,1,1,True,46,47455,quest:1,quest/scenario/spl/spl0u2
10016,spl101,1,1,True,203,94883,quest:1,quest/scenario/spl/spl101
10032,spl102,1,1,True,129,77199,quest:1,quest/scenario/spl/spl102
3181,sum6a0,1,1,True,40,47821,quest:1,quest/scenario/sum/sum6a0
10224,sum6g0,1,1,True,45,44854,quest:1,quest/scenario/sum/sum6g0
7488,sum6m0,1,1,True,97,84056,quest:1,quest/scenario/sum/sum6m0
10560,sum6w0,1,1,True,28,14724,quest:1,quest/scenario/sum/sum6w0
3197,sum7l0,1,1,True,1,60,quest:1,quest/scenario/sum/sum7l0
3213,sum7t0,1,1,True,1,60,quest:1,quest/scenario/sum/sum7t0
3229,sum8a0,1,1,True,1,60,quest:1,quest/scenario/sum/sum8a0
3245,sum8l0,1,1,True,1,60,quest:1,quest/scenario/sum/sum8l0
3261,sum8t0,1,1,True,1,60,quest:1,quest/scenario/sum/sum8t0
407,tan200,1,1,True,115,57957,quest:1,quest/scenario/tan/tan200
411,tan300,1,1,True,106,58758,quest:1,quest/scenario/tan/tan300
415,tan306,1,1,True,141,99313,quest:1,quest/scenario/tan/tan306
419,tan400,1,1,True,60,20565,quest:1,quest/scenario/tan/tan400
423,tan500,1,1,True,28,11104,quest:1,quest/scenario/tan/tan500
427,tan506,1,1,True,68,11708,quest:1,quest/scenario/tan/tan506
549,thm200,1,1,True,71,34511,quest:1,quest/scenario/thm/thm200
553,thm300,1,1,True,104,58172,quest:1,quest/scenario/thm/thm300
557,thm306,1,1,True,87,40864,quest:1,quest/scenario/thm/thm306
561,thm400,1,1,True,69,17853,quest:1,quest/scenario/thm/thm400
2152,trl0g1,1,1,True,15,8347,quest:1,quest/scenario/trl/trl0g1
2165,trl0l1,1,1,True,0,36,quest:1,quest/scenario/trl/trl0l1
3277,trl0l2,1,1,True,1,60,quest:1,quest/scenario/trl/trl0l2
3293,trl0l3,1,1,True,13,3108,quest:1,quest/scenario/trl/trl0l3
2178,trl0u1,1,1,True,0,36,quest:1,quest/scenario/trl/trl0u1
8132,war0j1,1,1,True,41,33161,quest:1,quest/scenario/war/war0j1
8148,war0j2,1,1,True,18,15333,quest:1,quest/scenario/war/war0j2
8164,war0j3,1,1,True,33,20913,quest:1,quest/scenario/war/war0j3
8180,war0j4,1,1,True,15,11844,quest:1,quest/scenario/war/war0j4
8196,war0j5,1,1,True,16,13402,quest:1,quest/scenario/war/war0j5
8212,war0j6,1,1,True,41,24306,quest:1,quest/scenario/war/war0j6
431,wdk200,1,1,True,98,45781,quest:1,quest/scenario/wdk/wdk200
435,wdk300,1,1,True,162,69470,quest:1,quest/scenario/wdk/wdk300
439,wdk306,1,1,True,147,63391,quest:1,quest/scenario/wdk/wdk306
443,wdk400,1,1,True,74,15881,quest:1,quest/scenario/wdk/wdk400
447,wdk500,1,1,True,64,16481,quest:1,quest/scenario/wdk/wdk500
451,wdk506,1,1,True,87,16839,quest:1,quest/scenario/wdk/wdk506
9732,whm0j1,1,1,True,50,40442,quest:1,quest/scenario/whm/whm0j1
9748,whm0j2,1,1,True,50,24504,quest:1,quest/scenario/whm/whm0j2
9764,whm0j3,1,1,True,28,18731,quest:1,quest/scenario/whm/whm0j3
9780,whm0j4,1,1,True,64,39870,quest:1,quest/scenario/whm/whm0j4
9796,whm0j5,1,1,True,49,32470,quest:1,quest/scenario/whm/whm0j5
9812,whm0j6,1,1,True,60,32155,quest:1,quest/scenario/whm/whm0j6
4963,wld0g1,1,1,True,19,18730,quest:1,quest/scenario/wld/wld0g1
4979,wld0g2,1,1,True,29,22043,quest:1,quest/scenario/wld/wld0g2
4995,wld0g3,1,1,True,24,20022,quest:1,quest/scenario/wld/wld0g3
5011,wld0g4,1,1,True,20,20031,quest:1,quest/scenario/wld/wld0g4
5251,wld0l1,1,1,True,21,16698,quest:1,quest/scenario/wld/wld0l1
5267,wld0l2,1,1,True,31,21362,quest:1,quest/scenario/wld/wld0l2
5283,wld0l3,1,1,True,16,12085,quest:1,quest/scenario/wld/wld0l3
5299,wld0l4,1,1,True,24,20817,quest:1,quest/scenario/wld/wld0l4
5395,wld0u1,1,1,True,22,15834,quest:1,quest/scenario/wld/wld0u1
5411,wld0u2,1,1,True,18,15779,quest:1,quest/scenario/wld/wld0u2
5427,wld0u3,1,1,True,19,14357,quest:1,quest/scenario/wld/wld0u3
5443,wld0u4,1,1,True,18,17258,quest:1,quest/scenario/wld/wld0u4
39,worldMaster,1,1,True,2317,1287490,world:1,world/worldmaster
1248,wvr200,1,1,True,79,38785,quest:1,quest/scenario/wvr/wvr200
1258,wvr300,1,1,True,101,48820,quest:1,quest/scenario/wvr/wvr300
1268,wvr306,1,1,True,92,47518,quest:1,quest/scenario/wvr/wvr306
1278,wvr400,1,1,True,81,16329,quest:1,quest/scenario/wvr/wvr400
1288,wvr500,1,1,True,46,13756,quest:1,quest/scenario/wvr/wvr500
1298,wvr506,1,1,True,55,7603,quest:1,quest/scenario/wvr/wvr506
