 ,0,1,2,3,4,5,6,7,8,9,10,11,12,13,14,15,16,17,18,19,20,21,22,23,24,25,26,27,28,29,30,31,32,33,34,35,36,37,38,39,40,41,42,43,44,45,46,47,48,49,50,51
 ,,,,,,,,,s8,s8,s8,s8,s8,s8,s8,s8,s8,s8,s8,s8,s8,s8,s8,s8,s8,s8,s8,s8,s8,s8,s8,s8,s8,s8,s8,s8,s8,s8,s8,s8,s8,s8,s8,s8,s8,s8,s8,s8,s8,s8,s8,s8
2159,,,,,,,,,0,0,0,0,0,0,0,0,0,0,0,0,0,0,0,0,0,0,0,0,0,0,0,100,0,0,0,0,0,0,0,0,0,0,0,0,0,0,0,0,0,0,0,0
2160,,,,,,,,,60,100,100,60,60,60,60,60,60,60,60,60,60,60,100,100,60,60,60,60,60,100,100,100,60,100,100,60,60,60,60,60,100,100,60,60,60,60,100,60,60,60,60,60
2161,,,,,,,,,60,60,60,60,60,60,100,60,60,60,60,60,60,60,60,60,60,100,60,60,60,100,100,100,60,100,100,60,60,60,60,100,60,100,100,100,60,60,60,60,60,60,60,60
2162,,,,,,,,,60,60,60,60,60,60,60,60,60,60,60,60,60,60,60,60,60,60,60,60,60,100,100,100,60,100,100,60,60,60,60,60,60,100,100,100,60,60,60,100,60,60,60,60
2163,,,,,,,,,60,60,60,100,60,60,100,60,60,60,60,60,60,60,60,60,100,100,60,60,60,60,100,100,60,60,100,60,100,60,60,60,100,100,60,60,60,60,60,100,60,60,60,60
2164,,,,,,,,,60,100,60,60,60,60,60,100,60,60,60,60,60,60,100,60,60,60,100,60,60,100,60,100,60,100,60,60,100,60,60,100,60,60,60,100,60,60,60,60,100,60,60,60
2165,,,,,,,,,60,60,100,60,60,60,100,100,60,60,60,60,60,60,60,100,60,100,100,60,60,100,60,100,60,100,60,60,60,100,60,60,60,60,60,100,60,60,60,60,60,60,60,60
2166,,,,,,,,,60,60,60,60,60,60,60,60,60,60,60,60,60,60,60,60,60,60,60,60,60,100,100,100,60,100,100,60,60,60,60,60,60,60,100,100,60,60,60,60,100,60,60,60
2167,,,,,,,,,60,100,60,60,60,60,100,60,60,60,60,60,60,60,100,60,60,100,60,60,60,60,100,100,60,60,100,60,100,60,60,60,60,60,60,60,60,60,60,100,60,60,60,60
2168,,,,,,,,,60,100,60,60,60,60,100,60,60,60,60,60,60,60,100,60,60,100,60,60,60,100,100,100,60,100,100,60,60,60,60,100,60,100,100,60,60,60,60,60,60,60,60,60
2169,,,,,,,,,60,100,60,100,60,60,60,60,60,60,60,60,60,60,100,60,100,60,60,60,60,60,100,100,60,60,100,60,60,100,100,60,100,60,60,60,60,60,60,100,60,60,60,60
2170,,,,,,,,,60,60,60,60,60,60,60,100,60,60,60,60,60,60,60,60,60,60,100,60,60,100,60,100,60,100,60,60,60,60,60,60,60,60,100,100,60,60,60,60,100,60,60,60
2171,,,,,,,,,0,100,0,0,0,0,100,0,0,0,0,0,0,0,100,0,0,100,0,0,0,100,100,100,0,100,100,0,0,0,0,0,0,0,0,0,0,0,0,0,0,0,0,0
2172,,,,,,,,,0,0,0,0,0,0,0,0,0,0,0,0,0,0,0,0,0,0,0,0,0,100,100,100,0,0,0,0,0,0,0,0,0,0,0,0,0,0,0,0,0,0,0,0
