id,classification,client_name_en,client_kind_label,icon_id,display_class_job,display_class_job_name,display_level,server_present,server_name,server_class_job,server_class_job_name,server_level,server_command_type_label,server_source
22106,unreleased_class_action,***,weaponskill_or_basic,30000,5,Fencer,1,1,unknown_ability_22106,5,Fencer,1,weapon_skill,Data/sql/custom content/Custom Classes/11_unreleased_custom_classes_playable.sql
22107,unreleased_class_action,Bludgeon,weaponskill_or_basic,30000,6,Enforcer,1,1,bludgeon,6,Enforcer,1,weapon_skill,Data/sql/custom content/Custom Classes/11_unreleased_custom_classes_playable.sql
22110,unreleased_class_action,Discharge,weaponskill_or_basic,30000,9,Musketeer,1,1,discharge,9,Musketeer,1,spell,Data/sql/custom content/Custom Classes/11_unreleased_custom_classes_playable.sql
22111,unreleased_class_action,Guard,weaponskill_or_basic,30204,10,Sentinel,1,1,guard,10,Sentinel,1,ability,Data/sql/custom content/Custom Classes/11_unreleased_custom_classes_playable.sql
22112,unreleased_class_action,Block,weaponskill_or_basic,30000,10,Sentinel,1,1,block,10,Sentinel,1,ability,Data/sql/custom content/Custom Classes/11_unreleased_custom_classes_playable.sql
22308,unreleased_class_action,Create Distaff,weaponskill_or_basic,30000,24,Arcanist,1,1,create_distaff,24,Arcanist,1,ability,Data/sql/custom content/Custom Classes/11_unreleased_custom_classes_playable.sql
22309,unreleased_class_action,Animate Distaff,weaponskill_or_basic,30000,24,Arcanist,1,1,animate_distaff,24,Arcanist,1,ability,Data/sql/custom content/Custom Classes/11_unreleased_custom_classes_playable.sql
23133,unreleased_class_action,Claw Guard,system_or_none,30000,0,,100,1,claw_guard,10,Sentinel,1,ability,Data/sql/custom content/Custom Classes/11_unreleased_custom_classes_playable.sql
23223,unreleased_class_action,Imperial Guard,system_or_none,30000,0,,100,1,imperial_guard,10,Sentinel,1,ability,Data/sql/custom content/Custom Classes/11_unreleased_custom_classes_playable.sql
26792,unreleased_class_action,Red Lotus,unknown_4,30076,3,Gladiator,1,1,red_lotus,5,Fencer,1,weapon_skill,Data/sql/custom content/Custom Classes/11_unreleased_custom_classes_playable.sql
26798,unreleased_class_action,Phalanx,unknown_4,30084,3,Gladiator,8,1,phalanx,5,Fencer,8,weapon_skill,Data/sql/custom content/Custom Classes/11_unreleased_custom_classes_playable.sql
26802,unreleased_class_action,Spinstroke,unknown_4,30086,3,Gladiator,12,1,spinstroke,5,Fencer,15,weapon_skill,Data/sql/custom content/Custom Classes/11_unreleased_custom_classes_playable.sql
26805,unreleased_class_action,Onion Cut,unknown_4,30080,3,Gladiator,20,1,onion_cut,5,Fencer,20,weapon_skill,Data/sql/custom content/Custom Classes/11_unreleased_custom_classes_playable.sql
26814,unreleased_class_action,Riot Blade,unknown_4,30081,3,Gladiator,50,1,riot_blade,5,Fencer,32,weapon_skill,Data/sql/custom content/Custom Classes/11_unreleased_custom_classes_playable.sql
26857,unreleased_class_action,Light Stab,weaponskill_or_basic,30200,3,Gladiator,1,1,light_stab,10,Sentinel,1,weapon_skill,Data/sql/custom content/Custom Classes/11_unreleased_custom_classes_playable.sql
26859,unreleased_class_action,Heavy Stab,weaponskill_or_basic,30217,3,Gladiator,40,1,heavy_stab,10,Sentinel,1,weapon_skill,Data/sql/custom content/Custom Classes/11_unreleased_custom_classes_playable.sql
27942,unreleased_class_action,Aegis Boon,ability,30002,10,Sentinel,10,1,aegis_boon,10,Sentinel,10,ability,Data/sql/custom content/Custom Classes/11_unreleased_custom_classes_playable.sql
27943,unreleased_class_action,Aegis Boon II,ability,30281,10,Sentinel,40,1,aegis_boon_ii,10,Sentinel,40,ability,Data/sql/custom content/Custom Classes/11_unreleased_custom_classes_playable.sql
27945,unreleased_class_action,Outmaneuver,ability,30004,10,Sentinel,20,1,outmaneuver,10,Sentinel,20,ability,Data/sql/custom content/Custom Classes/11_unreleased_custom_classes_playable.sql
27946,unreleased_class_action,Outmaneuver II,ability,30282,10,Sentinel,99,1,outmaneuver_ii,0,,1,weapon_skill,Data/sql/server_battle_commands.sql
27948,unreleased_class_action,War Drum,ability,30001,10,Sentinel,30,1,war_drum,10,Sentinel,30,ability,Data/sql/custom content/Custom Classes/11_unreleased_custom_classes_playable.sql
27949,unreleased_class_action,War Drum II,ability,30283,10,Sentinel,99,1,war_drum_ii,0,,1,weapon_skill,Data/sql/server_battle_commands.sql
27951,unreleased_class_action,Deflection,ability,30003,10,Sentinel,50,1,deflection,10,Sentinel,50,ability,Data/sql/custom content/Custom Classes/11_unreleased_custom_classes_playable.sql
27952,unreleased_class_action,Deflection II,ability,30284,10,Sentinel,99,1,deflection_ii,0,,1,weapon_skill,Data/sql/server_battle_commands.sql
28052,unreleased_class_action,Shield Bash,unknown_4,30074,10,Sentinel,14,1,shield_bash,10,Sentinel,14,weapon_skill,Data/sql/custom content/Custom Classes/11_unreleased_custom_classes_playable.sql
28053,unreleased_class_action,Shield Bash II,unknown_4,30354,10,Sentinel,44,1,shield_bash_ii,10,Sentinel,44,weapon_skill,Data/sql/custom content/Custom Classes/11_unreleased_custom_classes_playable.sql
28054,unreleased_class_action,Shield Bash III,unknown_4,30355,10,Sentinel,99,1,shield_bash_iii,0,,1,weapon_skill,Data/sql/server_battle_commands.sql
28592,unreleased_class_action,Scourge,spell,30170,22,Thaumaturge,1,1,scourge,24,Arcanist,1,spell,Data/sql/custom content/Custom Classes/12_arcanist_spell_cast_packet_repair.sql
28597,unreleased_class_action,Banish,spell,30187,22,Thaumaturge,1,1,banish,24,Arcanist,1,spell,Data/sql/custom content/Custom Classes/12_arcanist_spell_cast_packet_repair.sql
28602,unreleased_class_action,Bio,spell,30173,22,Thaumaturge,12,1,bio,24,Arcanist,12,spell,Data/sql/custom content/Custom Classes/12_arcanist_spell_cast_packet_repair.sql
