quest_id,code,title,event_bucket,recovered_script,local_script,related_item_ids
110789,Spl0u1,The Dreamer's Gospel (Ul'dah),Hatching-tide / Dreamer's Gospel (Ul'dah),tools\outputs\lpb\decomp_more_20260617\lua\quest\scenario\spl\spl0u1.lua,Data\scripts\quests\spl\spl0u1.lua,
110790,Spl0u2,The Dreamer's Dilemma (Ul'dah),Hatching-tide / Dreamer's Dilemma (Ul'dah),tools\outputs\lpb\decomp_more_20260617\lua\quest\scenario\spl\spl0u2.lua,Data\scripts\quests\spl\spl0u2.lua,
110791,Spl0u3,[en],seasonal,tools\outputs\lpb\decomp_more_20260617\lua\quest\scenario\spl\spl0u3.lua,Data\scripts\quests\spl\spl0u3.lua,
110792,Spl0u4,[en],seasonal,tools\outputs\lpb\decomp_more_20260617\lua\quest\scenario\spl\spl0u4.lua,Data\scripts\quests\spl\spl0u4.lua,
110793,Spl0u5,[en],seasonal,tools\outputs\lpb\decomp_more_20260617\lua\quest\scenario\spl\spl0u5.lua,Data\scripts\quests\spl\spl0u5.lua,
110794,Spl0g1,The Dreamer's Gospel (Gridania),Hatching-tide / Dreamer's Gospel (Gridania),tools\outputs\lpb\decomp_more_20260617\lua\quest\scenario\spl\spl0g1.lua,Data\scripts\quests\spl\spl0g1.lua,
110795,Spl0g2,The Dreamer's Dilemma (Gridania),Hatching-tide / Dreamer's Dilemma (Gridania),tools\outputs\lpb\decomp_more_20260617\lua\quest\scenario\spl\spl0g2.lua,Data\scripts\quests\spl\spl0g2.lua,
110796,Spl0g3,[en],seasonal,tools\outputs\lpb\decomp_more_20260617\lua\quest\scenario\spl\spl0g3.lua,Data\scripts\quests\spl\spl0g3.lua,
110797,Spl0g4,[en],seasonal,tools\outputs\lpb\decomp_more_20260617\lua\quest\scenario\spl\spl0g4.lua,Data\scripts\quests\spl\spl0g4.lua,
110798,Spl0g5,[en],seasonal,tools\outputs\lpb\decomp_more_20260617\lua\quest\scenario\spl\spl0g5.lua,Data\scripts\quests\spl\spl0g5.lua,
110799,Spl0i1,The Heat Is On,Moonfire Faire / Bombard ash fireworks,tools\outputs\lpb\decomp_more_20260617\lua\quest\scenario\spl\spl0i1.lua,Data\scripts\quests\spl\spl0i1.lua,3020604;3020605;3020606;10012014;10012015;10012016;10012017;10012018;10012019;10012020;10012021
110800,Spl0i2,Impish Impositions,All Saints' Wake / pumpkin exchange,tools\outputs\lpb\decomp_more_20260617\lua\quest\scenario\spl\spl0i2.lua,Data\scripts\quests\spl\spl0i2.lua,3010417;8013301;8013302;8013303;8013304
110801,Spl0i3,Winter Is Not Coming,Starlight Celebration / reindeer reward,tools\outputs\lpb\decomp_more_20260617\lua\quest\scenario\spl\spl0i3.lua,Data\scripts\quests\spl\spl0i3.lua,1000004;8012502;8032102
110802,Spl0i4,Gone with the Snow,Heavensturn / Gone with the Snow,tools\outputs\lpb\decomp_more_20260617\lua\quest\scenario\spl\spl0i4.lua,Data\scripts\quests\spl\spl0i4.lua,8012604
110803,Spl0i5,[en],seasonal,tools\outputs\lpb\decomp_more_20260617\lua\quest\scenario\spl\spl0i5.lua,,
110804,Spl0l1,The Dreamer's Gospel (Limsa Lominsa),Hatching-tide / Dreamer's Gospel (Limsa Lominsa),tools\outputs\lpb\decomp_more_20260617\lua\quest\scenario\spl\spl0l1.lua,Data\scripts\quests\spl\spl0l1.lua,
110805,Spl0l2,The Dreamer's Dilemma (Limsa Lominsa),Hatching-tide / Dreamer's Dilemma (Limsa Lominsa),tools\outputs\lpb\decomp_more_20260617\lua\quest\scenario\spl\spl0l2.lua,Data\scripts\quests\spl\spl0l2.lua,
110806,Spl0l3,[en],seasonal,tools\outputs\lpb\decomp_more_20260617\lua\quest\scenario\spl\spl0l3.lua,,
110807,Spl0l4,[en],seasonal,tools\outputs\lpb\decomp_more_20260617\lua\quest\scenario\spl\spl0l4.lua,,
110808,Spl0l5,[en],seasonal,tools\outputs\lpb\decomp_more_20260617\lua\quest\scenario\spl\spl0l5.lua,,
110858,Spl000,Seasonal Event,Foundation Day / city-state static event,tools\outputs\lpb\decomp_more_20260617\lua\quest\scenario\spl\spl000.lua,Data\scripts\quests\spl\spl000.lua,3020614;3020615;3020616
110859,Spl101,Scrambled Eggs,Hatching-tide / Scrambled Eggs,tools\outputs\lpb\decomp_more_20260617\lua\quest\scenario\spl\spl101.lua,Data\scripts\quests\spl\spl101.lua,10012001;10012002;10012003;10012004;10012022;10012024;10012025;10012026;10012027;10012028
110860,Spl102,Bombard Backlash,Moonfire Faire / Bombard Backlash,tools\outputs\lpb\decomp_more_20260617\lua\quest\scenario\spl\spl102.lua,Data\scripts\quests\spl\spl102.lua,3020613;8032834;8032835;8032836;8032837;8032838;8032839;8051521;8051522;8051523;8051524;8051525;8051526;8081921;8081922;10011253
110861,Spl103,Seasonal Event (All City-states),Seasonal placeholder,tools\outputs\lpb\decomp_more_20260617\lua\quest\scenario\spl\spl103.lua,Data\scripts\quests\spl\spl103.lua,
