source,token,present,evidence_role
m851_wss05,skl05cas01m.veffbin,1,garuda_owned_tatumaki_cast_package
m851_wss05,skl05tar01m.veffbin,1,garuda_owned_tatumaki_cast_package
m851_wss05,tatumaki,1,garuda_owned_tatumaki_cast_package
m851_wss05,CameraShake,1,garuda_owned_tatumaki_cast_package
m851_wss05,RaptureActionSelectDamageMccClip,1,garuda_owned_tatumaki_cast_package
m851_wss11,m851skl11m_c1.veffbin,1,garuda_owned_tatumaki_loop_cast_package
m851_wss11,m851skl11m_c2.veffbin,1,garuda_owned_tatumaki_loop_cast_package
m851_wss11,m851skl11m_t1.veffbin,1,garuda_owned_tatumaki_loop_cast_package
m851_wss11,tatumaki,1,garuda_owned_tatumaki_loop_cast_package
m851_wss11,LOOP,1,garuda_owned_tatumaki_loop_cast_package
m851_wss11,SceneTexture,1,garuda_owned_tatumaki_loop_cast_package
m851_wss11,RaptureActionSelectDamageMccClip,1,garuda_owned_tatumaki_loop_cast_package
m999_wss15,tatumaki.veffbin,1,one_shot_tatumaki_combat_package
m999_wss15,tn_hit01m.veffbin,1,one_shot_tatumaki_combat_package
m999_wss15,skl15_cas,1,one_shot_tatumaki_combat_package
m999_wss15,skl15_tar,1,one_shot_tatumaki_combat_package
m999_wss15,RaptureCasterSchClip,1,one_shot_tatumaki_combat_package
m999_wss15,RaptureActionSelectDamageMccClip,1,one_shot_tatumaki_combat_package
m999_wss18,taihuu01.veffbin,1,one_shot_taihuu_combat_package
m999_wss18,taihu_end.veffbin,1,one_shot_taihuu_combat_package
m999_wss18,tm_hit01m.veffbin,1,one_shot_taihuu_combat_package
m999_wss18,skl18_cas,1,one_shot_taihuu_combat_package
m999_wss18,skl18_tar,1,one_shot_taihuu_combat_package
m999_wss18,RaptureCasterSchClip,1,one_shot_taihuu_combat_package
m999_wss18,RaptureActionSelectDamageMccClip,1,one_shot_taihuu_combat_package
m999_e003_model,init_msb4_0,1,persistent_tornado_model_state_carrier
m999_e003_model,init_msb4_1,1,persistent_tornado_model_state_carrier
m999_e003_model,tatumaki_loop.veff,1,persistent_tornado_model_state_carrier
m999_e003_model,init_msb5_0,1,persistent_tornado_model_state_carrier
m999_e003_model,init_msb5_1,1,persistent_tornado_model_state_carrier
m999_e003_model,taihu_loop.veff,1,persistent_tornado_model_state_carrier
m999_e003_model,taihu_end,1,persistent_tornado_model_state_carrier
m999_e003_model,RaptureEffectEndClip,1,persistent_tornado_model_state_carrier
sum6g000,torne_in,1,garuda_cinematic_tornado_family
sum6g000,torne_lop,1,garuda_cinematic_tornado_family
sum6g000,torne_rot,1,garuda_cinematic_tornado_family
sum6g000,torne_st,1,garuda_cinematic_tornado_family
sum6g000,gal_land,1,garuda_cinematic_tornado_family
sum6g000,gal_sonic,1,garuda_cinematic_tornado_family
sum6g000,gal_sprl,1,garuda_cinematic_tornado_family
sum6g000,f0grd_wid,1,garuda_cinematic_tornado_family
wtr_smmn,wtr_smmn,1,garuda_weather_and_environmental_wind
wtr_smmn,wind_00_0000,1,garuda_weather_and_environmental_wind
