source,layer,veff_resource_id,node_index,control,link_index,record_offset_hex,word_0_hex,word_1_hex,word_2_hex,raw_record_hex,interpretation_boundary
m999_wss15,outer/RES:skl15,1t0HkStn_hit01m,39,GenerateMaster,0,0x5B90,0x00000024,0x0002,0x0008,2400000002000800,mechanically decoded I/HH record only; link direction and exact runtime property name are not proven
m999_wss15,outer/RES:skl15,1t0HkStn_hit01m,39,GenerateMaster,1,0x5B98,0x00000028,0x0002,0x0030,2800000002003000,mechanically decoded I/HH record only; link direction and exact runtime property name are not proven
m999_wss15,outer/RES:skl15,1t0HkStn_hit01m,39,GenerateMaster,2,0x5BA0,0x0000002C,0x0002,0x0008,2c00000002000800,mechanically decoded I/HH record only; link direction and exact runtime property name are not proven
m999_wss15,outer/RES:skl15,1t0HkStn_hit01m,39,GenerateMaster,3,0x5BA8,0x00000030,0x0002,0x0008,3000000002000800,mechanically decoded I/HH record only; link direction and exact runtime property name are not proven
m999_wss15,outer/RES:skl15,1t0HkStn_hit01m,39,GenerateMaster,4,0x5BB0,0x00000034,0x0002,0x0008,3400000002000800,mechanically decoded I/HH record only; link direction and exact runtime property name are not proven
m999_wss15,outer/RES:skl15,1t0HkStn_hit01m,39,GenerateMaster,5,0x5BB8,0x00000000,0x0000,0x0000,0000000000000000,mechanically decoded I/HH record only; link direction and exact runtime property name are not proven
m999_wss15,outer/RES:skl15,1t0HkStn_hit01m,39,GenerateMaster,6,0x5BC0,0x00000000,0xFFFF,0x0028,00000000ffff2800,mechanically decoded I/HH record only; link direction and exact runtime property name are not proven
m999_wss15,outer/RES:skl15,1t0HkStn_hit01m,39,GenerateMaster,7,0x5BC8,0x00000000,0x0000,0x002C,0000000000002c00,mechanically decoded I/HH record only; link direction and exact runtime property name are not proven
m999_wss15,outer/RES:skl15,1t0HkStn_hit01m,39,GenerateMaster,8,0x5BD0,0x00000020,0x0001,0x0018,2000000001001800,mechanically decoded I/HH record only; link direction and exact runtime property name are not proven
m999_wss15,outer/RES:skl15,1t0HkStn_hit01m,45,GenerateMaster,0,0x5BE0,0x00000004,0x0002,0x0008,0400000002000800,mechanically decoded I/HH record only; link direction and exact runtime property name are not proven
m999_wss15,outer/RES:skl15,1t0HkStn_hit01m,45,GenerateMaster,1,0x5BE8,0x00000008,0x0002,0x0008,0800000002000800,mechanically decoded I/HH record only; link direction and exact runtime property name are not proven
m999_wss15,outer/RES:skl15,1t0HkStn_hit01m,45,GenerateMaster,2,0x5BF0,0x0000000C,0x0002,0x0008,0c00000002000800,mechanically decoded I/HH record only; link direction and exact runtime property name are not proven
m999_wss15,outer/RES:skl15,1t0HkStn_hit01m,45,GenerateMaster,3,0x5BF8,0x00000010,0x0002,0x0030,1000000002003000,mechanically decoded I/HH record only; link direction and exact runtime property name are not proven
m999_wss15,outer/RES:skl15,1t0HkStn_hit01m,45,GenerateMaster,4,0x5C00,0x00000014,0x0002,0x0008,1400000002000800,mechanically decoded I/HH record only; link direction and exact runtime property name are not proven
m999_wss15,outer/RES:skl15,1t0HkStn_hit01m,45,GenerateMaster,5,0x5C08,0x00000000,0x0000,0x0000,0000000000000000,mechanically decoded I/HH record only; link direction and exact runtime property name are not proven
m999_wss15,outer/RES:skl15,1t0HkStn_hit01m,45,GenerateMaster,6,0x5C10,0x00000000,0xFFFF,0x0028,00000000ffff2800,mechanically decoded I/HH record only; link direction and exact runtime property name are not proven
m999_wss15,outer/RES:skl15,1t0HkStn_hit01m,45,GenerateMaster,7,0x5C18,0x00000000,0x0000,0x002C,0000000000002c00,mechanically decoded I/HH record only; link direction and exact runtime property name are not proven
m999_wss15,outer/RES:skl15,1t0HkStn_hit01m,45,GenerateMaster,8,0x5C20,0x00000020,0x0001,0x0030,2000000001003000,mechanically decoded I/HH record only; link direction and exact runtime property name are not proven
m999_wss15,outer/RES:skl15,1t0HkStn_hit01m,45,GenerateMaster,9,0x5C28,0x00000000,0x0002,0x0008,0000000002000800,mechanically decoded I/HH record only; link direction and exact runtime property name are not proven
m999_wss15,outer/RES:skl15,1t0HkStn_hit01m,45,GenerateMaster,10,0x5C30,0x00000004,0x0002,0x0008,0400000002000800,mechanically decoded I/HH record only; link direction and exact runtime property name are not proven
m999_wss15,outer/RES:skl15,1t0HkStn_hit01m,45,GenerateMaster,11,0x5C38,0x00000008,0x0002,0x0008,0800000002000800,mechanically decoded I/HH record only; link direction and exact runtime property name are not proven
m999_wss15,outer/RES:skl15,1t0HkStn_hit01m,45,GenerateMaster,12,0x5C40,0x0000000C,0x0002,0x0030,0c00000002003000,mechanically decoded I/HH record only; link direction and exact runtime property name are not proven
m999_wss15,outer/RES:skl15,1t0HkStn_hit01m,45,GenerateMaster,13,0x5C48,0x00000010,0x0002,0x002C,1000000002002c00,mechanically decoded I/HH record only; link direction and exact runtime property name are not proven
m999_wss15,outer/RES:skl15,1t0HkStn_hit01m,45,GenerateMaster,14,0x5C50,0x00000014,0x0002,0x0008,1400000002000800,mechanically decoded I/HH record only; link direction and exact runtime property name are not proven
m999_wss15,outer/RES:skl15,1t0HkStn_hit01m,50,GenerateMaster,0,0x5C60,0x0000001C,0x0002,0x0008,1c00000002000800,mechanically decoded I/HH record only; link direction and exact runtime property name are not proven
m999_wss15,outer/RES:skl15,1t0HkStn_hit01m,50,GenerateMaster,1,0x5C68,0x00000020,0x0002,0x002C,2000000002002c00,mechanically decoded I/HH record only; link direction and exact runtime property name are not proven
m999_wss15,outer/RES:skl15,1t0HkStn_hit01m,50,GenerateMaster,2,0x5C70,0x00000024,0x0002,0x0008,2400000002000800,mechanically decoded I/HH record only; link direction and exact runtime property name are not proven
m999_wss18,outer/RES:skl18,4ipuyetm_hit01m,39,GenerateMaster,0,0x5B90,0x00000024,0x0002,0x0008,2400000002000800,mechanically decoded I/HH record only; link direction and exact runtime property name are not proven
m999_wss18,outer/RES:skl18,4ipuyetm_hit01m,39,GenerateMaster,1,0x5B98,0x00000028,0x0002,0x0030,2800000002003000,mechanically decoded I/HH record only; link direction and exact runtime property name are not proven
m999_wss18,outer/RES:skl18,4ipuyetm_hit01m,39,GenerateMaster,2,0x5BA0,0x0000002C,0x0002,0x0008,2c00000002000800,mechanically decoded I/HH record only; link direction and exact runtime property name are not proven
m999_wss18,outer/RES:skl18,4ipuyetm_hit01m,39,GenerateMaster,3,0x5BA8,0x00000030,0x0002,0x0008,3000000002000800,mechanically decoded I/HH record only; link direction and exact runtime property name are not proven
m999_wss18,outer/RES:skl18,4ipuyetm_hit01m,39,GenerateMaster,4,0x5BB0,0x00000034,0x0002,0x0008,3400000002000800,mechanically decoded I/HH record only; link direction and exact runtime property name are not proven
m999_wss18,outer/RES:skl18,4ipuyetm_hit01m,39,GenerateMaster,5,0x5BB8,0x00000000,0x0000,0x0000,0000000000000000,mechanically decoded I/HH record only; link direction and exact runtime property name are not proven
m999_wss18,outer/RES:skl18,4ipuyetm_hit01m,39,GenerateMaster,6,0x5BC0,0x00000000,0xFFFF,0x0028,00000000ffff2800,mechanically decoded I/HH record only; link direction and exact runtime property name are not proven
m999_wss18,outer/RES:skl18,4ipuyetm_hit01m,39,GenerateMaster,7,0x5BC8,0x00000000,0x0000,0x002C,0000000000002c00,mechanically decoded I/HH record only; link direction and exact runtime property name are not proven
m999_wss18,outer/RES:skl18,4ipuyetm_hit01m,39,GenerateMaster,8,0x5BD0,0x00000020,0x0001,0x0018,2000000001001800,mechanically decoded I/HH record only; link direction and exact runtime property name are not proven
m999_wss18,outer/RES:skl18,4ipuyetm_hit01m,45,GenerateMaster,0,0x5BE0,0x00000004,0x0002,0x0008,0400000002000800,mechanically decoded I/HH record only; link direction and exact runtime property name are not proven
m999_wss18,outer/RES:skl18,4ipuyetm_hit01m,45,GenerateMaster,1,0x5BE8,0x00000008,0x0002,0x0008,0800000002000800,mechanically decoded I/HH record only; link direction and exact runtime property name are not proven
m999_wss18,outer/RES:skl18,4ipuyetm_hit01m,45,GenerateMaster,2,0x5BF0,0x0000000C,0x0002,0x0008,0c00000002000800,mechanically decoded I/HH record only; link direction and exact runtime property name are not proven
m999_wss18,outer/RES:skl18,4ipuyetm_hit01m,45,GenerateMaster,3,0x5BF8,0x00000010,0x0002,0x0030,1000000002003000,mechanically decoded I/HH record only; link direction and exact runtime property name are not proven
m999_wss18,outer/RES:skl18,4ipuyetm_hit01m,45,GenerateMaster,4,0x5C00,0x00000014,0x0002,0x0008,1400000002000800,mechanically decoded I/HH record only; link direction and exact runtime property name are not proven
m999_wss18,outer/RES:skl18,4ipuyetm_hit01m,45,GenerateMaster,5,0x5C08,0x00000000,0x0000,0x0000,0000000000000000,mechanically decoded I/HH record only; link direction and exact runtime property name are not proven
m999_wss18,outer/RES:skl18,4ipuyetm_hit01m,45,GenerateMaster,6,0x5C10,0x00000000,0xFFFF,0x0028,00000000ffff2800,mechanically decoded I/HH record only; link direction and exact runtime property name are not proven
m999_wss18,outer/RES:skl18,4ipuyetm_hit01m,45,GenerateMaster,7,0x5C18,0x00000000,0x0000,0x002C,0000000000002c00,mechanically decoded I/HH record only; link direction and exact runtime property name are not proven
m999_wss18,outer/RES:skl18,4ipuyetm_hit01m,45,GenerateMaster,8,0x5C20,0x00000020,0x0001,0x0030,2000000001003000,mechanically decoded I/HH record only; link direction and exact runtime property name are not proven
m999_wss18,outer/RES:skl18,4ipuyetm_hit01m,45,GenerateMaster,9,0x5C28,0x00000000,0x0002,0x0008,0000000002000800,mechanically decoded I/HH record only; link direction and exact runtime property name are not proven
m999_wss18,outer/RES:skl18,4ipuyetm_hit01m,45,GenerateMaster,10,0x5C30,0x00000004,0x0002,0x0008,0400000002000800,mechanically decoded I/HH record only; link direction and exact runtime property name are not proven
m999_wss18,outer/RES:skl18,4ipuyetm_hit01m,45,GenerateMaster,11,0x5C38,0x00000008,0x0002,0x0008,0800000002000800,mechanically decoded I/HH record only; link direction and exact runtime property name are not proven
m999_wss18,outer/RES:skl18,4ipuyetm_hit01m,45,GenerateMaster,12,0x5C40,0x0000000C,0x0002,0x0030,0c00000002003000,mechanically decoded I/HH record only; link direction and exact runtime property name are not proven
m999_wss18,outer/RES:skl18,4ipuyetm_hit01m,45,GenerateMaster,13,0x5C48,0x00000010,0x0002,0x002C,1000000002002c00,mechanically decoded I/HH record only; link direction and exact runtime property name are not proven
m999_wss18,outer/RES:skl18,4ipuyetm_hit01m,45,GenerateMaster,14,0x5C50,0x00000014,0x0002,0x0008,1400000002000800,mechanically decoded I/HH record only; link direction and exact runtime property name are not proven
m999_wss18,outer/RES:skl18,4ipuyetm_hit01m,50,GenerateMaster,0,0x5C60,0x0000001C,0x0002,0x0008,1c00000002000800,mechanically decoded I/HH record only; link direction and exact runtime property name are not proven
m999_wss18,outer/RES:skl18,4ipuyetm_hit01m,50,GenerateMaster,1,0x5C68,0x00000020,0x0002,0x002C,2000000002002c00,mechanically decoded I/HH record only; link direction and exact runtime property name are not proven
m999_wss18,outer/RES:skl18,4ipuyetm_hit01m,50,GenerateMaster,2,0x5C70,0x00000024,0x0002,0x0008,2400000002000800,mechanically decoded I/HH record only; link direction and exact runtime property name are not proven
m999_e003_model,outer/RES:init_msb4_1,4yET9Wtatumaki_,6,Position3DGenerated:GendNormal:CoordRoot,0,0x5670,0x00000000,0x0000,0x0000,0000000000000000,mechanically decoded I/HH record only; link direction and exact runtime property name are not proven
m999_e003_model,outer/RES:init_msb4_1,4yET9Wtatumaki_,6,Position3DGenerated:GendNormal:CoordRoot,1,0x5678,0x00000000,0x0000,0x0000,0000000000000000,mechanically decoded I/HH record only; link direction and exact runtime property name are not proven
m999_e003_model,outer/RES:init_msb4_1,4yET9Wtatumaki_,6,Position3DGenerated:GendNormal:CoordRoot,2,0x5680,0x00000000,0x0000,0x0000,0000000000000000,mechanically decoded I/HH record only; link direction and exact runtime property name are not proven
m999_e003_model,outer/RES:init_msb4_1,4yET9Wtatumaki_,6,Position3DGenerated:GendNormal:CoordRoot,3,0x5688,0x00000000,0x0000,0x0000,0000000000000000,mechanically decoded I/HH record only; link direction and exact runtime property name are not proven
m999_e003_model,outer/RES:init_msb4_1,4yET9Wtatumaki_,6,Position3DGenerated:GendNormal:CoordRoot,4,0x5690,0x00000000,0x0000,0x0000,0000000000000000,mechanically decoded I/HH record only; link direction and exact runtime property name are not proven
m999_e003_model,outer/RES:init_msb4_1,4yET9Wtatumaki_,6,Position3DGenerated:GendNormal:CoordRoot,5,0x5698,0x00000000,0x0000,0x0000,0000000000000000,mechanically decoded I/HH record only; link direction and exact runtime property name are not proven
m999_e003_model,outer/RES:init_msb4_1,4yET9Wtatumaki_,6,Position3DGenerated:GendNormal:CoordRoot,6,0x56A0,0x00000000,0xFFFF,0x0028,00000000ffff2800,mechanically decoded I/HH record only; link direction and exact runtime property name are not proven
m999_e003_model,outer/RES:init_msb4_1,4yET9Wtatumaki_,6,Position3DGenerated:GendNormal:CoordRoot,7,0x56A8,0x00000000,0x0000,0x002C,0000000000002c00,mechanically decoded I/HH record only; link direction and exact runtime property name are not proven
m999_e003_model,outer/RES:init_msb4_1,4yET9Wtatumaki_,6,Position3DGenerated:GendNormal:CoordRoot,8,0x56B0,0x00000020,0x0001,0x0024,2000000001002400,mechanically decoded I/HH record only; link direction and exact runtime property name are not proven
m999_e003_model,outer/RES:init_msb4_1,4yET9Wtatumaki_,6,Position3DGenerated:GendNormal:CoordRoot,9,0x56B8,0x00000000,0x0002,0x0008,0000000002000800,mechanically decoded I/HH record only; link direction and exact runtime property name are not proven
m999_e003_model,outer/RES:init_msb4_1,4yET9Wtatumaki_,6,Position3DGenerated:GendNormal:CoordRoot,10,0x56C0,0x00000004,0x0002,0x0008,0400000002000800,mechanically decoded I/HH record only; link direction and exact runtime property name are not proven
m999_e003_model,outer/RES:init_msb4_1,4yET9Wtatumaki_,6,Position3DGenerated:GendNormal:CoordRoot,11,0x56C8,0x00000008,0x0002,0x0008,0800000002000800,mechanically decoded I/HH record only; link direction and exact runtime property name are not proven
m999_e003_model,outer/RES:init_msb4_1,4yET9Wtatumaki_,12,Position3DGenerated:GendNormal:CoordRoot,0,0x56D0,0x0000000C,0x0002,0x002C,0c00000002002c00,mechanically decoded I/HH record only; link direction and exact runtime property name are not proven
m999_e003_model,outer/RES:init_msb4_1,4yET9Wtatumaki_,12,Position3DGenerated:GendNormal:CoordRoot,1,0x56D8,0x00000010,0x0002,0x0030,1000000002003000,mechanically decoded I/HH record only; link direction and exact runtime property name are not proven
m999_e003_model,outer/RES:init_msb4_1,4yET9Wtatumaki_,12,Position3DGenerated:GendNormal:CoordRoot,2,0x56E0,0x00000014,0x0002,0x0008,1400000002000800,mechanically decoded I/HH record only; link direction and exact runtime property name are not proven
m999_e003_model,outer/RES:init_msb4_1,4yET9Wtatumaki_,12,Position3DGenerated:GendNormal:CoordRoot,3,0x56E8,0x00000018,0x0002,0x0008,1800000002000800,mechanically decoded I/HH record only; link direction and exact runtime property name are not proven
m999_e003_model,outer/RES:init_msb4_1,4yET9Wtatumaki_,12,Position3DGenerated:GendNormal:CoordRoot,4,0x56F0,0x0000001C,0x0002,0x0008,1c00000002000800,mechanically decoded I/HH record only; link direction and exact runtime property name are not proven
m999_e003_model,outer/RES:init_msb4_1,4yET9Wtatumaki_,12,Position3DGenerated:GendNormal:CoordRoot,5,0x56F8,0x00000020,0x0002,0x0008,2000000002000800,mechanically decoded I/HH record only; link direction and exact runtime property name are not proven
m999_e003_model,outer/RES:init_msb4_1,4yET9Wtatumaki_,12,Position3DGenerated:GendNormal:CoordRoot,6,0x5700,0x00000000,0xFFFF,0x0028,00000000ffff2800,mechanically decoded I/HH record only; link direction and exact runtime property name are not proven
m999_e003_model,outer/RES:init_msb4_1,4yET9Wtatumaki_,12,Position3DGenerated:GendNormal:CoordRoot,7,0x5708,0x00000000,0x0000,0x002C,0000000000002c00,mechanically decoded I/HH record only; link direction and exact runtime property name are not proven
m999_e003_model,outer/RES:init_msb4_1,4yET9Wtatumaki_,12,Position3DGenerated:GendNormal:CoordRoot,8,0x5710,0x00000020,0x0001,0x0024,2000000001002400,mechanically decoded I/HH record only; link direction and exact runtime property name are not proven
m999_e003_model,outer/RES:init_msb4_1,4yET9Wtatumaki_,12,Position3DGenerated:GendNormal:CoordRoot,9,0x5718,0x00000000,0x0002,0x0008,0000000002000800,mechanically decoded I/HH record only; link direction and exact runtime property name are not proven
m999_e003_model,outer/RES:init_msb4_1,4yET9Wtatumaki_,12,Position3DGenerated:GendNormal:CoordRoot,10,0x5720,0x00000004,0x0002,0x0008,0400000002000800,mechanically decoded I/HH record only; link direction and exact runtime property name are not proven
m999_e003_model,outer/RES:init_msb4_1,4yET9Wtatumaki_,12,Position3DGenerated:GendNormal:CoordRoot,11,0x5728,0x00000008,0x0002,0x0008,0800000002000800,mechanically decoded I/HH record only; link direction and exact runtime property name are not proven
m999_e003_model,outer/RES:init_msb4_1,4yET9Wtatumaki_,18,Position3DGenerated:GendNormal:CoordRoot,0,0x5730,0x0000000C,0x0002,0x002C,0c00000002002c00,mechanically decoded I/HH record only; link direction and exact runtime property name are not proven
m999_e003_model,outer/RES:init_msb4_1,4yET9Wtatumaki_,18,Position3DGenerated:GendNormal:CoordRoot,1,0x5738,0x00000010,0x0002,0x0030,1000000002003000,mechanically decoded I/HH record only; link direction and exact runtime property name are not proven
m999_e003_model,outer/RES:init_msb4_1,4yET9Wtatumaki_,18,Position3DGenerated:GendNormal:CoordRoot,2,0x5740,0x00000014,0x0002,0x0008,1400000002000800,mechanically decoded I/HH record only; link direction and exact runtime property name are not proven
m999_e003_model,outer/RES:init_msb4_1,4yET9Wtatumaki_,18,Position3DGenerated:GendNormal:CoordRoot,3,0x5748,0x00000018,0x0002,0x0008,1800000002000800,mechanically decoded I/HH record only; link direction and exact runtime property name are not proven
m999_e003_model,outer/RES:init_msb4_1,4yET9Wtatumaki_,18,Position3DGenerated:GendNormal:CoordRoot,4,0x5750,0x0000001C,0x0002,0x0008,1c00000002000800,mechanically decoded I/HH record only; link direction and exact runtime property name are not proven
m999_e003_model,outer/RES:init_msb4_1,4yET9Wtatumaki_,18,Position3DGenerated:GendNormal:CoordRoot,5,0x5758,0x00000020,0x0002,0x0008,2000000002000800,mechanically decoded I/HH record only; link direction and exact runtime property name are not proven
m999_e003_model,outer/RES:init_msb4_1,4yET9Wtatumaki_,18,Position3DGenerated:GendNormal:CoordRoot,6,0x5760,0x00000000,0xFFFF,0x0028,00000000ffff2800,mechanically decoded I/HH record only; link direction and exact runtime property name are not proven
m999_e003_model,outer/RES:init_msb4_1,4yET9Wtatumaki_,18,Position3DGenerated:GendNormal:CoordRoot,7,0x5768,0x00000000,0x0000,0x002C,0000000000002c00,mechanically decoded I/HH record only; link direction and exact runtime property name are not proven
m999_e003_model,outer/RES:init_msb4_1,4yET9Wtatumaki_,18,Position3DGenerated:GendNormal:CoordRoot,8,0x5770,0x00000020,0x0001,0x0038,2000000001003800,mechanically decoded I/HH record only; link direction and exact runtime property name are not proven
m999_e003_model,outer/RES:init_msb4_1,4yET9Wtatumaki_,18,Position3DGenerated:GendNormal:CoordRoot,9,0x5778,0x00000000,0x0002,0x0008,0000000002000800,mechanically decoded I/HH record only; link direction and exact runtime property name are not proven
m999_e003_model,outer/RES:init_msb4_1,4yET9Wtatumaki_,18,Position3DGenerated:GendNormal:CoordRoot,10,0x5780,0x00000004,0x0002,0x0008,0400000002000800,mechanically decoded I/HH record only; link direction and exact runtime property name are not proven
m999_e003_model,outer/RES:init_msb4_1,4yET9Wtatumaki_,18,Position3DGenerated:GendNormal:CoordRoot,11,0x5788,0x00000008,0x0002,0x0008,0800000002000800,mechanically decoded I/HH record only; link direction and exact runtime property name are not proven
m999_e003_model,outer/RES:init_msb4_1,4yET9Wtatumaki_,18,Position3DGenerated:GendNormal:CoordRoot,12,0x5790,0x0000000C,0x0002,0x002C,0c00000002002c00,mechanically decoded I/HH record only; link direction and exact runtime property name are not proven
m999_e003_model,outer/RES:init_msb4_1,4yET9Wtatumaki_,18,Position3DGenerated:GendNormal:CoordRoot,13,0x5798,0x00000010,0x0002,0x0030,1000000002003000,mechanically decoded I/HH record only; link direction and exact runtime property name are not proven
m999_e003_model,outer/RES:init_msb4_1,4yET9Wtatumaki_,18,Position3DGenerated:GendNormal:CoordRoot,14,0x57A0,0x00000014,0x0002,0x0008,1400000002000800,mechanically decoded I/HH record only; link direction and exact runtime property name are not proven
m999_e003_model,outer/RES:init_msb4_1,4yET9Wtatumaki_,18,Position3DGenerated:GendNormal:CoordRoot,15,0x57A8,0x00000018,0x0002,0x0008,1800000002000800,mechanically decoded I/HH record only; link direction and exact runtime property name are not proven
m999_e003_model,outer/RES:init_msb4_1,4yET9Wtatumaki_,18,Position3DGenerated:GendNormal:CoordRoot,16,0x57B0,0x0000001C,0x0002,0x0008,1c00000002000800,mechanically decoded I/HH record only; link direction and exact runtime property name are not proven
m999_e003_model,outer/RES:init_msb4_1,4yET9Wtatumaki_,24,Position3DGenerated:GendNormal:CoordRoot,0,0x57C0,0x00000024,0x0002,0x002C,2400000002002c00,mechanically decoded I/HH record only; link direction and exact runtime property name are not proven
m999_e003_model,outer/RES:init_msb4_1,4yET9Wtatumaki_,24,Position3DGenerated:GendNormal:CoordRoot,1,0x57C8,0x00000028,0x0002,0x0008,2800000002000800,mechanically decoded I/HH record only; link direction and exact runtime property name are not proven
m999_e003_model,outer/RES:init_msb4_1,4yET9Wtatumaki_,24,Position3DGenerated:GendNormal:CoordRoot,2,0x57D0,0x0000002C,0x0002,0x0008,2c00000002000800,mechanically decoded I/HH record only; link direction and exact runtime property name are not proven
m999_e003_model,outer/RES:init_msb4_1,4yET9Wtatumaki_,24,Position3DGenerated:GendNormal:CoordRoot,3,0x57D8,0x00000030,0x0002,0x0008,3000000002000800,mechanically decoded I/HH record only; link direction and exact runtime property name are not proven
m999_e003_model,outer/RES:init_msb4_1,4yET9Wtatumaki_,24,Position3DGenerated:GendNormal:CoordRoot,4,0x57E0,0x00000034,0x0002,0x0030,3400000002003000,mechanically decoded I/HH record only; link direction and exact runtime property name are not proven
m999_e003_model,outer/RES:init_msb4_1,4yET9Wtatumaki_,24,Position3DGenerated:GendNormal:CoordRoot,5,0x57E8,0x00000000,0x0000,0x0000,0000000000000000,mechanically decoded I/HH record only; link direction and exact runtime property name are not proven
m999_e003_model,outer/RES:init_msb4_1,4yET9Wtatumaki_,24,Position3DGenerated:GendNormal:CoordRoot,6,0x57F0,0x00000000,0xFFFF,0x0028,00000000ffff2800,mechanically decoded I/HH record only; link direction and exact runtime property name are not proven
m999_e003_model,outer/RES:init_msb4_1,4yET9Wtatumaki_,24,Position3DGenerated:GendNormal:CoordRoot,7,0x57F8,0x00000000,0x0000,0x002C,0000000000002c00,mechanically decoded I/HH record only; link direction and exact runtime property name are not proven
m999_e003_model,outer/RES:init_msb4_1,4yET9Wtatumaki_,24,Position3DGenerated:GendNormal:CoordRoot,8,0x5800,0x00000020,0x0001,0x0038,2000000001003800,mechanically decoded I/HH record only; link direction and exact runtime property name are not proven
m999_e003_model,outer/RES:init_msb4_1,4yET9Wtatumaki_,24,Position3DGenerated:GendNormal:CoordRoot,9,0x5808,0x00000000,0x0002,0x0008,0000000002000800,mechanically decoded I/HH record only; link direction and exact runtime property name are not proven
m999_e003_model,outer/RES:init_msb4_1,4yET9Wtatumaki_,24,Position3DGenerated:GendNormal:CoordRoot,10,0x5810,0x00000004,0x0002,0x0008,0400000002000800,mechanically decoded I/HH record only; link direction and exact runtime property name are not proven
m999_e003_model,outer/RES:init_msb4_1,4yET9Wtatumaki_,24,Position3DGenerated:GendNormal:CoordRoot,11,0x5818,0x00000008,0x0002,0x0008,0800000002000800,mechanically decoded I/HH record only; link direction and exact runtime property name are not proven
m999_e003_model,outer/RES:init_msb4_1,4yET9Wtatumaki_,24,Position3DGenerated:GendNormal:CoordRoot,12,0x5820,0x0000000C,0x0002,0x002C,0c00000002002c00,mechanically decoded I/HH record only; link direction and exact runtime property name are not proven
m999_e003_model,outer/RES:init_msb4_1,4yET9Wtatumaki_,24,Position3DGenerated:GendNormal:CoordRoot,13,0x5828,0x00000010,0x0002,0x0030,1000000002003000,mechanically decoded I/HH record only; link direction and exact runtime property name are not proven
m999_e003_model,outer/RES:init_msb4_1,4yET9Wtatumaki_,24,Position3DGenerated:GendNormal:CoordRoot,14,0x5830,0x00000014,0x0002,0x0008,1400000002000800,mechanically decoded I/HH record only; link direction and exact runtime property name are not proven
m999_e003_model,outer/RES:init_msb4_1,4yET9Wtatumaki_,24,Position3DGenerated:GendNormal:CoordRoot,15,0x5838,0x00000018,0x0002,0x0008,1800000002000800,mechanically decoded I/HH record only; link direction and exact runtime property name are not proven
m999_e003_model,outer/RES:init_msb4_1,4yET9Wtatumaki_,24,Position3DGenerated:GendNormal:CoordRoot,16,0x5840,0x0000001C,0x0002,0x0008,1c00000002000800,mechanically decoded I/HH record only; link direction and exact runtime property name are not proven
m999_e003_model,outer/RES:init_msb4_1,4yET9Wtatumaki_,34,Position3DGenerated:GendNormal:CoordRoot,0,0x5850,0x00000024,0x0002,0x002C,2400000002002c00,mechanically decoded I/HH record only; link direction and exact runtime property name are not proven
m999_e003_model,outer/RES:init_msb4_1,4yET9Wtatumaki_,34,Position3DGenerated:GendNormal:CoordRoot,1,0x5858,0x00000028,0x0002,0x0008,2800000002000800,mechanically decoded I/HH record only; link direction and exact runtime property name are not proven
m999_e003_model,outer/RES:init_msb4_1,4yET9Wtatumaki_,34,Position3DGenerated:GendNormal:CoordRoot,2,0x5860,0x0000002C,0x0002,0x0008,2c00000002000800,mechanically decoded I/HH record only; link direction and exact runtime property name are not proven
m999_e003_model,outer/RES:init_msb4_1,4yET9Wtatumaki_,34,Position3DGenerated:GendNormal:CoordRoot,3,0x5868,0x00000030,0x0002,0x0008,3000000002000800,mechanically decoded I/HH record only; link direction and exact runtime property name are not proven
m999_e003_model,outer/RES:init_msb4_1,4yET9Wtatumaki_,34,Position3DGenerated:GendNormal:CoordRoot,4,0x5870,0x00000034,0x0002,0x0030,3400000002003000,mechanically decoded I/HH record only; link direction and exact runtime property name are not proven
m999_e003_model,outer/RES:init_msb4_1,4yET9Wtatumaki_,34,Position3DGenerated:GendNormal:CoordRoot,5,0x5878,0x00000000,0x0000,0x0000,0000000000000000,mechanically decoded I/HH record only; link direction and exact runtime property name are not proven
m999_e003_model,outer/RES:init_msb4_1,4yET9Wtatumaki_,34,Position3DGenerated:GendNormal:CoordRoot,6,0x5880,0x00000000,0xFFFF,0x0028,00000000ffff2800,mechanically decoded I/HH record only; link direction and exact runtime property name are not proven
m999_e003_model,outer/RES:init_msb4_1,4yET9Wtatumaki_,34,Position3DGenerated:GendNormal:CoordRoot,7,0x5888,0x00000000,0x0000,0x002C,0000000000002c00,mechanically decoded I/HH record only; link direction and exact runtime property name are not proven
m999_e003_model,outer/RES:init_msb4_1,4yET9Wtatumaki_,34,Position3DGenerated:GendNormal:CoordRoot,8,0x5890,0x00000020,0x0001,0x0024,2000000001002400,mechanically decoded I/HH record only; link direction and exact runtime property name are not proven
m999_e003_model,outer/RES:init_msb4_1,4yET9Wtatumaki_,34,Position3DGenerated:GendNormal:CoordRoot,9,0x5898,0x00000000,0x0002,0x0008,0000000002000800,mechanically decoded I/HH record only; link direction and exact runtime property name are not proven
m999_e003_model,outer/RES:init_msb4_1,4yET9Wtatumaki_,34,Position3DGenerated:GendNormal:CoordRoot,10,0x58A0,0x00000004,0x0002,0x0008,0400000002000800,mechanically decoded I/HH record only; link direction and exact runtime property name are not proven
m999_e003_model,outer/RES:init_msb4_1,4yET9Wtatumaki_,34,Position3DGenerated:GendNormal:CoordRoot,11,0x58A8,0x00000008,0x0002,0x0008,0800000002000800,mechanically decoded I/HH record only; link direction and exact runtime property name are not proven
m999_e003_model,outer/RES:init_msb4_1,4yET9Wtatumaki_,41,Position3DGenerated:GendNormal:CoordRoot,0,0x58D0,0x0000001C,0x0002,0x0008,1c00000002000800,mechanically decoded I/HH record only; link direction and exact runtime property name are not proven
m999_e003_model,outer/RES:init_msb4_1,4yET9Wtatumaki_,41,Position3DGenerated:GendNormal:CoordRoot,1,0x58D8,0x00000020,0x0002,0x0008,2000000002000800,mechanically decoded I/HH record only; link direction and exact runtime property name are not proven
m999_e003_model,outer/RES:init_msb4_1,4yET9Wtatumaki_,41,Position3DGenerated:GendNormal:CoordRoot,2,0x58E0,0x00000000,0xFFFF,0x0040,00000000ffff4000,mechanically decoded I/HH record only; link direction and exact runtime property name are not proven
m999_e003_model,outer/RES:init_msb4_1,4yET9Wtatumaki_,41,Position3DGenerated:GendNormal:CoordRoot,3,0x58E8,0x0000001C,0x0000,0x0004,1c00000000000400,mechanically decoded I/HH record only; link direction and exact runtime property name are not proven
m999_e003_model,outer/RES:init_msb4_1,4yET9Wtatumaki_,41,Position3DGenerated:GendNormal:CoordRoot,4,0x58F0,0x00000024,0x0000,0x0000,2400000000000000,mechanically decoded I/HH record only; link direction and exact runtime property name are not proven
m999_e003_model,outer/RES:init_msb4_1,4yET9Wtatumaki_,41,Position3DGenerated:GendNormal:CoordRoot,5,0x58F8,0x00000000,0x0000,0x0000,0000000000000000,mechanically decoded I/HH record only; link direction and exact runtime property name are not proven
m999_e003_model,outer/RES:init_msb4_1,4yET9Wtatumaki_,41,Position3DGenerated:GendNormal:CoordRoot,6,0x5900,0x00000000,0xFFFF,0x0028,00000000ffff2800,mechanically decoded I/HH record only; link direction and exact runtime property name are not proven
m999_e003_model,outer/RES:init_msb4_1,4yET9Wtatumaki_,41,Position3DGenerated:GendNormal:CoordRoot,7,0x5908,0x00000000,0x0000,0x002C,0000000000002c00,mechanically decoded I/HH record only; link direction and exact runtime property name are not proven
m999_e003_model,outer/RES:init_msb4_1,4yET9Wtatumaki_,41,Position3DGenerated:GendNormal:CoordRoot,8,0x5910,0x00000020,0x0001,0x0038,2000000001003800,mechanically decoded I/HH record only; link direction and exact runtime property name are not proven
m999_e003_model,outer/RES:init_msb4_1,4yET9Wtatumaki_,41,Position3DGenerated:GendNormal:CoordRoot,9,0x5918,0x00000000,0x0002,0x0008,0000000002000800,mechanically decoded I/HH record only; link direction and exact runtime property name are not proven
m999_e003_model,outer/RES:init_msb4_1,4yET9Wtatumaki_,41,Position3DGenerated:GendNormal:CoordRoot,10,0x5920,0x00000004,0x0002,0x0008,0400000002000800,mechanically decoded I/HH record only; link direction and exact runtime property name are not proven
m999_e003_model,outer/RES:init_msb4_1,4yET9Wtatumaki_,41,Position3DGenerated:GendNormal:CoordRoot,11,0x5928,0x00000008,0x0002,0x0008,0800000002000800,mechanically decoded I/HH record only; link direction and exact runtime property name are not proven
m999_e003_model,outer/RES:init_msb4_1,4yET9Wtatumaki_,41,Position3DGenerated:GendNormal:CoordRoot,12,0x5930,0x0000000C,0x0002,0x002C,0c00000002002c00,mechanically decoded I/HH record only; link direction and exact runtime property name are not proven
m999_e003_model,outer/RES:init_msb4_1,4yET9Wtatumaki_,41,Position3DGenerated:GendNormal:CoordRoot,13,0x5938,0x00000010,0x0002,0x0030,1000000002003000,mechanically decoded I/HH record only; link direction and exact runtime property name are not proven
m999_e003_model,outer/RES:init_msb4_1,4yET9Wtatumaki_,41,Position3DGenerated:GendNormal:CoordRoot,14,0x5940,0x00000014,0x0002,0x0008,1400000002000800,mechanically decoded I/HH record only; link direction and exact runtime property name are not proven
m999_e003_model,outer/RES:init_msb4_1,4yET9Wtatumaki_,41,Position3DGenerated:GendNormal:CoordRoot,15,0x5948,0x00000018,0x0002,0x0008,1800000002000800,mechanically decoded I/HH record only; link direction and exact runtime property name are not proven
m999_e003_model,outer/RES:init_msb4_1,4yET9Wtatumaki_,41,Position3DGenerated:GendNormal:CoordRoot,16,0x5950,0x0000001C,0x0002,0x0008,1c00000002000800,mechanically decoded I/HH record only; link direction and exact runtime property name are not proven
m999_e003_model,outer/RES:init_msb4_1,4yET9Wtatumaki_,47,Position3DGenerated:GendNormal:CoordRoot,0,0x5960,0x00000024,0x0002,0x002C,2400000002002c00,mechanically decoded I/HH record only; link direction and exact runtime property name are not proven
m999_e003_model,outer/RES:init_msb4_1,4yET9Wtatumaki_,47,Position3DGenerated:GendNormal:CoordRoot,1,0x5968,0x00000028,0x0002,0x0008,2800000002000800,mechanically decoded I/HH record only; link direction and exact runtime property name are not proven
m999_e003_model,outer/RES:init_msb4_1,4yET9Wtatumaki_,47,Position3DGenerated:GendNormal:CoordRoot,2,0x5970,0x0000002C,0x0002,0x0008,2c00000002000800,mechanically decoded I/HH record only; link direction and exact runtime property name are not proven
m999_e003_model,outer/RES:init_msb4_1,4yET9Wtatumaki_,47,Position3DGenerated:GendNormal:CoordRoot,3,0x5978,0x00000030,0x0002,0x0008,3000000002000800,mechanically decoded I/HH record only; link direction and exact runtime property name are not proven
m999_e003_model,outer/RES:init_msb4_1,4yET9Wtatumaki_,47,Position3DGenerated:GendNormal:CoordRoot,4,0x5980,0x00000034,0x0002,0x0030,3400000002003000,mechanically decoded I/HH record only; link direction and exact runtime property name are not proven
m999_e003_model,outer/RES:init_msb4_1,4yET9Wtatumaki_,47,Position3DGenerated:GendNormal:CoordRoot,5,0x5988,0x00000000,0x0000,0x0000,0000000000000000,mechanically decoded I/HH record only; link direction and exact runtime property name are not proven
m999_e003_model,outer/RES:init_msb4_1,4yET9Wtatumaki_,47,Position3DGenerated:GendNormal:CoordRoot,6,0x5990,0x00000000,0xFFFF,0x0028,00000000ffff2800,mechanically decoded I/HH record only; link direction and exact runtime property name are not proven
m999_e003_model,outer/RES:init_msb4_1,4yET9Wtatumaki_,47,Position3DGenerated:GendNormal:CoordRoot,7,0x5998,0x00000000,0x0000,0x002C,0000000000002c00,mechanically decoded I/HH record only; link direction and exact runtime property name are not proven
m999_e003_model,outer/RES:init_msb4_1,4yET9Wtatumaki_,47,Position3DGenerated:GendNormal:CoordRoot,8,0x59A0,0x00000020,0x0001,0x0024,2000000001002400,mechanically decoded I/HH record only; link direction and exact runtime property name are not proven
m999_e003_model,outer/RES:init_msb4_1,4yET9Wtatumaki_,47,Position3DGenerated:GendNormal:CoordRoot,9,0x59A8,0x00000000,0x0002,0x002C,0000000002002c00,mechanically decoded I/HH record only; link direction and exact runtime property name are not proven
m999_e003_model,outer/RES:init_msb4_1,4yET9Wtatumaki_,47,Position3DGenerated:GendNormal:CoordRoot,10,0x59B0,0x00000004,0x0002,0x0008,0400000002000800,mechanically decoded I/HH record only; link direction and exact runtime property name are not proven
m999_e003_model,outer/RES:init_msb4_1,4yET9Wtatumaki_,47,Position3DGenerated:GendNormal:CoordRoot,11,0x59B8,0x00000008,0x0002,0x0008,0800000002000800,mechanically decoded I/HH record only; link direction and exact runtime property name are not proven
m999_e003_model,outer/RES:init_msb4_1,4yET9Wtatumaki_,53,Position3DGenerated:GendNormal:CoordRoot,0,0x59C0,0x0000000C,0x0002,0x0008,0c00000002000800,mechanically decoded I/HH record only; link direction and exact runtime property name are not proven
m999_e003_model,outer/RES:init_msb4_1,4yET9Wtatumaki_,53,Position3DGenerated:GendNormal:CoordRoot,1,0x59C8,0x00000010,0x0002,0x0030,1000000002003000,mechanically decoded I/HH record only; link direction and exact runtime property name are not proven
m999_e003_model,outer/RES:init_msb4_1,4yET9Wtatumaki_,53,Position3DGenerated:GendNormal:CoordRoot,2,0x59D0,0x00000014,0x0002,0x0008,1400000002000800,mechanically decoded I/HH record only; link direction and exact runtime property name are not proven
m999_e003_model,outer/RES:init_msb4_1,4yET9Wtatumaki_,53,Position3DGenerated:GendNormal:CoordRoot,3,0x59D8,0x00000018,0x0002,0x0008,1800000002000800,mechanically decoded I/HH record only; link direction and exact runtime property name are not proven
m999_e003_model,outer/RES:init_msb4_1,4yET9Wtatumaki_,53,Position3DGenerated:GendNormal:CoordRoot,4,0x59E0,0x0000001C,0x0002,0x0008,1c00000002000800,mechanically decoded I/HH record only; link direction and exact runtime property name are not proven
m999_e003_model,outer/RES:init_msb4_1,4yET9Wtatumaki_,53,Position3DGenerated:GendNormal:CoordRoot,5,0x59E8,0x00000020,0x0002,0x0008,2000000002000800,mechanically decoded I/HH record only; link direction and exact runtime property name are not proven
m999_e003_model,outer/RES:init_msb4_1,4yET9Wtatumaki_,53,Position3DGenerated:GendNormal:CoordRoot,6,0x59F0,0x00000000,0xFFFF,0x0028,00000000ffff2800,mechanically decoded I/HH record only; link direction and exact runtime property name are not proven
m999_e003_model,outer/RES:init_msb4_1,4yET9Wtatumaki_,53,Position3DGenerated:GendNormal:CoordRoot,7,0x59F8,0x00000000,0x0000,0x002C,0000000000002c00,mechanically decoded I/HH record only; link direction and exact runtime property name are not proven
m999_e003_model,outer/RES:init_msb4_1,4yET9Wtatumaki_,53,Position3DGenerated:GendNormal:CoordRoot,8,0x5A00,0x00000020,0x0001,0x0024,2000000001002400,mechanically decoded I/HH record only; link direction and exact runtime property name are not proven
m999_e003_model,outer/RES:init_msb4_1,4yET9Wtatumaki_,53,Position3DGenerated:GendNormal:CoordRoot,9,0x5A08,0x00000000,0x0002,0x002C,0000000002002c00,mechanically decoded I/HH record only; link direction and exact runtime property name are not proven
m999_e003_model,outer/RES:init_msb4_1,4yET9Wtatumaki_,53,Position3DGenerated:GendNormal:CoordRoot,10,0x5A10,0x00000004,0x0002,0x0008,0400000002000800,mechanically decoded I/HH record only; link direction and exact runtime property name are not proven
m999_e003_model,outer/RES:init_msb4_1,4yET9Wtatumaki_,53,Position3DGenerated:GendNormal:CoordRoot,11,0x5A18,0x00000008,0x0002,0x0008,0800000002000800,mechanically decoded I/HH record only; link direction and exact runtime property name are not proven
