quest_id,recipe_id,output_item,output_name,job,level,crystals,materials
110420,5385,11000077,Potent Medication,G,21,Water+Lightning x1,11000076 Mummified Mole x1 + 3020401 Eye Drops x1
110440,5386,11000069,Piping Hot Pie Crust,H,20,none,3011524 Sunset Wheat Flour + 3011509 Cinnamon + 3011502 Salted Butter + 3011529 Table Salt + 3010609 Mineral Water
110440,5387,11000070,Aromatic Pate,H,20,none,3011015 Chicken Egg + 3010603 Aldgoat Milk + 3011205 Tiger Cod + 3011301 Cieldalaes Spinach + 3011506 Garlean Garlic
110442,5388,11000073,Foulbelly Meatball,H,36,none,3011406 Button Mushroom + 11000074 Queer-smelling Meat + 11000075 Sweet-smelling Spice
110442,5389,11000071,Devilbelly Meatball,H,36,none,11000073 Foulbelly Meatball + 11000072 Devilshroom x2 (repeated slot)
110320,5390,11000004,Naldiq Instrument Case (BSM),B,20,none,10002011 Bronze Ingot x2
110320,5391,11000005,Poor Trembler (BSM),B,20,none,10002011 Bronze Ingot x3
110320,5392,11000006,Middle Coil (BSM),B,20,none,10002012 Iron Ingot x2
110320,5393,11000007,High Horn (BSM),B,20,none,10002012 Iron Ingot x3
110320,5394,11000008,Vymelli Instrument Case (ARM),C,20,none,10002021 Bronze Plate + 10002071 Bronze Rivets
110320,5395,11000009,Poor Trembler (ARM),C,20,none,10002021 Bronze Plate x2
110320,5396,11000010,Middle Coil (ARM),C,20,none,10002012 Iron Ingot x2
110320,5397,11000011,High Horn (ARM),C,20,none,10002022 Iron Plate x2 + 10002072 Iron Rivets
110322,5398,11000050,Bronze Earplug Mold (BSM),B,36,none,10002011 Bronze Ingot x2
110322,5399,11000051,Bronze Earplug Casing (ARM),C,36,none,10002021 Bronze Plate x1
110400,5400,11000054,Red Riding Hood,F,20,none,11000055 Ripped Riding Hood + 10005005 Undyed Cotton Cloth + 10010719 All-purpose Red Dye + 10005302 Cotton Yarn
110402,5401,11000056,Luxurious Gloves,F,36,none,11000057 Thanalan Spider Silk + 10005015 Undyed Velveteen + 10005302 Cotton Yarn
110380,5402,11000045,Repaired Wailer Armor,E,20,none,11000044 Damaged Wailer Armor + 10007126 Aldgoat Leather
110381,5403,11000047,Fen-Yll Birkin Bag,E,30,none,10007113 Toad Leather + 10003012 Brass Ingot
110382,5404,11000049,Vintage Fen-Yll Boots,E,36,none,11000048 Damaged Fen-Yll Boots + 10007116 Boar Leather
