quest_id,code,method,parameters,instructions,path_templates,branch_edges,uncovered_branch_edges,uncovered_instructions,uncovered_reachable_instructions,structurally_unreachable_instructions,loop_templates,scenes
111201,war0j1,processEventStart,4,98,4,4,0,88;97,0,2,0,
111201,war0j1,processEventStartAfter,3,12,1,0,0,,0,0,0,
111201,war0j1,processEventCurious,3,70,1,0,0,,0,0,0,
111201,war0j1,processEventCuriousAfter,3,15,1,0,0,,0,0,0,
111201,war0j1,processEventClear,3,86,1,0,0,,0,0,0,
111201,war0j1,processEventClearAfter,3,20,1,0,0,,0,0,0,
111201,war0j1,processEventJob,4,24,1,0,0,,0,0,0,
111201,war0j1,processEventStart_Hint,3,11,1,0,0,,0,0,0,
111201,war0j1,processEventChuui,3,8,1,0,0,,0,0,0,
111201,war0j1,processEventChuui2,3,8,1,0,0,,0,0,0,
111202,war0j2,processEventCURIOUS_GORGEStart,3,125,2,2,0,124,0,1,0,
111202,war0j2,processEventCURIOUS_GORGEStart_1,3,21,1,0,0,,0,0,0,
111202,war0j2,processEvent000,3,20,1,0,0,,0,0,0,
111202,war0j2,onJobQuestCompleteFirst,2,6,1,0,0,,0,0,0,
111202,war0j2,onJobQuestCompleteSecond,2,6,1,0,0,,0,0,0,
111202,war0j2,onJobQuestCompleteThird,2,6,1,0,0,,0,0,0,
111202,war0j2,processEventChuui,3,8,1,0,0,,0,0,0,
111202,war0j2,processEventChuui2,3,8,1,0,0,,0,0,0,
111203,war0j3,processEvent_hint,3,21,1,0,0,,0,0,0,
111203,war0j3,processEventCURIOUSGORGEStart,3,96,2,2,0,95,0,1,0,
111203,war0j3,processEvent000_2,3,20,1,0,0,,0,0,0,
111203,war0j3,processEvent005,4,13,1,0,0,,0,0,0,war0j310
111203,war0j3,processEvent010,3,76,1,0,0,,0,0,0,
111203,war0j3,processEventKokuti,3,17,1,0,0,,0,0,0,
111203,war0j3,processEventChuui,3,8,1,0,0,,0,0,0,
111203,war0j3,processEventChuui2,3,8,1,0,0,,0,0,0,
111204,war0j4,processEventCURIOUS_GORGE_Hint,3,21,1,0,0,,0,0,0,
111204,war0j4,processEventCURIOUS_GORGE_Start,3,88,2,2,0,87,0,1,0,
111204,war0j4,processEventCURIOUS_GORGE_Follow,3,15,1,0,0,,0,0,0,
111204,war0j4,processEvent_getAF_info,4,9,1,0,0,,0,0,0,
111204,war0j4,processEventChuui,3,8,1,0,0,,0,0,0,
111204,war0j4,processEventChuui2,3,8,1,0,0,,0,0,0,
111205,war0j5,processEventCURIOUS_GORGEStart,3,124,2,2,0,123,0,1,0,
111205,war0j5,processEvent000,3,20,1,0,0,,0,0,0,
111205,war0j5,onJobQuestCompleteFirst,2,6,1,0,0,,0,0,0,
111205,war0j5,onJobQuestCompleteSecond,2,6,1,0,0,,0,0,0,
111205,war0j5,onJobQuestCompleteThird,2,6,1,0,0,,0,0,0,
111205,war0j5,processEventChuui,3,8,1,0,0,,0,0,0,
111205,war0j5,processEventChuui2,3,8,1,0,0,,0,0,0,
111206,war0j6,processEventCURIOUS_GORGEHint,3,26,1,0,0,,0,0,0,
111206,war0j6,processEventCURIOUS_GORGEStart,3,76,2,2,0,75,0,1,0,
111206,war0j6,processEventCURIOUS_GORGEFollow,3,20,1,0,0,,0,0,0,
111206,war0j6,processEvent010,3,11,1,0,0,,0,0,0,war0j610
111206,war0j6,processEventCURIOUS_GORGE010Follow,3,15,1,0,0,,0,0,0,
111206,war0j6,processEvent020,3,11,1,0,0,,0,0,0,war0j620
111206,war0j6,processEventClear,4,24,1,0,0,,0,0,0,
111206,war0j6,processEventChuui,3,8,1,0,0,,0,0,0,
111206,war0j6,processEventChuui2,3,8,1,0,0,,0,0,0,
111221,mnk0j1,processEventGAGARUNAStart,5,95,6,6,0,94,0,1,0,
111221,mnk0j1,processEvent000_1,3,15,1,0,0,,0,0,0,
111221,mnk0j1,processEvent005,3,122,1,0,0,,0,0,0,
111221,mnk0j1,processEvent005_1,3,20,1,0,0,,0,0,0,
111221,mnk0j1,processEvent010,3,11,1,0,0,,0,0,0,mnk0j110
111221,mnk0j1,processEvent010_2_system,4,13,1,0,0,,0,0,0,
111221,mnk0j1,processEvent010_3_system,3,17,1,0,0,,0,0,0,
111221,mnk0j1,processEventStart_Hint,3,11,1,0,0,,0,0,0,
111221,mnk0j1,processEventChuui,3,8,1,0,0,,0,0,0,
111221,mnk0j1,processEventChuui2,3,8,1,0,0,,0,0,0,
111222,mnk0j2,processEventERIKStart,3,181,2,2,0,180,0,1,0,
111222,mnk0j2,processEventERIKStart_1,3,39,1,0,0,,0,0,0,
111222,mnk0j2,processEventWIDARGELTStart_1,3,15,1,0,0,,0,0,0,
111222,mnk0j2,processEvent000,3,20,1,0,0,,0,0,0,
111222,mnk0j2,processEvent000_1,3,15,1,0,0,,0,0,0,
111222,mnk0j2,onJobQuestCompleteFirst,2,7,1,0,0,,0,0,0,
111222,mnk0j2,onJobQuestCompleteSecond,2,6,1,0,0,,0,0,0,
111222,mnk0j2,onJobQuestCompleteThird,2,6,1,0,0,,0,0,0,
111222,mnk0j2,processEventChuui,3,8,1,0,0,,0,0,0,
111222,mnk0j2,processEventChuui2,3,8,1,0,0,,0,0,0,
111223,mnk0j3,processEventStartBefore,3,26,1,0,0,,0,0,0,
111223,mnk0j3,processEventWidargeltHint,3,15,1,0,0,,0,0,0,
111223,mnk0j3,processEventStart,3,115,2,2,0,102;114,0,2,0,
111223,mnk0j3,processEventAfterTolk01,3,28,1,0,0,,0,0,0,
111223,mnk0j3,processEventStartAfter,3,57,1,0,0,,0,0,0,
111223,mnk0j3,processEventAfterTolk02,3,28,1,0,0,,0,0,0,
111223,mnk0j3,processEventWidargeltAfter,3,25,1,0,0,,0,0,0,
111223,mnk0j3,processEventPoint,3,7,1,0,0,,0,0,0,
111223,mnk0j3,processEventClear,3,34,1,0,0,,0,0,0,mnk0j310
111223,mnk0j3,processEventAfget,4,17,1,0,0,,0,0,0,
111223,mnk0j3,processEventChuui,3,8,1,0,0,,0,0,0,
111223,mnk0j3,processEventChuui0,3,8,1,0,0,,0,0,0,
111224,mnk0j4,processEventERIKStart,4,204,2,2,0,203,0,1,0,
111224,mnk0j4,processEventERIKStart_1,3,21,1,0,0,,0,0,0,
111224,mnk0j4,processEventWIDARGELTStart_1,3,20,1,0,0,,0,0,0,
111224,mnk0j4,processEvent000,3,25,1,0,0,,0,0,0,
111224,mnk0j4,processEvent000_1,3,20,1,0,0,,0,0,0,
111224,mnk0j4,onJobQuestCompleteFirst,2,7,1,0,0,,0,0,0,
111224,mnk0j4,onJobQuestCompleteSecond,2,6,1,0,0,,0,0,0,
111224,mnk0j4,onJobQuestCompleteThird,2,6,1,0,0,,0,0,0,
111224,mnk0j4,processEventChuui,3,8,1,0,0,,0,0,0,
111224,mnk0j4,processEventChuui2,3,8,1,0,0,,0,0,0,
111225,mnk0j5,processEvent_ERIK_Hint,3,41,1,0,0,,0,0,0,
111225,mnk0j5,processEvent_WIDARGELT_Start,3,189,2,2,0,188,0,1,0,
111225,mnk0j5,processEvent_WIDARGELT_Follow,3,25,1,0,0,,0,0,0,
111225,mnk0j5,processEvent_ERIK_Follow,3,25,1,0,0,,0,0,0,
111225,mnk0j5,processEvent_getAF_info,4,9,1,0,0,,0,0,0,
111225,mnk0j5,processEventChuui,3,8,1,0,0,,0,0,0,
111225,mnk0j5,processEventChuui2,3,8,1,0,0,,0,0,0,
111226,mnk0j6,processEventERIK_Hint,3,26,1,0,0,,0,0,0,
111226,mnk0j6,processEventWIDARGELT_HintUnder50,3,28,1,0,0,,0,0,0,
111226,mnk0j6,processEventWIDARGELT_HintOver50,3,28,1,0,0,,0,0,0,
111226,mnk0j6,processEventERIKStart,3,146,2,2,0,145,0,1,0,
111226,mnk0j6,processEvent000_ERIK_Follow,3,15,1,0,0,,0,0,0,
111226,mnk0j6,processEvent000_WIDARGELT_Follow,3,33,1,0,0,,0,0,0,
111226,mnk0j6,processEvent005,4,17,2,2,0,,0,0,0,mnk0j610
111226,mnk0j6,processEvent015,3,11,1,0,0,,0,0,0,mnk0j620
111226,mnk0j6,processEvent020,4,103,1,0,0,,0,0,0,
111226,mnk0j6,processEvent020_ERIC_Follow,3,20,1,0,0,,0,0,0,
111226,mnk0j6,processEventClear,3,17,1,0,0,,0,0,0,
111226,mnk0j6,processEvent020_ERIC_PUB,3,15,1,0,0,,0,0,0,
111226,mnk0j6,processEventWIDARGELT_PUB,3,15,1,0,0,,0,0,0,
111226,mnk0j6,processEventChuui,3,8,1,0,0,,0,0,0,
111226,mnk0j6,processEventChuui2,3,8,1,0,0,,0,0,0,
111241,whm0j1,processEventStart,3,66,2,2,0,53;65,0,2,0,
111241,whm0j1,processEventStartAfter,3,15,1,0,0,,0,0,0,
111241,whm0j1,processEventRayao,4,100,2,2,0,,0,0,0,
111241,whm0j1,processEventMoogleA00,3,15,1,0,0,,0,0,0,
111241,whm0j1,processEventMoogleB00,3,15,1,0,0,,0,0,0,
111241,whm0j1,processEventRyaoAfter,3,20,1,0,0,,0,0,0,
111241,whm0j1,processEventMoogleA01,3,15,1,0,0,,0,0,0,
111241,whm0j1,processEventMoogleB01,3,15,1,0,0,,0,0,0,
111241,whm0j1,processEventClear,3,18,1,0,0,,0,0,0,
111241,whm0j1,processEventClearNQ,3,16,1,0,0,,0,0,0,whm0j110
111241,whm0j1,processEventMoogleA02,3,15,1,0,0,,0,0,0,
111241,whm0j1,processEventMoogleB02,3,15,1,0,0,,0,0,0,
111241,whm0j1,processEventJob,4,22,1,0,0,,0,0,0,
111241,whm0j1,processEventKokuti,4,9,1,0,0,,0,0,0,
111241,whm0j1,processEventStart_Hint,3,11,1,0,0,,0,0,0,
111241,whm0j1,processEventChuui,3,8,1,0,0,,0,0,0,
111241,whm0j1,processEventChuui2,3,8,1,0,0,,0,0,0,
111242,whm0j2,processEventRAYAOSENNAStart,3,107,2,2,0,106,0,1,0,whm0j210
111242,whm0j2,processEventRAYAOSENNAStart_1,3,21,1,0,0,,0,0,0,
111242,whm0j2,processEventMOOGLEAStart_1,3,15,1,0,0,,0,0,0,
111242,whm0j2,processEventMOOGLEBStart_1,3,15,1,0,0,,0,0,0,
111242,whm0j2,processEvent000,3,18,1,0,0,,0,0,0,
111242,whm0j2,processEvent000_1,3,18,1,0,0,,0,0,0,
111242,whm0j2,processEvent000_2,3,15,1,0,0,,0,0,0,
111242,whm0j2,processEvent005,3,99,1,0,0,,0,0,0,
111242,whm0j2,processEvent005_1,3,18,1,0,0,,0,0,0,
111242,whm0j2,processEvent005_2,3,18,1,0,0,,0,0,0,
111242,whm0j2,onJobQuestCompleteFirst,2,6,1,0,0,,0,0,0,
111242,whm0j2,onJobQuestCompleteSecond,2,6,1,0,0,,0,0,0,
111242,whm0j2,processEventChuui,3,8,1,0,0,,0,0,0,
111242,whm0j2,processEventChuui2,3,8,1,0,0,,0,0,0,
111243,whm0j3,processEventRAYAOSENNAStart,3,95,2,2,0,94,0,1,0,
111243,whm0j3,processEventRAYAOSENNAStart_1,3,21,1,0,0,,0,0,0,
111243,whm0j3,processEventMOOGLEAStart_1,3,15,1,0,0,,0,0,0,
111243,whm0j3,processEventMOOGLEBStart_1,3,15,1,0,0,,0,0,0,
111243,whm0j3,processEvent000,3,15,1,0,0,,0,0,0,
111243,whm0j3,processEvent000_1,3,15,1,0,0,,0,0,0,
111243,whm0j3,processEvent000_2,3,15,1,0,0,,0,0,0,
111243,whm0j3,processEvent005,3,77,1,0,0,,0,0,0,
111243,whm0j3,processEvent005_1,3,15,1,0,0,,0,0,0,
111243,whm0j3,processEvent005_2,3,15,1,0,0,,0,0,0,
111243,whm0j3,processEventChuui,3,8,1,0,0,,0,0,0,
111243,whm0j3,processEventChuui2,3,8,1,0,0,,0,0,0,
111244,whm0j4,processEventStartBeforeRaya,3,21,1,0,0,,0,0,0,
111244,whm0j4,processEventStartBeforeMogA,3,15,1,0,0,,0,0,0,
111244,whm0j4,processEventStartBeforeMogB,3,15,1,0,0,,0,0,0,
111244,whm0j4,processEventStart,3,141,2,2,0,128;140,0,2,0,
111244,whm0j4,processEventRyaoAfter,3,25,1,0,0,,0,0,0,
111244,whm0j4,processEventMoogleA00,3,15,1,0,0,,0,0,0,
111244,whm0j4,processEventMoogleB00,3,15,1,0,0,,0,0,0,
111244,whm0j4,processEventNQ,3,12,1,0,0,11,0,1,0,whm0j410
111244,whm0j4,processEventLS,3,7,1,0,0,6,0,1,0,
111244,whm0j4,processEventLS2,3,7,1,0,0,6,0,1,0,
111244,whm0j4,processEventMoogleA01,3,15,1,0,0,,0,0,0,
111244,whm0j4,processEventMoogleB01,3,15,1,0,0,,0,0,0,
111244,whm0j4,processEventClear,3,181,1,0,0,,0,0,0,
111244,whm0j4,processEventChuui,3,8,1,0,0,,0,0,0,
111244,whm0j4,processEventChuui2,3,8,1,0,0,,0,0,0,
111245,whm0j5,processEvent_OTOMO_A_before,3,15,1,0,0,,0,0,0,
111245,whm0j5,processEvent_OTOMO_B_before,3,15,1,0,0,,0,0,0,
111245,whm0j5,processEvent_RAYA_offer,3,204,2,2,0,203,0,1,0,
111245,whm0j5,processEvent_OTOMO_A_follow,3,15,1,0,0,,0,0,0,
111245,whm0j5,processEvent_OTOMO_B_follow,3,15,1,0,0,,0,0,0,
111245,whm0j5,processEvent_RAYA_O_follow,3,30,1,0,0,,0,0,0,
111245,whm0j5,processEvent_getAF_info,4,17,1,0,0,,0,0,0,
111245,whm0j5,processEvent_OTOMO_A_cfollow,3,15,1,0,0,,0,0,0,
111245,whm0j5,processEvent_OTOMO_B_cfollow,3,15,1,0,0,,0,0,0,
111245,whm0j5,processEvent_RAYA_O_clear,3,49,1,0,0,,0,0,0,
111245,whm0j5,processEventChuui,3,8,1,0,0,,0,0,0,
111245,whm0j5,processEventChuui2,3,8,1,0,0,,0,0,0,
111246,whm0j6,processEventStartBeforeRaya,3,26,1,0,0,,0,0,0,
111246,whm0j6,processEventStartBeforeMogA,3,15,1,0,0,,0,0,0,
111246,whm0j6,processEventStartBeforeMogB,3,15,1,0,0,,0,0,0,
111246,whm0j6,processEventStart,3,126,2,2,0,113;125,0,2,0,
111246,whm0j6,processEventCutSceneBeforeBattle,3,11,1,0,0,,0,0,0,whm0j605
111246,whm0j6,processEventRyaoAfter,3,28,1,0,0,,0,0,0,
111246,whm0j6,processEventMoogleA00,3,20,1,0,0,,0,0,0,
111246,whm0j6,processEventMoogleB00,3,15,1,0,0,,0,0,0,
111246,whm0j6,processEventMoogleA01,3,15,1,0,0,,0,0,0,
111246,whm0j6,processEventMoogleB01,3,15,1,0,0,,0,0,0,
111246,whm0j6,processEventNQ,3,11,1,0,0,,0,0,0,whm0j610
111246,whm0j6,processEvent_getAF_info,3,20,1,0,0,,0,0,0,
111246,whm0j6,processEventClear,3,140,1,0,0,,0,0,0,
111246,whm0j6,processEventAfget,4,21,1,0,0,,0,0,0,
111246,whm0j6,processEventChuui,3,8,1,0,0,,0,0,0,
111246,whm0j6,processEventChuui2,3,8,1,0,0,,0,0,0,
111246,whm0j6,processEventNQ03,3,11,1,0,0,,0,0,0,whm0j610
111261,blm0j1,processEventYayakeStart,4,161,6,10,0,,0,0,0,
111261,blm0j1,processEventYayake000Follow,3,28,1,0,0,,0,0,0,
111261,blm0j1,processEventLalai000Follow,3,15,1,0,0,,0,0,0,
111261,blm0j1,processEventKazaggchah000Follow,3,15,1,0,0,,0,0,0,
111261,blm0j1,processEventDozolmeloc000Follow,3,15,1,0,0,,0,0,0,
111261,blm0j1,processEventDaza000Follow,3,15,1,0,0,,0,0,0,
111261,blm0j1,processEventYayakeFollow,3,7,1,0,0,,0,0,0,
111261,blm0j1,processEvent010,3,28,1,0,0,,0,0,0,blm0j110
111261,blm0j1,processEventLalai010Follow,3,15,1,0,0,,0,0,0,
111261,blm0j1,processEventKazaggchah010Follow,3,15,1,0,0,,0,0,0,
111261,blm0j1,processEventDozolmeloc010Follow,3,15,1,0,0,,0,0,0,
111261,blm0j1,processEventDaza010Follow,3,15,1,0,0,,0,0,0,
111261,blm0j1,processEvent020,3,11,1,0,0,,0,0,0,blm0j120
111261,blm0j1,processEventClear,4,30,1,0,0,,0,0,0,
111261,blm0j1,processEventClearAfter,3,26,1,0,0,,0,0,0,
111261,blm0j1,processEvent_Yayake_Hint,3,11,1,0,0,,0,0,0,
111261,blm0j1,processEventChuui,3,8,1,0,0,,0,0,0,
111261,blm0j1,processEventChuui2,3,8,1,0,0,,0,0,0,
111262,blm0j2,processEvent_hint,3,21,1,0,0,,0,0,0,
111262,blm0j2,processEventLALAIStart,3,103,2,2,0,102,0,1,0,
111262,blm0j2,processEvent000_LALAI,3,28,1,0,0,,0,0,0,
111262,blm0j2,processEvent000_KAZAGGCHAH,3,15,1,0,0,,0,0,0,
111262,blm0j2,processEvent000_DOZOLMELOC,3,15,1,0,0,,0,0,0,
111262,blm0j2,processEvent000_DAZA,3,15,1,0,0,,0,0,0,
111262,blm0j2,onJobQuestCompleteFirst,2,9,1,0,0,,0,0,0,
111262,blm0j2,onJobQuestCompleteSecond,2,6,1,0,0,,0,0,0,
111262,blm0j2,onJobQuestCompleteThird,2,6,1,0,0,,0,0,0,
111262,blm0j2,processEventChuui,3,8,1,0,0,,0,0,0,
111262,blm0j2,processEventChuui2,3,8,1,0,0,,0,0,0,
111263,blm0j3,processEvent_hint,3,21,1,0,0,,0,0,0,
111263,blm0j3,processEventLALAIStart,3,127,2,2,0,126,0,1,0,
111263,blm0j3,processEvent000,3,28,1,0,0,,0,0,0,
111263,blm0j3,processEvent000_1,3,15,1,0,0,,0,0,0,
111263,blm0j3,processEvent000_2,3,15,1,0,0,,0,0,0,
111263,blm0j3,processEvent005,4,63,1,0,0,,0,0,0,
111263,blm0j3,processEvent005_1,3,30,1,0,0,,0,0,0,
111263,blm0j3,processEvent005_2,3,15,1,0,0,,0,0,0,
111263,blm0j3,processEvent005_3,3,15,1,0,0,,0,0,0,
111263,blm0j3,processEvent010,3,67,1,0,0,,0,0,0,
111263,blm0j3,processEvent010_1,3,15,1,0,0,,0,0,0,
111263,blm0j3,processEvent010_2,3,15,1,0,0,,0,0,0,
111263,blm0j3,processEventClear,3,12,1,0,0,,0,0,0,
111263,blm0j3,processEventChuui,3,8,1,0,0,,0,0,0,
111263,blm0j3,processEventChuui2,3,8,1,0,0,,0,0,0,
111264,blm0j4,processEvent_hint,3,21,1,0,0,,0,0,0,
111264,blm0j4,processEventDOZOLMELOCStart,3,134,4,4,0,133,0,1,0,
111264,blm0j4,processEvent005,3,12,1,0,0,,0,0,0,
111264,blm0j4,processEvent000_DOZOLMELOC,3,33,1,0,0,,0,0,0,
111264,blm0j4,processEvent000_LALAI,3,15,1,0,0,,0,0,0,
111264,blm0j4,processEvent000_KAZAGGCHAH,3,20,1,0,0,,0,0,0,
111264,blm0j4,processEvent000_DAZA,3,20,1,0,0,,0,0,0,
111264,blm0j4,processEvent000_SEKIHI,3,7,1,0,0,,0,0,0,
111264,blm0j4,onJobQuestCompleteFirst,2,9,1,0,0,,0,0,0,
111264,blm0j4,onJobQuestCompleteSecond,2,9,1,0,0,,0,0,0,
111264,blm0j4,processEventChuui,3,8,1,0,0,,0,0,0,
111264,blm0j4,processEventChuui2,3,8,1,0,0,,0,0,0,
111265,blm0j5,processEvent_DAZA_Start,3,143,2,2,0,142,0,1,0,
111265,blm0j5,processEvent_DAZA_Follow,3,25,1,0,0,,0,0,0,
111265,blm0j5,processEvent_KAZAGGCHAH_Follow,3,14,1,0,0,,0,0,0,
111265,blm0j5,processEvent_DOZOLMELOC_Follow,3,9,1,0,0,,0,0,0,
111265,blm0j5,processEvent_LALAI_Follow,3,9,1,0,0,,0,0,0,
111265,blm0j5,processEvent_getAF_info,4,9,1,0,0,,0,0,0,
111265,blm0j5,processEventChuui,3,8,1,0,0,,0,0,0,
111265,blm0j5,processEventChuui2,3,8,1,0,0,,0,0,0,
111266,blm0j6,processEventStartBeforeDaza,3,26,1,0,0,,0,0,0,
111266,blm0j6,processEventStart,3,73,2,2,0,63;72,0,2,0,
111266,blm0j6,processEventDaza01,3,20,1,0,0,,0,0,0,
111266,blm0j6,processEventKazagg01,3,20,1,0,0,,0,0,0,
111266,blm0j6,processEventLalai01,3,12,1,0,0,,0,0,0,
111266,blm0j6,processEventDozol01,3,67,1,0,0,,0,0,0,
111266,blm0j6,processEventDaza02,3,15,1,0,0,,0,0,0,
111266,blm0j6,processEventDozol02,3,20,1,0,0,,0,0,0,
111266,blm0j6,processEventKazagg02,3,56,1,0,0,,0,0,0,
111266,blm0j6,processEventDaza03,3,20,1,0,0,,0,0,0,
111266,blm0j6,processEventDozol03,3,20,1,0,0,,0,0,0,
111266,blm0j6,processEventKazagg03,3,20,1,0,0,,0,0,0,
111266,blm0j6,processEventLalai02,3,96,1,0,0,,0,0,0,
111266,blm0j6,processEventDaza04,3,30,1,0,0,,0,0,0,
111266,blm0j6,processEventDozol04,3,20,1,0,0,,0,0,0,
111266,blm0j6,processEventKazagg04,3,20,1,0,0,,0,0,0,
111266,blm0j6,processEventLalai03,3,25,1,0,0,,0,0,0,
111266,blm0j6,processEventNQ01,4,17,2,2,0,,0,0,0,blm0j610
111266,blm0j6,processEventNQ02,3,11,1,0,0,,0,0,0,blm0j620
111266,blm0j6,processEventNQ03,3,11,1,0,0,,0,0,0,blm0j620
111266,blm0j6,processEventAfget,4,24,1,0,0,,0,0,0,
111266,blm0j6,processEventChuui,3,8,1,0,0,,0,0,0,
111266,blm0j6,processEventChuui2,3,8,1,0,0,,0,0,0,
111281,pld0j1,processEventLULUTSUStart,4,89,4,4,0,88,0,1,0,
111281,pld0j1,processEvent055,3,15,1,0,0,,0,0,0,
111281,pld0j1,processEvent082,3,86,1,0,0,,0,0,0,
111281,pld0j1,processEvent083,3,33,1,0,0,,0,0,0,
111281,pld0j1,processEvent010,3,28,1,0,0,,0,0,0,pld0j110
111281,pld0j1,processEvent015,3,28,1,0,0,,0,0,0,pld0j110
111281,pld0j1,processEvent020,3,165,1,0,0,,0,0,0,
111281,pld0j1,processEventKokuti,4,26,1,0,0,,0,0,0,
111281,pld0j1,processEventStart_Hint,3,11,1,0,0,,0,0,0,
111281,pld0j1,processEventChuui,3,8,1,0,0,,0,0,0,
111281,pld0j1,processEventChuui2,3,8,1,0,0,,0,0,0,
111282,pld0j2,processEvent_hint,3,26,1,0,0,,0,0,0,
111282,pld0j2,processEventJENLYNSStart,3,142,2,2,0,141,0,1,0,
111282,pld0j2,processEvent000_JENLYNS,3,20,1,0,0,,0,0,0,
111282,pld0j2,onJobQuestCompleteFirst,2,7,1,0,0,,0,0,0,
111282,pld0j2,onJobQuestCompleteSecond,2,6,1,0,0,,0,0,0,
111282,pld0j2,onJobQuestCompleteThird,2,6,1,0,0,,0,0,0,
111282,pld0j2,processEventChuui,3,8,1,0,0,,0,0,0,
111282,pld0j2,processEventChuui2,3,8,1,0,0,,0,0,0,
111283,pld0j3,processEventJENLYNSStart,3,116,2,2,0,115,0,1,0,
111283,pld0j3,processEventJENLYNSStart_1,3,18,1,0,0,,0,0,0,
111283,pld0j3,processEvent000,3,30,1,0,0,,0,0,0,
111283,pld0j3,onJobQuestCompleteFirst,2,7,1,0,0,,0,0,0,
111283,pld0j3,onJobQuestCompleteSecond,2,6,1,0,0,,0,0,0,
111283,pld0j3,onJobQuestCompleteThird,2,6,1,0,0,,0,0,0,
111283,pld0j3,processEventChuui,3,8,1,0,0,,0,0,0,
111283,pld0j3,processEventChuui2,3,8,1,0,0,,0,0,0,
111284,pld0j4,processEvent_JENLYNS_Hint,3,21,1,0,0,,0,0,0,
111284,pld0j4,processEvent_JENLYNS_Start,3,91,2,2,0,90,0,1,0,
111284,pld0j4,processEvent_JENLYNS_Follow,3,15,1,0,0,,0,0,0,
111284,pld0j4,processEvent_getAF_info,4,9,1,0,0,,0,0,0,
111284,pld0j4,processEventChuui,3,8,1,0,0,,0,0,0,
111284,pld0j4,processEventChuui2,3,8,1,0,0,,0,0,0,
111285,pld0j5,processEventJENLYNSStart,3,66,2,2,0,65,0,1,0,
111285,pld0j5,processEvent_000_JENLYNSSFollow,3,18,1,0,0,,0,0,0,
111285,pld0j5,processEvent_005NQ_1,4,17,2,2,0,,0,0,0,pld0j510
111285,pld0j5,processEvent_015NQ_2,3,11,1,0,0,,0,0,0,pld0j520
111285,pld0j5,processEventClear,3,23,1,0,0,,0,0,0,
111285,pld0j5,processEventChuui,3,8,1,0,0,,0,0,0,
111285,pld0j5,processEventChuui2,3,8,1,0,0,,0,0,0,
111286,pld0j6,processEventStartBefore,3,42,1,0,0,,0,0,0,
111286,pld0j6,processEventStart,3,145,2,2,0,129;144,0,2,0,
111286,pld0j6,processEventStartAfter,3,18,1,0,0,,0,0,0,
111286,pld0j6,processEventClear,4,92,1,0,0,,0,0,0,
111286,pld0j6,processEventKokuti,4,24,1,0,0,,0,0,0,
111286,pld0j6,processEventNQ01,4,17,2,2,0,,0,0,0,pld0j610
111286,pld0j6,processEventNQ02,3,11,1,0,0,,0,0,0,pld0j620
111286,pld0j6,processEventNQ03,3,11,1,0,0,,0,0,0,pld0j620
111286,pld0j6,processEvent001,4,3,1,0,0,,0,0,0,
111286,pld0j6,processEventChuui,3,8,1,0,0,,0,0,0,
111286,pld0j6,processEventChuui2,3,8,1,0,0,,0,0,0,
111301,brd0j1,processEventGEORJEAUXStart,4,111,4,4,0,110,0,1,0,
111301,brd0j1,processEvent000_GEORJEAUX,3,15,1,0,0,,0,0,0,
111301,brd0j1,processEvent000,3,117,1,0,0,,0,0,0,
111301,brd0j1,processEvent005_JEHANTEL,3,26,1,0,0,,0,0,0,
111301,brd0j1,processEvent005,3,90,1,0,0,,0,0,0,
111301,brd0j1,processEvent010_PUKNOPOKI,3,20,1,0,0,,0,0,0,
111301,brd0j1,processEvent015,3,127,1,0,0,,0,0,0,
111301,brd0j1,processEventJob,4,24,1,0,0,,0,0,0,
111301,brd0j1,processEvent_GEORJEAUXS_Hint,3,11,1,0,0,,0,0,0,
111301,brd0j1,processEventChuui,3,8,1,0,0,,0,0,0,
111301,brd0j1,processEventChuui2,3,8,1,0,0,,0,0,0,
111302,brd0j2,processEventJEHANTELStart,3,209,2,2,0,208,0,1,0,
111302,brd0j2,processEventJEHANTELStart_1,3,27,1,0,0,,0,0,0,
111302,brd0j2,processEvent000,3,21,1,0,0,,0,0,0,
111302,brd0j2,onJobQuestCompleteFirst,2,7,1,0,0,,0,0,0,
111302,brd0j2,onJobQuestCompleteSecond,2,6,1,0,0,,0,0,0,
111302,brd0j2,onJobQuestCompleteThird,2,6,1,0,0,,0,0,0,
111302,brd0j2,processEventChuui,3,8,1,0,0,,0,0,0,
111302,brd0j2,processEventChuui2,3,8,1,0,0,,0,0,0,
111303,brd0j3,processEventJEHANTELStart,3,176,2,2,0,175,0,1,0,
111303,brd0j3,processEventJEHANTELStart_1,3,27,1,0,0,,0,0,0,
111303,brd0j3,processEvent000,3,20,1,0,0,,0,0,0,
111303,brd0j3,onJobQuestCompleteFirst,2,7,1,0,0,,0,0,0,
111303,brd0j3,onJobQuestCompleteSecond,2,6,1,0,0,,0,0,0,
111303,brd0j3,onJobQuestCompleteThird,2,6,1,0,0,,0,0,0,
111303,brd0j3,processEventChuui,3,8,1,0,0,,0,0,0,
111303,brd0j3,processEventChuui2,3,8,1,0,0,,0,0,0,
111304,brd0j4,processEventStartBefore,3,26,1,0,0,,0,0,0,
111304,brd0j4,processEventStart,3,144,2,2,0,134;143,0,2,0,
111304,brd0j4,processEventJehantel,3,20,1,0,0,,0,0,0,
111304,brd0j4,processEventNQ01,4,17,2,2,0,,0,0,0,brd0j410
111304,brd0j4,processEventNQ02,3,11,1,0,0,,0,0,0,brd0j410
111304,brd0j4,processEventNQ03,3,17,1,0,0,,0,0,0,brd0j420
111304,brd0j4,processEventClear01,3,17,1,0,0,,0,0,0,
111304,brd0j4,processEventClear02,3,17,1,0,0,,0,0,0,
111304,brd0j4,processEventChuui,3,8,1,0,0,,0,0,0,
111304,brd0j4,processEventChuui2,3,8,1,0,0,,0,0,0,
111305,brd0j5,processEvent_JEHANTEL_Start,3,201,2,2,0,200,0,1,0,
111305,brd0j5,processEvent_JEHANTEL_Follow,3,36,1,0,0,,0,0,0,
111305,brd0j5,processEvent_getAF_info,4,9,1,0,0,,0,0,0,
111305,brd0j5,processEventChuui,3,8,1,0,0,,0,0,0,
111305,brd0j5,processEventChuui2,3,8,1,0,0,,0,0,0,
111306,brd0j6,processEventJEHANTELHint,3,32,1,0,0,,0,0,0,
111306,brd0j6,processEventJEHANTELStart,3,226,2,2,0,225,0,1,0,
111306,brd0j6,processEventJEHANTELS_000_Follow,3,21,1,0,0,,0,0,0,
111306,brd0j6,processEvent_010,3,11,1,0,0,,0,0,0,brd0j610
111306,brd0j6,processEventJEHANTELS_010_Follow,3,21,1,0,0,,0,0,0,
111306,brd0j6,processEventClear,4,24,1,0,0,,0,0,0,
111306,brd0j6,processEventChuui,3,8,1,0,0,,0,0,0,
111306,brd0j6,processEventChuui2,3,8,1,0,0,,0,0,0,
111321,drg0j1,processEventStart,4,140,4,4,0,110;139,0,2,0,
111321,drg0j1,processEventStartAfter,3,20,1,0,0,,0,0,0,
111321,drg0j1,processEventAlberic,4,67,1,0,0,,0,0,0,
111321,drg0j1,processEventAlbericAfter,4,25,1,0,0,,0,0,0,
111321,drg0j1,processEventClear,3,155,1,0,0,,0,0,0,
111321,drg0j1,processEventKokuti,4,25,1,0,0,,0,0,0,
111321,drg0j1,processEventNQ,3,11,1,0,0,,0,0,0,drg0j110
111321,drg0j1,processEventStart_Hint,3,11,1,0,0,,0,0,0,
111321,drg0j1,processEventChuui,3,8,1,0,0,,0,0,0,
111321,drg0j1,processEventChuui2,3,8,1,0,0,,0,0,0,
111322,drg0j2,processEvent_hint,3,34,1,0,0,,0,0,0,
111322,drg0j2,processEventALBERICStart,3,128,2,2,0,127,0,1,0,
111322,drg0j2,processEvent000_ALBERICS,3,23,1,0,0,,0,0,0,
111322,drg0j2,onJobQuestCompleteFirst,2,7,1,0,0,,0,0,0,
111322,drg0j2,onJobQuestCompleteSecond,2,6,1,0,0,,0,0,0,
111322,drg0j2,onJobQuestCompleteThird,2,6,1,0,0,,0,0,0,
111322,drg0j2,processEventChuui,3,8,1,0,0,,0,0,0,
111322,drg0j2,processEventChuui2,3,8,1,0,0,,0,0,0,
111323,drg0j3,processEvent_hint,3,21,1,0,0,,0,0,0,
111323,drg0j3,processEventALBERICStart,3,165,2,2,0,164,0,1,0,
111323,drg0j3,processEvent000_ALBERICS,3,23,1,0,0,,0,0,0,
111323,drg0j3,onJobQuestCompleteFirst,2,7,1,0,0,,0,0,0,
111323,drg0j3,onJobQuestCompleteSecond,2,6,1,0,0,,0,0,0,
111323,drg0j3,onJobQuestCompleteThird,2,6,1,0,0,,0,0,0,
111323,drg0j3,processEventChuui,3,8,1,0,0,,0,0,0,
111323,drg0j3,processEventChuui2,3,8,1,0,0,,0,0,0,
111324,drg0j4,processEvent_ALBERIC_Hint,3,26,1,0,0,,0,0,0,
111324,drg0j4,processEvent_ALBERIC_Start,3,51,2,2,0,50,0,1,0,
111324,drg0j4,processEvent_ALBERIC_Follow,3,20,1,0,0,,0,0,0,
111324,drg0j4,processEvent_NQ_Drg0j410,3,11,1,0,0,,0,0,0,drg0j410
111324,drg0j4,processEvent_ALBERIC_Guidance,3,59,1,0,0,,0,0,0,
111324,drg0j4,processEvent_getAF_info,4,9,1,0,0,,0,0,0,
111324,drg0j4,processEventChuui,3,8,1,0,0,,0,0,0,
111324,drg0j4,processEventChuui2,3,8,1,0,0,,0,0,0,
111325,drg0j5,processEventALBERICStart,3,196,2,2,0,195,0,1,0,
111325,drg0j5,processEvent000_ALBERICS,3,23,1,0,0,,0,0,0,
111325,drg0j5,onJobQuestCompleteFirst,2,9,1,0,0,,0,0,0,
111325,drg0j5,onJobQuestCompleteSecond,2,6,1,0,0,,0,0,0,
111325,drg0j5,onJobQuestCompleteThird,2,6,1,0,0,,0,0,0,
111325,drg0j5,processEventChuui,3,8,1,0,0,,0,0,0,
111325,drg0j5,processEventChuui2,3,8,1,0,0,,0,0,0,
111326,drg0j6,processEventALBERICHint,3,31,1,0,0,,0,0,0,
111326,drg0j6,processEventALBERICStart,3,39,2,2,0,38,0,1,0,
111326,drg0j6,processEvent000,3,20,1,0,0,,0,0,0,
111326,drg0j6,processEvent010,3,11,1,0,0,,0,0,0,drg0j610
111326,drg0j6,processEvent015,3,7,1,0,0,,0,0,0,
111326,drg0j6,processEvent020,3,11,1,0,0,,0,0,0,drg0j620
111326,drg0j6,processEvent025,3,11,1,0,0,,0,0,0,drg0j620
111326,drg0j6,processEvent030,3,119,1,0,0,,0,0,0,
111326,drg0j6,processEventChuui,3,8,1,0,0,,0,0,0,
111326,drg0j6,processEventChuui2,3,8,1,0,0,,0,0,0,
111401,com0l1,processEventGUINCUMStart,3,75,2,2,0,74,0,1,0,
111401,com0l1,processEvent_000,3,12,1,0,0,,0,0,0,
111401,com0l1,processEvent_010,3,86,1,0,0,,0,0,0,
111401,com0l1,processEvent_010_1,3,20,1,0,0,,0,0,0,
111401,com0l1,processEvent_020,4,17,2,2,0,,0,0,0,com0l105
111401,com0l1,processEvent_040,3,52,1,0,0,,0,0,0,
111401,com0l1,processEvent_040_1,3,15,1,0,0,,0,0,0,
111401,com0l1,processEvent_050,3,39,1,0,0,,0,0,0,
111401,com0l1,processEvent_030,4,14,1,0,0,13,0,1,0,com0l110
111402,com0l2,processEventGUINCUMStart,5,145,2,2,0,144,0,1,0,
111402,com0l2,processEventGUINCUMEnd,5,15,1,0,0,14,0,1,0,
111403,com0l3,processEventFHILAHCTStart,3,101,2,2,0,91;100,0,2,0,
111404,com0l4,processEventGUINCUMStart,4,89,4,6,0,88,0,1,0,
111404,com0l4,processEvent_000_1,4,39,2,4,0,,0,0,0,
111404,com0l4,processEvent_010,3,83,2,4,0,,0,0,0,
111404,com0l4,processEvent_010_1,4,39,2,4,0,,0,0,0,
111404,com0l4,processEvent_015,3,60,1,0,0,59,0,1,0,
111404,com0l4,processEventNymiene,4,34,2,2,0,33,0,1,0,
111404,com0l4,processEventNymiene_01,3,16,1,0,0,15,0,1,0,
111404,com0l4,processEventAergfloh,3,21,1,0,0,20,0,1,0,
111404,com0l4,processEventAergfloh_01,3,16,1,0,0,15,0,1,0,
111404,com0l4,processEvent_020,4,52,2,2,0,37;51,0,2,0,com0l410
111405,com0l5,processEvent_hint,3,38,1,0,0,,0,0,0,
111405,com0l5,processEventGUINCUMStart,3,57,2,2,0,56,0,1,0,
111405,com0l5,processEvent_000,3,15,1,0,0,,0,0,0,
111405,com0l5,processEvent_005_merlwyb,3,64,1,0,0,,0,0,0,
111405,com0l5,processEvent_005_merlwyb_01,3,15,1,0,0,,0,0,0,
111405,com0l5,processEvent_005_uri,3,53,1,0,0,,0,0,0,
111405,com0l5,processEvent_005_uri_01,3,15,1,0,0,,0,0,0,
111405,com0l5,processEvent_010,3,13,1,0,0,12,0,1,0,com0l110
111405,com0l5,processEvent_015_01,4,15,1,0,0,,0,0,0,
111405,com0l5,processEvent_015_02,3,15,1,0,0,,0,0,0,
111405,com0l5,processEvent_015_03,3,15,1,0,0,,0,0,0,
111405,com0l5,processEvent_015_04,3,20,1,0,0,,0,0,0,
111405,com0l5,processEvent_015,4,106,2,2,0,,0,0,0,
111405,com0l5,processEvent_elevator_nq1,3,45,2,2,0,44,0,1,0,com0l610;elv0l110
111405,com0l5,processEvent_elevator_nq2,3,37,2,2,0,36,0,1,0,elv0l110
111405,com0l5,processEventExit,3,9,1,0,0,8,0,1,0,
111406,com0l6,processEventGUINCUMStart,4,167,8,6,0,166,0,1,0,
111406,com0l6,processEventGUINCUMHint,3,47,2,2,0,,0,0,0,
111406,com0l6,processEvent_000,3,17,1,0,0,,0,0,0,
111406,com0l6,processEvent_005_1,3,20,1,0,0,,0,0,0,
111406,com0l6,processEvent_005_2,3,15,1,0,0,,0,0,0,
111406,com0l6,processEvent_005_3,3,15,1,0,0,,0,0,0,
111406,com0l6,processEvent_005_4,3,12,1,0,0,,0,0,0,
111406,com0l6,processEvent_005,3,38,1,0,0,,0,0,0,
111406,com0l6,processEvent_010,4,13,1,0,0,,0,0,0,com0l510
111406,com0l6,processEvent_015_1,3,20,1,0,0,,0,0,0,
111406,com0l6,processEvent_015_2,3,20,1,0,0,,0,0,0,
111406,com0l6,processEvent_015_3,3,20,1,0,0,,0,0,0,
111406,com0l6,processEvent_015_4,3,20,1,0,0,,0,0,0,
111406,com0l6,processEvent_015_5,3,15,1,0,0,,0,0,0,
111406,com0l6,processEvent_015_6,3,15,1,0,0,,0,0,0,
111406,com0l6,processEvent_015_7,3,15,1,0,0,,0,0,0,
111406,com0l6,processEvent_015,4,236,5,14,0,50;62;74;86,0,4,0,
111406,com0l6,processEvent_elevator_nq1,3,13,1,0,0,12,0,1,0,elv0l01a
111406,com0l6,processEvent_elevator_nq2,3,13,1,0,0,12,0,1,0,elv0l02a
111407,com0l7,processEventGuincamStart,3,296,29,18,0,279;295,0,2,24,
111407,com0l7,processEventGuincamEnd,5,14,1,0,0,,0,0,0,
111410,com5l0,processEventGUINCUMStart,5,115,8,6,0,114,0,1,0,
111410,com5l0,processEvent_000,4,42,2,4,0,,0,0,0,
111410,com5l0,processEvent_005,5,90,2,2,0,,0,0,0,
111410,com5l0,processEvent_005_01,5,33,1,0,0,,0,0,0,
111410,com5l0,processEvent_010,5,120,2,2,0,119,0,1,0,
111410,com5l0,processEvent_010_01,3,26,2,2,0,25,0,1,0,
111410,com5l0,menberCountUnderRange,6,41,2,2,0,,0,0,0,
111410,com5l0,processEvent_015,4,50,2,2,0,,0,0,0,
111410,com5l0,processEvent_015_1,3,17,1,0,0,,0,0,0,
111410,com5l0,processEvent_015_2,3,17,1,0,0,,0,0,0,
111410,com5l0,processEvent_020,5,80,4,4,0,,0,0,0,
111410,com5l0,processEvent_020_2,4,23,2,2,0,,0,0,0,
111410,com5l0,processEvent_020_1,3,20,1,0,0,,0,0,0,
111410,com5l0,processEvent_025,4,104,4,4,0,,0,0,0,
111411,com5l1,processEventGUINCUMStart,3,92,2,2,0,91,0,1,0,
111411,com5l1,processEvent_000,3,15,1,0,0,,0,0,0,
111411,com5l1,processEvent_010,3,48,1,0,0,,0,0,0,
111411,com5l1,processEvent_010_1,3,15,1,0,0,,0,0,0,
111411,com5l1,processEvent_020,6,60,1,0,0,,0,0,0,
111411,com5l1,processEvent_030,6,94,1,0,0,93,0,1,0,
111411,com5l1,processEvent_030_1,3,26,2,2,0,25,0,1,0,
111411,com5l1,processEvent_030_2,3,13,1,0,0,12,0,1,0,
111411,com5l1,processEvent_040,3,69,1,0,0,,0,0,0,
111411,com5l1,processEvent_050,3,72,1,0,0,,0,0,0,
111416,gcl101,processEventGuincumStart,4,113,4,4,0,112,0,1,0,
111416,gcl101,processEventFulkeStart,3,115,4,4,0,114,0,1,0,
111416,gcl101,processEventAubreyStart,5,170,8,6,0,169,0,1,0,
111416,gcl101,processEvent_000,4,47,3,4,0,,0,0,0,
111416,gcl101,processEvent_010,4,134,1,0,0,,0,0,0,
111416,gcl101,processEvent_010_1,3,35,1,0,0,,0,0,0,
111416,gcl101,processEvent_030,3,87,1,0,0,,0,0,0,
111416,gcl101,processEvent_030_1,3,22,1,0,0,,0,0,0,
111416,gcl101,processEvent_030_2,3,15,1,0,0,,0,0,0,
111416,gcl101,processEvent_030_3,3,12,1,0,0,,0,0,0,
111416,gcl101,processEvent_030_4,3,15,1,0,0,,0,0,0,
111416,gcl101,processEvent_030_5,3,15,1,0,0,,0,0,0,
111416,gcl101,processEvent_050,3,23,1,0,0,,0,0,0,
111416,gcl101,processEvent_050_1,3,15,1,0,0,,0,0,0,
111416,gcl101,processEvent_050_2,3,14,1,0,0,,0,0,0,
111416,gcl101,processEvent_050_3,3,14,1,0,0,,0,0,0,
111416,gcl101,processEvent_050_6,3,11,1,0,0,,0,0,0,
111416,gcl101,processEvent_060,3,12,1,0,0,,0,0,0,
111416,gcl101,processEvent_060_NG,3,12,1,0,0,,0,0,0,
111416,gcl101,processEvent_060_NQ1,3,7,1,0,0,,0,0,0,
111416,gcl101,processEvent_060_NQ2,3,7,1,0,0,,0,0,0,
111416,gcl101,processEvent_070,5,98,6,8,0,,0,0,0,
111416,gcl101,processEvent_070_1,3,12,1,0,0,,0,0,0,
111416,gcl101,processEvent_080_L,4,110,4,4,0,,0,0,0,
111416,gcl101,processEvent_080_G,4,118,4,4,0,,0,0,0,
111416,gcl101,processEvent_080_U,4,119,4,4,0,,0,0,0,
111417,gcl301,processEventCLIFTONStart,4,109,4,4,0,108,0,1,0,
111417,gcl301,processEvent_000,3,20,1,0,0,,0,0,0,
111417,gcl301,processEvent_010,3,74,1,0,0,,0,0,0,
111418,gcl302,processEventStart,4,99,4,4,0,86;98,0,2,0,
111418,gcl302,processEventStartAfter,3,13,1,0,0,12,0,1,0,
111418,gcl302,processEventFyrilskyf,3,16,1,0,0,15,0,1,0,
111418,gcl302,processEventAlbin,3,16,1,0,0,15,0,1,0,
111418,gcl302,processEventTGizzoh,3,16,1,0,0,15,0,1,0,
111418,gcl302,processEventDenston,3,16,1,0,0,15,0,1,0,
111418,gcl302,processEventClear,3,35,1,0,0,34,0,1,0,
111420,gcl304,processEventLilinaStart,3,95,2,2,0,94,0,1,0,
111420,gcl304,processEvent_000,3,17,1,0,0,,0,0,0,
111420,gcl304,processEvent_005,3,120,4,4,0,,0,0,0,
111420,gcl304,processEvent_005_01,3,46,4,4,0,,0,0,0,
111420,gcl304,processEvent_010,3,10,2,2,0,9,0,1,0,
111420,gcl304,processEvent_010_01,5,10,1,0,0,9,0,1,0,
111420,gcl304,processEvent_010_02,3,8,1,0,0,,0,0,0,
111420,gcl304,processEvent_015,3,151,2,2,0,,0,0,0,
111427,gcl102,processEventStart,3,106,4,4,0,93;105,0,2,0,
111427,gcl102,processEventStartAfter,3,15,1,0,0,,0,0,0,
111427,gcl102,processEventMyrganmoen,3,33,1,0,0,,0,0,0,
111427,gcl102,processEventMyrganmoen2,3,15,1,0,0,,0,0,0,
111427,gcl102,processEventHidden,3,25,1,0,0,,0,0,0,
111427,gcl102,processEventHidden2,3,15,1,0,0,,0,0,0,
111427,gcl102,processEventRashaht,4,81,4,4,0,,0,0,0,
111427,gcl102,processEventRashaht2,3,15,1,0,0,,0,0,0,
111427,gcl102,processEventNQ,3,11,1,0,0,,0,0,0,gc01l210
111427,gcl102,processEventCid,3,85,1,0,0,,0,0,0,
111427,gcl102,processEventCid2,3,15,1,0,0,,0,0,0,
111427,gcl102,processEventEbrelnaux,3,72,1,0,0,,0,0,0,
111427,gcl102,processEventEbrelnaux2,3,15,1,0,0,,0,0,0,
111427,gcl102,processEventJijina,3,38,1,0,0,,0,0,0,
111427,gcl102,processEventJijina2,3,15,1,0,0,,0,0,0,
111427,gcl102,processEventBolaff,3,25,1,0,0,,0,0,0,
111427,gcl102,processEventSaelbmoht,3,38,1,0,0,,0,0,0,
111427,gcl102,processEventSorezari,3,20,1,0,0,,0,0,0,
111427,gcl102,processEventHidden3,3,20,1,0,0,,0,0,0,
111427,gcl102,processEventMyrganmoen3,3,20,1,0,0,,0,0,0,
111427,gcl102,processEventClear,3,52,2,2,0,51,0,1,0,
111428,gcl701,processEventStart,3,75,4,4,0,62;74,0,2,0,
111428,gcl701,processEventHint,3,15,1,0,0,,0,0,0,
111428,gcl701,processEventStartAfter,3,15,1,0,0,,0,0,0,
111428,gcl701,processEventAlain,3,103,1,0,0,,0,0,0,
111428,gcl701,processEventNG,3,15,1,0,0,,0,0,0,
111428,gcl701,processEventOK,3,47,2,2,0,34;46,0,2,0,
111428,gcl701,processEventExit,3,45,2,2,0,35;44,0,2,0,
111428,gcl701,processEventAlain2,3,33,1,0,0,,0,0,0,
111428,gcl701,processEventAlainAfter,3,12,1,0,0,,0,0,0,
111428,gcl701,processEventGuincum,3,39,1,0,0,,0,0,0,
111428,gcl701,processEventGuincumAfter,3,18,1,0,0,,0,0,0,
111428,gcl701,processEventClear,4,64,2,2,0,,0,0,0,
111601,com0g1,processEventStart,3,85,2,2,0,75;84,0,2,0,
111601,com0g1,processEventStartAfter,3,16,1,0,0,15,0,1,0,
111601,com0g1,processEventAilithShiren,3,67,1,0,0,66,0,1,0,
111601,com0g1,processEventAilithShirenFree,3,26,1,0,0,25,0,1,0,
111601,com0g1,processEventUrianger,4,18,2,2,0,17,0,1,0,com0g105
111601,com0g1,processEventUriangerMore,4,14,1,0,0,13,0,1,0,com0g110
111601,com0g1,processEventAilith,3,64,1,0,0,63,0,1,0,
111601,com0g1,processEventAilithFree,3,16,1,0,0,15,0,1,0,
111601,com0g1,processEventClear,3,37,1,0,0,36,0,1,0,
111602,com0g2,processEventFulkeStart,3,129,2,2,0,128,0,1,0,
111602,com0g2,processEventFulkeEnd,5,14,1,0,0,,0,0,0,
111603,com0g3,processEventStart,3,92,2,2,0,82;91,0,2,0,
111604,com0g4,processEventStart,3,82,4,6,0,69;81,0,2,0,
111604,com0g4,processEventStartAfter,3,43,2,4,0,42,0,1,0,
111604,com0g4,processEventFulke,3,91,2,4,0,90,0,1,0,
111604,com0g4,processEventFulkeFree,3,35,2,4,0,34,0,1,0,
111604,com0g4,processEventRadulf,3,98,1,0,0,97,0,1,0,
111604,com0g4,processEventRadulfFree,3,16,1,0,0,15,0,1,0,
111604,com0g4,processEventClear,5,65,6,8,0,64,0,1,0,com0g410
111605,com0g5,processEventFulkeHint,3,35,1,0,0,,0,0,0,
111605,com0g5,processEventFulkeStart,3,80,4,4,0,79,0,1,0,
111605,com0g5,followEvent005,3,25,2,2,0,24,0,1,0,
111605,com0g5,processEvent005,3,12,1,0,0,11,0,1,0,com0g610
111605,com0g5,processEvent010,3,91,1,0,0,,0,0,0,
111605,com0g5,processEvent011,3,15,1,0,0,,0,0,0,
111605,com0g5,processEvent012,3,11,1,0,0,,0,0,0,
111605,com0g5,processEvent010_1,3,20,1,0,0,,0,0,0,
111605,com0g5,processEvent010_2,3,20,1,0,0,,0,0,0,
111605,com0g5,processEvent010_3,3,20,1,0,0,,0,0,0,
111605,com0g5,processEvent010_4,3,20,1,0,0,,0,0,0,
111605,com0g5,processEvent010_5,3,20,1,0,0,,0,0,0,
111605,com0g5,processEvent020,4,57,3,4,0,,0,0,0,
111605,com0g5,processEvent030,4,155,3,4,0,101;118,0,2,0,
111606,com0g6,processEventHint,3,50,2,2,0,,0,0,0,
111606,com0g6,processEventStart,3,116,4,4,0,106;115,0,2,0,
111606,com0g6,processEventStartAfter,3,30,2,2,0,29,0,1,0,
111606,com0g6,processEventLewin,5,88,3,4,0,87,0,1,0,
111606,com0g6,processEventLewinAfter,3,21,1,0,0,20,0,1,0,
111606,com0g6,processEventPesi,5,29,3,4,0,28,0,1,0,
111606,com0g6,processEventPesiAfter,3,16,1,0,0,15,0,1,0,
111606,com0g6,processEventSwethyna,3,16,1,0,0,15,0,1,0,
111606,com0g6,processEventSwethynaAfter,3,16,1,0,0,15,0,1,0,
111606,com0g6,processEventConcessa,3,13,1,0,0,12,0,1,0,
111606,com0g6,processEventConcessaAfter,3,13,1,0,0,12,0,1,0,
111606,com0g6,processEventKinborow,3,13,1,0,0,12,0,1,0,
111606,com0g6,processEventKinborowAfter,3,13,1,0,0,12,0,1,0,
111606,com0g6,processEventNorbertillon,3,16,1,0,0,15,0,1,0,
111606,com0g6,processEventNorbertillonAfter,3,16,1,0,0,15,0,1,0,
111606,com0g6,processEventSorezari,3,16,1,0,0,15,0,1,0,
111606,com0g6,processEventSorezariAfter,3,16,1,0,0,15,0,1,0,
111606,com0g6,processEventClear,4,173,5,16,0,16;25;34;43;95;104;113;122;172,0,9,0,
111606,com0g6,processEventNq,3,11,1,0,0,,0,0,0,com0g510
111607,com0g7,processEventFulkeStart,3,306,29,18,0,289;305,0,2,24,
111607,com0g7,processEventFulkeEnd,5,14,1,0,0,,0,0,0,
111610,com5g0,processEventFULKEStart,5,93,2,2,0,92,0,1,0,
111610,com5g0,followEvent_000,5,34,1,0,0,,0,0,0,
111610,com5g0,processEvent_010,4,83,1,0,0,82,0,1,0,
111610,com5g0,processEvent_010_1,3,26,2,2,0,25,0,1,0,
111610,com5g0,processEvent_020,3,99,1,0,0,,0,0,0,
111610,com5g0,followEvent_020,3,20,1,0,0,,0,0,0,
111610,com5g0,processEvent_030,3,27,1,0,0,,0,0,0,
111610,com5g0,processEvent_030_1,3,22,1,0,0,,0,0,0,
111610,com5g0,followEvent_030,3,12,1,0,0,,0,0,0,
111610,com5g0,followEvent_040,3,22,1,0,0,,0,0,0,
111610,com5g0,processEvent_050,3,38,1,0,0,,0,0,0,
111610,com5g0,followEvent_050,3,12,1,0,0,,0,0,0,
111610,com5g0,processEvent_060,3,71,1,0,0,,0,0,0,
111610,com5g0,menberCountUnderRange,5,25,1,0,0,,0,0,0,
111611,com5g1,processEventFULKEStart,6,100,2,2,0,99,0,1,0,
111611,com5g1,processEvent_000,6,34,1,0,0,,0,0,0,
111611,com5g1,processEvent_010,6,78,1,0,0,,0,0,0,
111611,com5g1,processEvent_010_2,3,15,1,0,0,,0,0,0,
111611,com5g1,processEvent_010_3,3,15,1,0,0,,0,0,0,
111611,com5g1,processEvent_010_4,3,15,1,0,0,,0,0,0,
111611,com5g1,processEvent_010_5,3,20,1,0,0,,0,0,0,
111611,com5g1,processEvent_010_6,3,15,1,0,0,,0,0,0,
111611,com5g1,processEvent_020,6,91,1,0,0,90,0,1,0,
111611,com5g1,processEvent_020_1,3,26,2,2,0,25,0,1,0,
111611,com5g1,processEvent_030_1,3,12,1,0,0,,0,0,0,
111611,com5g1,processEvent_040,3,59,1,0,0,,0,0,0,
111611,com5g1,processEvent_050,3,71,1,0,0,,0,0,0,
111617,gcg301,processEventDYRSTBRODStart,4,108,4,4,0,107,0,1,0,
111617,gcg301,processEvent_000,3,20,1,0,0,,0,0,0,
111617,gcg301,processEvent_010,3,104,1,0,0,,0,0,0,
111618,gcg302,processEventStart,4,92,4,4,0,79;91,0,2,0,
111618,gcg302,processEventStartAfter,3,18,1,0,0,17,0,1,0,
111618,gcg302,processEventChallinie,4,86,2,2,0,85,0,1,0,
111618,gcg302,processEventChallinieFree,3,13,1,0,0,12,0,1,0,
111618,gcg302,processEventClear,3,118,1,0,0,117,0,1,0,
111620,gcg304,processEventALAIREStart,4,113,4,4,0,112,0,1,0,
111620,gcg304,processEvent_000,3,25,1,0,0,,0,0,0,
111620,gcg304,processEvent_005,4,168,4,4,0,,0,0,0,
111620,gcg304,processEvent_005_01,3,66,2,2,0,,0,0,0,
111620,gcg304,processEvent_010,3,10,2,2,0,9,0,1,0,
111620,gcg304,processEvent_010_01,3,14,1,0,0,,0,0,0,
111620,gcg304,processEvent_015,3,212,4,4,0,,0,0,0,
111627,gcg102,processEventStart,3,111,4,4,0,98;110,0,2,0,
111627,gcg102,processEventStartAfter,3,24,2,2,0,,0,0,0,
111627,gcg102,processEventPfrymloef,3,6,1,0,0,,0,0,0,
111627,gcg102,processEventArthur,3,11,1,0,0,,0,0,0,
111627,gcg102,processEventTalloak01,3,17,1,0,0,,0,0,0,
111627,gcg102,processEventVevina01,3,17,1,0,0,,0,0,0,
111627,gcg102,processEventQuinquerol,4,60,2,2,0,,0,0,0,
111627,gcg102,processEventArthurNQF,3,6,1,0,0,,0,0,0,
111627,gcg102,processEventTalloak02,3,22,1,0,0,,0,0,0,
111627,gcg102,processEventVevina02,3,6,1,0,0,,0,0,0,
111627,gcg102,processEventQuinquerolNQF,3,17,1,0,0,,0,0,0,
111627,gcg102,processEventPfrymloefNQF,3,26,2,2,0,18;25,0,2,0,
111627,gcg102,processEventPfrymloefNQ,3,16,1,0,0,,0,0,0,gc01g210
111627,gcg102,processEventPfrymloefNQA,3,6,1,0,0,,0,0,0,
111627,gcg102,processEventArthurNQA,3,6,1,0,0,,0,0,0,
111627,gcg102,processEventTalloak03,3,22,1,0,0,,0,0,0,
111627,gcg102,processEventTalloak04,3,12,1,0,0,,0,0,0,
111627,gcg102,processEventVevina03,3,17,1,0,0,,0,0,0,
111627,gcg102,processEventQuinquerolNQA,3,53,1,0,0,,0,0,0,
111627,gcg102,processEventQuinquerolFragC,3,10,1,0,0,,0,0,0,
111627,gcg102,processEventLionnellais,3,12,1,0,0,,0,0,0,
111627,gcg102,processEventCid,3,12,1,0,0,,0,0,0,
111627,gcg102,processEventEbrelnaux,3,22,1,0,0,,0,0,0,
111627,gcg102,processEventEbrelnauxAfter,3,12,1,0,0,,0,0,0,
111627,gcg102,processEventBardo,3,22,1,0,0,,0,0,0,
111627,gcg102,processEventBardoAfter,3,12,1,0,0,,0,0,0,
111627,gcg102,processEventClear,3,141,1,0,0,,0,0,0,
111628,gcg701,processEventFULKEStart,3,80,4,4,0,67;79,0,2,0,
111628,gcg701,processEventFULKEhint,3,15,1,0,0,,0,0,0,
111628,gcg701,processEventFULKEhint2,3,15,1,0,0,,0,0,0,
111628,gcg701,processEventVORSAILEStart,3,123,2,2,0,,0,0,0,
111628,gcg701,processEventVORSAILEng,3,15,1,0,0,,0,0,0,
111628,gcg701,processEventVORSAILEok,3,44,2,2,0,34;43,0,2,0,
111628,gcg701,processEventVORSAILEstop,3,45,2,2,0,35;44,0,2,0,
111628,gcg701,processEventVORSAILEcomp,3,28,1,0,0,,0,0,0,
111628,gcg701,processEventVORSAILEcomp2,3,15,1,0,0,,0,0,0,
111628,gcg701,processEventFULKEevent,3,44,1,0,0,,0,0,0,
111628,gcg701,processEventFULKEevent2,3,21,1,0,0,,0,0,0,
111628,gcg701,processEventFULKEend,4,59,2,2,0,,0,0,0,
111801,com0u1,processEventAUBREYStart,3,70,2,2,0,69,0,1,0,
111801,com0u1,processEvent_000,3,20,1,0,0,,0,0,0,
111801,com0u1,processEvent_010,3,59,1,0,0,,0,0,0,
111801,com0u1,processEvent_010_1,3,20,1,0,0,,0,0,0,
111801,com0u1,processEvent_020,4,17,2,2,0,,0,0,0,com0u105
111801,com0u1,processEvent_030,4,13,1,0,0,,0,0,0,com0u110
111801,com0u1,processEvent_040,3,72,1,0,0,,0,0,0,
111801,com0u1,processEvent_040_1,3,15,1,0,0,,0,0,0,
111801,com0u1,processEvent_050,3,42,1,0,0,,0,0,0,
111802,com0u2,processEventAUBREYStart,3,149,2,2,0,148,0,1,0,
111802,com0u2,processEventAUBREYFinal,5,12,1,0,0,11,0,1,0,
111803,com0u3,processEventUSANZIStart,3,89,2,2,0,88,0,1,0,
111804,com0u4,processEventAUBREYStart,3,67,2,2,0,66,0,1,0,
111804,com0u4,processEvent_000,3,25,1,0,0,,0,0,0,
111804,com0u4,processEvent_010,3,61,1,0,0,,0,0,0,
111804,com0u4,processEvent_010_1,3,15,1,0,0,,0,0,0,
111804,com0u4,processEvent_020,3,33,1,0,0,,0,0,0,
111804,com0u4,processEvent_020_1,3,15,1,0,0,,0,0,0,
111804,com0u4,processEvent_030,3,33,1,0,0,,0,0,0,
111804,com0u4,processEvent_030_1,3,15,1,0,0,,0,0,0,
111804,com0u4,processEvent_040,3,20,1,0,0,,0,0,0,
111804,com0u4,processEvent_040_1,3,15,1,0,0,,0,0,0,
111804,com0u4,processEvent_050,4,64,2,2,0,,0,0,0,com0u410
111805,com0u5,processEventAubreyHint,3,38,1,0,0,,0,0,0,
111805,com0u5,processEventAubreyStart,3,60,2,2,0,59,0,1,0,
111805,com0u5,processEvent000_2,3,20,1,0,0,,0,0,0,
111805,com0u5,processEvent010,3,51,1,0,0,,0,0,0,
111805,com0u5,processEvent010_2,3,25,1,0,0,,0,0,0,
111805,com0u5,processEvent010_3,3,15,1,0,0,,0,0,0,
111805,com0u5,processEvent010_4,3,6,1,0,0,,0,0,0,
111805,com0u5,processEvent010_5,3,12,1,0,0,,0,0,0,
111805,com0u5,processEvent010_6,3,15,1,0,0,,0,0,0,
111805,com0u5,processEvent015,3,43,1,0,0,,0,0,0,
111805,com0u5,processEvent015_2,3,9,1,0,0,,0,0,0,
111805,com0u5,processEvent015_3,3,15,1,0,0,,0,0,0,
111805,com0u5,processEvent015_4,3,15,1,0,0,,0,0,0,
111805,com0u5,processEvent020,3,83,1,0,0,,0,0,0,
111805,com0u5,processEvent020_2,3,20,1,0,0,,0,0,0,
111805,com0u5,processEvent020_3,3,20,1,0,0,,0,0,0,
111805,com0u5,processEvent025,3,11,1,0,0,,0,0,0,com0u610
111805,com0u5,processEvent030,4,132,2,2,0,,0,0,0,
111805,com0u5,processEvent030_2,3,15,1,0,0,,0,0,0,
111805,com0u5,processEvent030_3,3,15,1,0,0,,0,0,0,
111805,com0u5,processEvent030_4,3,20,1,0,0,,0,0,0,
111805,com0u5,processEvent030_5,3,15,1,0,0,,0,0,0,
111805,com0u5,processEvent030_6,3,20,1,0,0,,0,0,0,
111806,com0u6,processEvent_hint,3,38,1,0,0,,0,0,0,
111806,com0u6,processEventAUBREYStart,3,125,2,2,0,124,0,1,0,
111806,com0u6,processEvent_000,3,20,1,0,0,,0,0,0,
111806,com0u6,processEvent_005,3,75,1,0,0,,0,0,0,
111806,com0u6,processEvent_005_01,3,15,1,0,0,,0,0,0,
111806,com0u6,processEvent_005_02,3,15,1,0,0,,0,0,0,
111806,com0u6,processEvent_005_03,4,14,1,0,0,13,0,1,0,com0u510
111806,com0u6,processEvent_005_05,3,15,1,0,0,,0,0,0,
111806,com0u6,processEvent_005_06,3,15,1,0,0,,0,0,0,
111806,com0u6,processEvent_005_07,3,15,1,0,0,,0,0,0,
111806,com0u6,processEvent_005_09,3,7,1,0,0,,0,0,0,
111806,com0u6,processEvent_010,4,155,5,8,0,,0,0,0,
111806,com0u6,processEvent_010_01,3,15,1,0,0,,0,0,0,
111806,com0u6,processEvent_010_02,3,15,1,0,0,,0,0,0,
111806,com0u6,processEvent_010_03,3,15,1,0,0,,0,0,0,
111806,com0u6,processEvent_010_05,3,15,1,0,0,,0,0,0,
111806,com0u6,processEvent_010_06,3,15,1,0,0,,0,0,0,
111806,com0u6,processEvent_010_07,3,15,1,0,0,,0,0,0,
111806,com0u6,processEvent_010_09,3,7,1,0,0,,0,0,0,
111806,com0u6,processEvent_elevator_nq1F,3,13,1,0,0,12,0,1,0,elv0u01a
111806,com0u6,processEvent_elevator_nq2F,3,13,1,0,0,12,0,1,0,elv0u02a
111806,com0u6,processEvent_elevator_nq3F,3,2,1,0,0,1,0,1,0,
111807,com0u7,processEventAubreyStart,3,297,29,18,0,274;296,0,2,24,
111807,com0u7,processEventAubreyEnd,5,14,1,0,0,,0,0,0,
111810,com5u0,processEventAUBREYStart,4,90,8,8,0,89,0,1,0,
111810,com5u0,processEvent_000,3,29,2,4,0,,0,0,0,
111810,com5u0,processEvent_005,6,85,2,2,0,,0,0,0,
111810,com5u0,processEvent_005_1,6,44,2,2,0,,0,0,0,
111810,com5u0,processEvent_010,4,105,1,0,0,,0,0,0,
111810,com5u0,processEvent_010_01,3,29,2,2,0,28,0,1,0,
111810,com5u0,processEvent_015,4,70,2,2,0,,0,0,0,
111810,com5u0,processEvent_015_1,3,12,1,0,0,,0,0,0,
111810,com5u0,processEvent_015_2,3,22,1,0,0,,0,0,0,
111810,com5u0,processEvent_020,4,79,2,4,0,,0,0,0,
111810,com5u0,processEvent_020_1,3,15,1,0,0,,0,0,0,
111810,com5u0,processEvent_025,4,87,4,4,0,,0,0,0,
111810,com5u0,menberCountUnderRange,5,33,1,0,0,,0,0,0,
111811,com5u1,processEventAUBREYStart,3,87,2,2,0,86,0,1,0,
111811,com5u1,processEvent_000,3,20,1,0,0,,0,0,0,
111811,com5u1,processEvent_010,6,73,1,0,0,,0,0,0,
111811,com5u1,processEvent_020,6,99,1,0,0,98,0,1,0,
111811,com5u1,processEvent_020_1,3,26,2,2,0,25,0,1,0,
111811,com5u1,processEvent_020_2,3,12,1,0,0,,0,0,0,
111811,com5u1,processEvent_030,3,91,1,0,0,,0,0,0,
111811,com5u1,processEvent_040,3,74,1,0,0,,0,0,0,
111817,gcu301,processEventCLIFTONStart,4,108,4,4,0,107,0,1,0,
111817,gcu301,processEvent_000,3,25,1,0,0,,0,0,0,
111817,gcu301,processEvent_010,3,114,1,0,0,,0,0,0,
111818,gcu302,processEventGALERENStart,4,105,4,4,0,104,0,1,0,
111818,gcu302,processEvent_000,3,20,1,0,0,,0,0,0,
111818,gcu302,processEvent_005,3,112,8,6,0,,0,0,0,
111818,gcu302,processEvent_005_1,3,27,2,2,0,,0,0,0,
111818,gcu302,processEvent_015,3,140,4,4,0,,0,0,0,
111818,gcu302,processEvent_015_01,3,33,4,4,0,,0,0,0,
111818,gcu302,processEvent_015_02,3,33,4,4,0,,0,0,0,
111818,gcu302,processEvent_015_03,3,33,4,4,0,,0,0,0,
111818,gcu302,processEvent_020,3,61,1,0,0,,0,0,0,
111820,gcu304,processEventBERTHARStart,4,84,2,2,0,83,0,1,0,
111820,gcu304,processEvent_000,3,20,1,0,0,,0,0,0,
111820,gcu304,processEvent_005,3,108,4,4,0,,0,0,0,
111820,gcu304,processEvent_005_01,3,43,4,4,0,,0,0,0,
111820,gcu304,processEvent_010,3,10,2,2,0,9,0,1,0,
111820,gcu304,processEvent_010_01,5,10,1,0,0,9,0,1,0,
111820,gcu304,processEvent_010_02,3,8,1,0,0,,0,0,0,
111820,gcu304,processEvent_015,3,182,64,14,0,181,0,1,0,
111827,gcu102,processEventStart,3,71,4,4,0,70,0,1,0,
111827,gcu102,processEvent000_2,3,29,2,2,0,,0,0,0,
111827,gcu102,processEvent000_3,3,38,2,2,0,,0,0,0,
111827,gcu102,processEvent000_4,3,54,2,2,0,,0,0,0,
111827,gcu102,processEvent000_5,3,38,2,2,0,,0,0,0,
111827,gcu102,processEvent005,4,64,2,2,0,,0,0,0,
111827,gcu102,processEvent010_2,3,25,1,0,0,,0,0,0,
111827,gcu102,processEvent010_3,3,7,1,0,0,,0,0,0,
111827,gcu102,processEvent010_4,3,7,1,0,0,,0,0,0,
111827,gcu102,processEvent010_5,3,7,1,0,0,,0,0,0,
111827,gcu102,processEvent010,3,19,2,2,0,,0,0,0,
111827,gcu102,processEvent015,3,11,1,0,0,,0,0,0,gc01u210
111827,gcu102,processEvent015_2,3,6,1,0,0,,0,0,0,
111827,gcu102,processEvent020,3,38,1,0,0,,0,0,0,
111827,gcu102,processEvent025_2,3,20,1,0,0,,0,0,0,
111827,gcu102,processEvent025_3,3,15,1,0,0,,0,0,0,
111827,gcu102,processEvent025_4,3,20,1,0,0,,0,0,0,
111827,gcu102,processEvent025_5,3,15,1,0,0,,0,0,0,
111827,gcu102,processEvent025_6,3,15,1,0,0,,0,0,0,
111827,gcu102,processEvent025_7,3,15,1,0,0,,0,0,0,
111827,gcu102,processEvent025_8,3,29,2,2,0,,0,0,0,
111827,gcu102,processEvent025,3,135,1,0,0,,0,0,0,
111827,gcu102,processEvent_elevator_nq1F,3,13,1,0,0,12,0,1,0,elv0u01a
111827,gcu102,processEvent_elevator_nq2F,3,13,1,0,0,12,0,1,0,elv0u02a
111828,gcu701,processEventStart,3,71,4,4,0,70,0,1,0,
111828,gcu701,processEventAubreyHint,3,24,2,2,0,,0,0,0,
111828,gcu701,processEvent000_2,3,24,2,2,0,,0,0,0,
111828,gcu701,processEvent000,3,110,2,2,0,,0,0,0,
111828,gcu701,processEvent005_2,3,24,2,2,0,,0,0,0,
111828,gcu701,processEvent005,3,61,4,4,0,60,0,1,0,
111828,gcu701,processEvent010,3,57,4,4,0,56,0,1,0,
111828,gcu701,processEvent015,3,42,2,2,0,,0,0,0,
111828,gcu701,processEvent015_2,3,24,2,2,0,,0,0,0,
111828,gcu701,processEvent020,3,48,2,2,0,,0,0,0,
111828,gcu701,processEvent025_2,3,30,2,2,0,,0,0,0,
111828,gcu701,processEvent025,4,55,2,2,0,,0,0,0,
