scene,ordinal,label,label_raw_hex,offset,offset_hex,duration_units,duration_seconds,entry_count,padding_bytes
blm0j110,0,フォルダブロッ,83748348838b835f8375838d83620000,34156,0x856C,9000000,9.0,0,0
blm0j110,1,setup,73657475700000000000000000000000,34220,0x85AC,100000,0.1,28,4
blm0j110,2,c01,63303100000000000000000000000000,35404,0x8A4C,1500000,1.5,16,4
blm0j110,3,c02,63303200000000000000000000000000,36140,0x8D2C,900000,0.9,8,12
blm0j110,4,c03,63303300000000000000000000000000,36540,0x8EBC,3100000,3.1,18,12
blm0j110,5,c04a,63303461000000000000000000000000,37340,0x91DC,1000000,1.0,8,4
blm0j110,6,c05,63303500000000000000000000000000,37788,0x939C,1900000,1.9,6,8
blm0j110,7,c06,63303600000000000000000000000000,38124,0x94EC,1200000,1.2,15,4
blm0j110,8,c07,63303700000000000000000000000000,38796,0x978C,2000000,2.0,18,12
blm0j110,9,c08,63303800000000000000000000000000,39532,0x9A6C,2200000,2.2,27,4
blm0j110,10,c04b,63303462000000000000000000000000,40604,0x9E9C,1050000,1.05,9,0
blm0j110,11,c04d,63303464000000000000000000000000,41004,0xA02C,2100000,2.1,11,12
blm0j110,12,c04c,63303463000000000000000000000000,41500,0xA21C,1800000,1.8,7,0
blm0j110,13,c09,63303900000000000000000000000000,41804,0xA34C,2600000,2.6,13,12
blm0j120,0,フォルダブロッ,83748348838b835f8375838d83620000,87984,0x157B0,9000000,9.0,0,0
blm0j120,1,setup,73657475700000000000000000000000,88048,0x157F0,200000,0.2,50,0
blm0j120,2,Sce01,53636530310000000000000000000000,89968,0x15F70,2200000,2.2,26,4
blm0j120,3,Sce02[★],53636530325b819a5d00000000000000,91152,0x16410,3550000,3.55,39,8
blm0j120,4,Sce03,53636530330000000000000000000000,92784,0x16A70,2800000,2.8,21,12
blm0j120,5,Sce04,53636530340000000000000000000000,93776,0x16E50,1350000,1.35,12,0
blm0j120,6,Sce05,53636530350000000000000000000000,94384,0x170B0,2100000,2.1,23,0
blm0j120,7,Sce06[★],53636530365b819a5d00000000000000,95680,0x175C0,1200000,1.2,11,8
blm0j120,8,Sce07,53636530370000000000000000000000,96400,0x17890,2200000,2.2,18,4
blm0j120,9,Sce08,53636530380000000000000000000000,97264,0x17BF0,1300000,1.3,17,4
blm0j120,10,Sce09,53636530390000000000000000000000,98048,0x17F00,1200000,1.2,13,12
blm0j120,11,Sce10,53636531300000000000000000000000,98752,0x181C0,1600000,1.6,17,0
blm0j120,12,Sce11,53636531310000000000000000000000,99536,0x184D0,5200000,5.2,44,4
blm0j120,13,Sce12,53636531320000000000000000000000,101488,0x18C70,1250000,1.25,11,0
blm0j120,14,Sce13[★],53636531335b819a5d00000000000000,102064,0x18EB0,5100000,5.1,62,8
blm0j120,15,Sce14,53636531340000000000000000000000,104736,0x19920,1050000,1.05,23,4
blm0j120,16,Sce15,53636531350000000000000000000000,105856,0x19D80,2300000,2.3,24,0
blm0j120,17,Sce16,53636531360000000000000000000000,106848,0x1A160,2200000,2.2,19,0
blm0j120,18,Sce17,53636531370000000000000000000000,107696,0x1A4B0,2600000,2.6,17,12
blm0j120,19,Sce14a,53636531346100000000000000000000,108480,0x1A7C0,5650000,5.65,34,8
blm0j120,20,Sce02a,53636530326100000000000000000000,110080,0x1AE00,2100000,2.1,13,0
blm0j610,0,フォルダブロッ,83748348838b835f8375838d83620000,640608,0x9C660,9000000,9.0,0,0
blm0j610,1,setup,73657475700000000000000000000000,640672,0x9C6A0,200000,0.2,83,8
blm0j610,2,Scene01,5363656e653031000000000000000000,643584,0x9D200,5950000,5.95,45,8
blm0j610,3,Scene02,5363656e653032000000000000000000,645680,0x9DA30,6050000,6.05,83,0
blm0j610,4,Scene03,5363656e653033000000000000000000,649488,0x9E910,1800000,1.8,56,4
blm0j610,5,Scene05,5363656e653035000000000000000000,652288,0x9F400,4500000,4.5,52,0
blm0j610,6,Scene04a,5363656e653034610000000000000000,654720,0x9FD80,350000,0.35,28,12
blm0j610,7,Scene04b,5363656e653034620000000000000000,656048,0xA02B0,3850000,3.85,39,8
blm0j610,8,Scene04d,5363656e653034640000000000000000,657792,0xA0980,4850000,4.85,29,0
blm0j610,9,Scene04e,5363656e653034650000000000000000,659040,0xA0E60,1450000,1.45,20,4
blm0j620,0,フォルダブロッ,83748348838b835f8375838d83620000,148928,0x245C0,9000000,9.0,0,0
blm0j620,1,setup,73657475700000000000000000000000,148992,0x24600,100000,0.1,234,8
blm0j620,2,c19,63313900000000000000000000000000,157488,0x26730,2100000,2.1,23,8
blm0j620,3,★c20,819a6332300000000000000000000000,158480,0x26B10,3600000,3.6,33,12
blm0j620,4,c01,63303100000000000000000000000000,159904,0x270A0,2700000,2.7,60,4
blm0j620,5,c02,63303200000000000000000000000000,161904,0x27870,2100000,2.1,23,0
blm0j620,6,c03,63303300000000000000000000000000,162832,0x27C10,2400000,2.4,21,0
blm0j620,7,c04-race,6330342d726163650000000000000000,163664,0x27F50,2700000,2.7,27,0
blm0j620,8,c05,63303500000000000000000000000000,164720,0x28370,3000000,3.0,31,12
blm0j620,9,c06,63303600000000000000000000000000,166096,0x288D0,900000,0.9,73,12
blm0j620,10,c07,63303700000000000000000000000000,168992,0x29420,1200000,1.2,21,0
blm0j620,11,c08,63303800000000000000000000000000,169680,0x296D0,900000,0.9,17,4
blm0j620,12,c09,63303900000000000000000000000000,170272,0x29920,1200000,1.2,33,12
blm0j620,13,c10,63313000000000000000000000000000,171328,0x29D40,2700000,2.7,62,4
blm0j620,14,c11,63313100000000000000000000000000,173520,0x2A5D0,3000000,3.0,34,8
blm0j620,15,c12,63313200000000000000000000000000,174896,0x2AB30,2000000,2.0,17,8
blm0j620,16,c13,63313300000000000000000000000000,175648,0x2AE20,1800000,1.8,21,0
blm0j620,17,c14-race,6331342d726163650000000000000000,176448,0x2B140,900000,0.9,39,0
blm0j620,18,c15,63313500000000000000000000000000,178112,0x2B7C0,1200000,1.2,12,0
blm0j620,19,c16,63313600000000000000000000000000,178512,0x2B950,1500000,1.5,18,12
blm0j620,20,c17-race,6331372d726163650000000000000000,179232,0x2BC20,2000000,2.0,29,0
blm0j620,21,c10b,63313062000000000000000000000000,180416,0x2C0C0,2400000,2.4,33,12
blm0j620,22,c10c,63313063000000000000000000000000,181808,0x2C630,3000000,3.0,12,12
blm0j620,23,c11b,63313162000000000000000000000000,182256,0x2C7F0,1500000,1.5,6,8
blm0j620,24,★c19b,819a6331396200000000000000000000,182576,0x2C930,1950000,1.95,22,4
blm0j620,25,c13b,63313362000000000000000000000000,183408,0x2CC70,1950000,1.95,21,8
blm0j620,26,c13x,63313378000000000000000000000000,184192,0x2CF80,1200000,1.2,19,4
blm0j620,27,c02b,63303262000000000000000000000000,184912,0x2D250,2200000,2.2,9,12
blm0j620,28,c15b,63313562000000000000000000000000,185280,0x2D3C0,1500000,1.5,15,0
brd0j410,0,フォルダブロッ,83748348838b835f8375838d83620000,360792,0x58158,9000000,9.0,0,0
brd0j410,1,setup,73657475700000000000000000000000,360856,0x58198,200000,0.2,95,4
brd0j410,2,Scene01,5363656e653031000000000000000000,364120,0x58E58,2400000,2.4,23,8
brd0j410,3,Scene02,5363656e653032000000000000000000,364888,0x59158,1500000,1.5,12,4
brd0j410,4,Scene03,5363656e653033000000000000000000,365576,0x59408,1000000,1.0,22,0
brd0j410,5,Scene04,5363656e653034000000000000000000,366520,0x597B8,590000,0.59,17,12
brd0j410,6,Scene05a,5363656e653035610000000000000000,367384,0x59B18,1740000,1.74,21,12
brd0j410,7,Scene06,5363656e653036000000000000000000,369128,0x5A1E8,800000,0.8,19,4
brd0j410,8,SceneTra,5363656e655472610000000000000000,370808,0x5A878,900000,0.9,20,0
brd0j410,9,Scene07,5363656e653037000000000000000000,372472,0x5AEF8,1400000,1.4,17,4
brd0j410,10,Scene08,5363656e653038000000000000000000,373384,0x5B288,2000000,2.0,15,0
brd0j410,11,Scene09,5363656e653039000000000000000000,374120,0x5B568,1800000,1.8,38,0
brd0j410,12,Scene10,5363656e653130000000000000000000,375608,0x5BB38,600000,0.6,11,12
brd0j410,13,Scene11,5363656e653131000000000000000000,376184,0x5BD78,2600000,2.6,27,0
brd0j410,14,Scene12,5363656e653132000000000000000000,377400,0x5C238,1100000,1.1,10,12
brd0j410,15,SceneTra02,5363656e655472613032000000000000,377880,0x5C418,500000,0.5,24,8
brd0j410,16,Scene05b,5363656e653035620000000000000000,379672,0x5CB18,1000000,1.0,14,12
brd0j410,17,Scene05c,5363656e653035630000000000000000,380296,0x5CD88,2500000,2.5,23,4
brd0j420,0,フォルダブロッ,83748348838b835f8375838d83620000,378096,0x5C4F0,9000000,9.0,0,0
brd0j420,1,setup,73657475700000000000000000000000,378160,0x5C530,200000,0.2,107,4
brd0j420,2,Scene_01,5363656e655f30310000000000000000,381744,0x5D330,3750000,3.75,30,8
brd0j420,3,Scene_02,5363656e655f30320000000000000000,382848,0x5D780,4500000,4.5,15,0
brd0j420,4,Scene_03,5363656e655f30330000000000000000,383536,0x5DA30,900000,0.9,4,4
brd0j420,5,Scene_04a,5363656e655f30346100000000000000,383728,0x5DAF0,1200000,1.2,8,12
brd0j420,6,Scene_04b,5363656e655f30346200000000000000,384096,0x5DC60,800000,0.8,8,4
brd0j420,7,Scene_04c,5363656e655f30346300000000000000,384480,0x5DDE0,2100000,2.1,8,4
brd0j420,8,Scene_05,5363656e655f30350000000000000000,384816,0x5DF30,2100000,2.1,14,12
brd0j420,9,Scene_07,5363656e655f30370000000000000000,385408,0x5E180,3000000,3.0,26,4
brd0j420,10,Scene_08 [★],5363656e655f3038205b819a5d000000,386352,0x5E530,7700000,7.7,59,0
brd0j420,11,Scene_06b,5363656e655f30366200000000000000,388784,0x5EEB0,6800000,6.8,114,12
brd0j420,12,Scene_07a,5363656e655f30376100000000000000,395168,0x607A0,900000,0.9,2,12
brd0j420,13,Scene_09,5363656e655f30390000000000000000,395296,0x60820,2700000,2.7,14,8
brd0j610,0,フォルダブロッ,83748348838b835f8375838d83620000,510356,0x7C994,9000000,9.0,0,0
brd0j610,1,setup,73657475700000000000000000000000,510420,0x7C9D4,150000,0.15,51,0
brd0j610,2,c01x,63303178000000000000000000000000,512420,0x7D1A4,1300000,1.3,20,12
brd0j610,3,c02x,63303278000000000000000000000000,513252,0x7D4E4,1060000,1.06,24,8
brd0j610,4,c03x,63303378000000000000000000000000,514404,0x7D964,1000000,1.0,14,8
brd0j610,5,c03z,6330337a000000000000000000000000,515044,0x7DBE4,1200000,1.2,8,8
brd0j610,6,c04x,63303478000000000000000000000000,515460,0x7DD84,230000,0.23,6,8
brd0j610,7,c04y,63303479000000000000000000000000,515860,0x7DF14,250000,0.25,22,8
brd0j610,8,c06z,6330367a000000000000000000000000,517044,0x7E3B4,170000,0.17,4,12
brd0j610,9,c07x,63303778000000000000000000000000,517316,0x7E4C4,1250000,1.25,38,0
brd0j610,10,c08x,63303878000000000000000000000000,519236,0x7EC44,680000,0.68,4,0
brd0j610,11,c09x,63303978000000000000000000000000,519508,0x7ED54,1200000,1.2,19,4
brd0j610,12,c10y,63313079000000000000000000000000,520580,0x7F184,310000,0.31,11,12
brd0j610,13,c11x,63313178000000000000000000000000,521028,0x7F344,2500000,2.5,15,12
brd0j610,14,c12x,63313278000000000000000000000000,521716,0x7F5F4,1200000,1.2,8,8
brd0j610,15,c13x,63313378000000000000000000000000,522132,0x7F794,850000,0.85,10,12
brd0j610,16,c14x,63313478000000000000000000000000,522628,0x7F984,680000,0.68,13,8
brd0j610,17,c14y,63313479000000000000000000000000,523220,0x7FBD4,240000,0.24,15,4
brd0j610,18,c14z,6331347a000000000000000000000000,524020,0x7FEF4,550000,0.55,8,8
brd0j610,19,c15w,63313577000000000000000000000000,524388,0x80064,700000,0.7,19,0
brd0j610,20,c15x,63313578000000000000000000000000,525220,0x803A4,600000,0.6,12,4
brd0j610,21,c15y,63313579000000000000000000000000,525732,0x805A4,1200000,1.2,12,0
brd0j610,22,c15z,6331357a000000000000000000000000,526468,0x80884,3600000,3.6,15,8
brd0j610,23,c16x,63313678000000000000000000000000,527076,0x80AE4,720000,0.72,24,12
brd0j610,24,c16y,63313679000000000000000000000000,528196,0x80F44,1300000,1.3,32,4
brd0j610,25,c16z,6331367a000000000000000000000000,529604,0x814C4,1260000,1.26,8,8
brd0j610,26,c17x,63313778000000000000000000000000,530036,0x81674,900000,0.9,9,4
brd0j610,27,c17y,63313779000000000000000000000000,530500,0x81844,1310000,1.31,15,12
brd0j610,28,c17z,6331377a000000000000000000000000,531188,0x81AF4,1790000,1.79,3,4
brd0j610,29,c18w,63313877000000000000000000000000,531396,0x81BC4,1090000,1.09,5,12
brd0j610,30,c18x,63313878000000000000000000000000,531716,0x81D04,1590000,1.59,4,12
brd0j610,31,c18y,63313879000000000000000000000000,531956,0x81DF4,1190000,1.19,6,0
brd0j610,32,c18z,6331387a000000000000000000000000,532356,0x81F84,2500000,2.5,15,4
brd0j610,33,c17w,63313777000000000000000000000000,533140,0x82294,900000,0.9,23,8
brd0j610,34,c10z,6331307a000000000000000000000000,534548,0x82814,1200000,1.2,6,4
com0g105,0,フォルダブロッ,83748348838b835f8375838d83620000,305852,0x4AABC,9000000,9.0,0,0
com0g105,1,setup,73657475700000000000000000000000,305916,0x4AAFC,80000,0.08,29,12
com0g105,2,c01,63303100000000000000000000000000,306988,0x4AF2C,1800000,1.8,12,0
com0g105,3,c02,63303200000000000000000000000000,307612,0x4B19C,1200000,1.2,9,4
com0g105,4,c03,63303300000000000000000000000000,308140,0x4B3AC,600000,0.6,11,0
com0g105,5,c04,63303400000000000000000000000000,308764,0x4B61C,900000,0.9,10,4
com0g105,6,c05,63303500000000000000000000000000,309308,0x4B83C,60000,0.06,11,4
com0g105,7,c06,63303600000000000000000000000000,309868,0x4BA6C,70000,0.07,11,8
com0g105,8,c07_1_YES,6330375f315f59455300000000000000,310396,0x4BC7C,550000,0.55,25,8
com0g105,9,c07_2,6330375f320000000000000000000000,311388,0x4C05C,1200000,1.2,10,4
com0g105,10,c07_3,6330375f330000000000000000000000,311884,0x4C24C,2100000,2.1,16,8
com0g105,11,c07_1_NO,6330375f315f4e4f0000000000000000,312636,0x4C53C,530000,0.53,22,0
com0g110,0,フォルダブロッ,83748348838b835f8375838d83620000,992,0x3E0,9000000,9.0,0,0
com0g110,1,setup,73657475700000000000000000000000,1056,0x420,80000,0.08,22,12
com0g110,2,c01,63303100000000000000000000000000,1936,0x790,1800000,1.8,12,12
com0g110,3,c02_A,6330325f410000000000000000000000,2512,0x9D0,700000,0.7,21,0
com0g110,4,c03,63303300000000000000000000000000,3456,0xD80,530000,0.53,8,12
com0g110,5,c04,63303400000000000000000000000000,3808,0xEE0,1300000,1.3,16,4
com0g110,6,c05,63303500000000000000000000000000,4464,0x1170,80000,0.08,11,0
com0g110,7,c06,63303600000000000000000000000000,4912,0x1330,710000,0.71,11,0
com0g110,8,c02_B,6330325f420000000000000000000000,5408,0x1520,710000,0.71,22,4
com0g410,0,フォルダブロッ,83748348838b835f8375838d83620000,428648,0x68A68,9000000,9.0,0,0
com0g410,1,setup,73657475700000000000000000000000,428712,0x68AA8,150000,0.15,44,0
com0g410,2,c01　受付俯瞰,63303181408ef3957498ebe1d5000000,430280,0x690C8,1250000,1.25,11,4
com0g410,3,c02　受付驚く,63303281408ef395748bc182ad000000,430696,0x69268,1250000,1.25,12,4
com0g410,4,c03　受付去る,63303381408ef395748b8e82e9000000,431224,0x69478,550000,0.55,6,12
com0g410,5,c04　受付去る,63303481408ef395748b8e82e9000000,431576,0x695D8,1200000,1.2,5,8
com0g410,6,c05　足音,633035814091ab89b900000000000000,431880,0x69708,1500000,1.5,16,0
com0g410,7,c06　階段降り,63303681408a4b92698d7e82e8000000,432664,0x69A18,700000,0.7,11,0
com0g410,8,c07　シドさま,63303781408356836882b382dc000000,433224,0x69C48,850000,0.85,11,0
com0g410,9,c08　階段終わり,63303881408a4b92698f4982ed82e800,433816,0x69E98,1200000,1.2,26,8
com0g410,10,c09　異変あり,633039814088d995cf82a082e8000000,435000,0x6A338,3800000,3.8,35,0
com0g410,11,c10　まさか,633130814082dc82b382a90000000000,436376,0x6A898,1800000,1.8,22,0
com0g410,12,c11　メテオ？,63313181408381836583498148000000,437320,0x6AC48,1200000,1.2,14,4
com0g410,13,c12　シド去る,6331328140835683688b8e82e9000000,438104,0x6AF58,2300000,2.3,25,12
com0g510,0,フォルダブロッ,83748348838b835f8375838d83620000,189180,0x2E2FC,9000000,9.0,0,0
com0g510,1,setup,73657475700000000000000000000000,189244,0x2E33C,600000,0.6,99,12
com0g510,2,c01,63303100000000000000000000000000,192924,0x2F19C,900000,0.9,20,12
com0g510,3,c02,63303200000000000000000000000000,194076,0x2F61C,800000,0.8,16,12
com0g510,4,c03,63303300000000000000000000000000,195084,0x2FA0C,2000000,2.0,22,4
com0g510,5,c04,63303400000000000000000000000000,196332,0x2FEEC,1100000,1.1,21,8
com0g510,6,ｃ05,82833035000000000000000000000000,197436,0x3033C,600000,0.6,21,12
com0g510,7,ｃ06,82833036000000000000000000000000,198684,0x3081C,550000,0.55,20,12
com0g510,8,c08,63303800000000000000000000000000,199804,0x30C7C,2500000,2.5,33,4
com0g510,9,c09,63303900000000000000000000000000,201484,0x3130C,600000,0.6,12,12
com0g510,10,c10,63313000000000000000000000000000,202028,0x3152C,30000,0.03,6,8
com0g510,11,ｃ11,82833131000000000000000000000000,202364,0x3167C,1200000,1.2,12,8
com0g510,12,ｃ12,82833132000000000000000000000000,202796,0x3182C,600000,0.6,15,12
com0g510,13,ｃ13,82833133000000000000000000000000,203548,0x31B1C,1200000,1.2,19,8
com0g510,14,ｃ14,82833134000000000000000000000000,204460,0x31EAC,60000,0.06,11,0
com0g510,15,ｃ15,82833135000000000000000000000000,204892,0x3205C,1300000,1.3,7,0
com0g510,16,ｃ16,82833136000000000000000000000000,205164,0x3216C,1100000,1.1,15,0
com0g510,17,ｃ17,82833137000000000000000000000000,205836,0x3240C,60000,0.06,9,0
com0g510,18,ｃ18,82833138000000000000000000000000,206268,0x325BC,60000,0.06,8,4
com0g510,19,ｃ19,82833139000000000000000000000000,206700,0x3276C,300000,0.3,9,12
com0g510,20,c23,63323300000000000000000000000000,207212,0x3296C,2530000,2.53,30,8
com0g510,21,c25,63323500000000000000000000000000,208428,0x32E2C,2000000,2.0,34,8
com0g510,22,c22,63323200000000000000000000000000,209900,0x333EC,480000,0.48,10,4
com0g510,23,ｃ07,82833037000000000000000000000000,210428,0x335FC,600000,0.6,25,0
com0g510,24,c24,63323400000000000000000000000000,211692,0x33AEC,700000,0.7,6,12
com0g510,25,ｃ20,82833230000000000000000000000000,211932,0x33BDC,600000,0.6,9,8
com0g510,26,c21,63323100000000000000000000000000,212364,0x33D8C,400000,0.4,10,0
com0g610,0,フォルダブロッ,83748348838b835f8375838d83620000,683824,0xA6F30,9000000,9.0,0,0
com0g610,1,header,68656164657200000000000000000000,683888,0xA6F70,150000,0.15,415,8
com0g610,2,▽c01：街頭,81a463303181468a5893aa0000000000,700496,0xAB050,620000,0.62,6,0
com0g610,3,▽c02：リス,81a46330328146838a83580000000000,700768,0xAB160,920000,0.92,20,12
com0g610,4,▽c04：カヌエ中,81a46330348146834a836b8347928600,701824,0xAB580,1500000,1.5,47,0
com0g610,5,△c03：聴くＰＣ,81a2633033814692ae82ad826f826200,704784,0xAC110,30000,0.03,33,12
com0g610,6,▽c05：カヌエ説,81a46330358146834a836b834790e000,706768,0xAC8D0,80000,0.08,14,4
com0g610,7,▽c06：人々,81a46330368146906c81580000000000,707312,0xACAF0,40000,0.04,47,0
com0g610,8,▽c07：汝らの森,81a4633037814693f082e782cc905800,710272,0xAD680,210000,0.21,11,4
com0g610,9,▽c08：そのため,81a4633038814682bb82cc82bd82df00,710784,0xAD880,370000,0.37,18,0
com0g610,10,▽c09：カヌエ歩,81a46330398146834a836b834795e000,711488,0xADB40,2900000,2.9,54,12
com0g610,11,▽c10：聡明なる,81a46331308146918f96be82c882e900,714448,0xAE6D0,60000,0.06,15,8
com0g610,12,▽c11：人々表情,81a46331318146906c8158955c8fee00,715184,0xAE9B0,40000,0.04,29,8
com0g610,13,▽c12：幻術師表,81a463313281468cb68f708e74955c00,716864,0xAF040,40000,0.04,7,8
com0g610,14,▽c13：ＰＣ表情,81a46331338146826f8262955c8fee00,717232,0xAF1B0,1000000,1.0,5,4
com0g610,15,▽c14：水を糧を,81a46331348146908582f097c682f000,717536,0xAF2E0,90000,0.09,16,8
com0g610,16,▽ｃ15：リス増,81a4828331358146838a8358919d0000,718272,0xAF5C0,1000000,1.0,19,8
com0g610,17,▽ｃ16：Ｖ杖翳,81a482833136814682758ff1e3c80000,719280,0xAF9B0,2950000,2.95,42,4
com0g610,18,▽ｃ17：Ｖ光の,81a482833137814682758cf582cc0000,721568,0xB02A0,1800000,1.8,2,8
com0g610,19,▽ｃ18：Ｖ光の,81a482833138814682758cf582cc0000,721712,0xB0330,1000000,1.0,93,8
com0g610,20,▽c19：Ｖ光の玉,81a4633139814682758cf582cc8bca00,726384,0xB1570,1000000,1.0,18,12
com0g610,21,▽c20：カヌエ,81a46332308146834a836b8347000000,727312,0xB1910,2500000,2.5,10,4
com0g610,22,▽c21：カヌエア,81a46332318146834a836b8347834100,727792,0xB1AF0,1000000,1.0,4,12
com0g610,23,▽c23：Ｖ子供,81a4633233814682758e718b9f000000,728000,0xB1BC0,1200000,1.2,30,4
com0g610,24,▽c24：Ｖパパリ,81a46332348146827583708370838a00,729504,0xB21A0,1000000,1.0,18,0
com0g610,25,▽c25：Ｖ鬼哭隊,81a4633235814682758b539a4c91e000,730464,0xB2560,1000000,1.0,20,12
com0g610,26,▽c26：Ｖ幻術師,81a4633236814682758cb68f708e7400,731488,0xB2960,1000000,1.0,11,0
com0g610,27,▽c28：Ｖカヌエ,81a463323881468275834a836b834700,731952,0xB2B30,1800000,1.8,101,4
com0g610,28,▽c29：帰る人た,81a463323981468b4182e9906c82bd00,737696,0xB41A0,2000000,2.0,122,4
com0g610,29,▽ｃ30：ＰＣ気,81a4828333308146826f82628b430000,744336,0xB5B90,2000000,2.0,22,12
com0g610,30,▽ｃ31：呼ぶパ,81a48283333181468cc482d483700000,745360,0xB5F90,1200000,1.2,7,4
com0g610,31,△c22：Ｖ玉割れ,81a2633232814682758bca8a8482ea00,745744,0xB6110,1500000,1.5,24,12
com0g610,32,△c27：Ｖみなさ,81a26332378146827582dd82c882b300,747120,0xB6670,1000000,1.0,34,8
com0g610,33,ｃ15_2：,828331355f3281460000000000000000,748944,0xB6D90,2950000,2.95,37,12
com0g610,34,ｃ15_3：,828331355f3381460000000000000000,751088,0xB75F0,1000000,1.0,32,8
com0l105,0,フォルダブロッ,83748348838b835f8375838d83620000,271992,0x42678,9000000,9.0,0,0
com0l105,1,setup,73657475700000000000000000000000,272056,0x426B8,100000,0.1,25,4
com0l105,2,c01　PCくる,6330318140504382ad82e90000000000,272984,0x42A58,1400000,1.4,6,12
com0l105,3,c02　あたりをう,633032814082a082bd82e882f082a400,273240,0x42B58,1550000,1.55,9,4
com0l105,4,c03　誰？,6330338140924e814800000000000000,273736,0x42D48,600000,0.6,3,8
com0l105,5,c04　詩を詠む,63303481408e8d82f0897282de000000,273944,0x42E18,1900000,1.9,12,0
com0l105,6,c05　手伝え,63303581408ee8936082a60000000000,274408,0x42FE8,1200000,1.2,12,12
com0l105,7,c06　選択肢,6330368140914991f08e880000000000,274936,0x431F8,450000,0.45,7,12
com0l105,8,c06y　はい,63303679814082cd82a2000000000000,275304,0x43368,600000,0.6,15,8
com0l105,9,c06n　いいえ,6330366e814082a282a282a600000000,275960,0x435F8,850000,0.85,0,0
com0l105,10,c07y　嘘おっし,633037798140895282a882c182b50000,276024,0x43638,800000,0.8,8,12
com0l105,11,c08y　やるか？,63303879814082e282e982a981480000,276408,0x437B8,750000,0.75,4,12
com0l105,12,c09y　ペイスト,63303979814083798343835883670000,276648,0x438A8,1660000,1.66,19,0
com0l105,13,c10y　バトルイ,633130798140836f8367838b83430000,277384,0x43B88,1300000,1.3,12,0
com0l105,14,c07n　一致,6330376e814088ea9276000000000000,277896,0x43D88,1600000,1.6,14,4
com0l105,15,c06y　うなづく,63303679814082a482c882c382ad0000,278552,0x44018,450000,0.45,3,8
com0l105,16,c06n　断る,6330366e8140926682e9000000000000,278728,0x440C8,800000,0.8,3,4
com0l105,17,c08n　夜明け,6330386e814096e996be82af00000000,278936,0x44198,2400000,2.4,16,8
com0l105,18,c09n　バトルイ,6330396e8140836f8367838b83430000,279608,0x44438,1250000,1.25,10,4
com0l110,0,フォルダブロッ,83748348838b835f8375838d83620000,116236,0x1C60C,9000000,9.0,0,0
com0l110,1,setup,73657475700000000000000000000000,116300,0x1C64C,100000,0.1,35,12
com0l110,2,c01　倒した,6330318140937c82b582bd0000000000,117612,0x1CB6C,3000000,3.0,21,0
com0l110,3,c02　奇遇,63303281408aef8bf600000000000000,118412,0x1CE8C,1800000,1.8,22,12
com0l110,4,c03　破滅への恐,6330338140946a96c582d682cc8bb000,119244,0x1D1CC,500000,0.5,9,8
com0l110,5,c04　第六霊災,633034814091e6985a97ec8dd0000000,119596,0x1D32C,1800000,1.8,23,8
com0l110,6,c05　不安なら備,6330358140957388c082c882e794f500,120540,0x1D6DC,1800000,1.8,42,0
com0l110,7,c06　力を貸して,633036814097cd82f091dd82b582c400,122156,0x1DD2C,1200000,1.2,25,0
com0l110,8,c07　PC考える,633037814050438d6c82a682e9000000,123260,0x1E17C,1500000,1.5,14,8
com0l110,9,c08　行くわ,63303881408d7382ad82ed0000000000,123788,0x1E38C,1800000,1.8,16,4
com0l110,10,c09　あなた次第,633039814082a082c882bd8e9f91e600,124412,0x1E5FC,2100000,2.1,19,8
com0l410,0,フォルダブロッ,83748348838b835f8375838d83620000,430472,0x69188,9000000,9.0,0,0
com0l410,1,setup,73657475700000000000000000000000,430536,0x691C8,150000,0.15,44,0
com0l410,2,c01　受付俯瞰,63303181408ef3957498ebe1d5000000,432104,0x697E8,1250000,1.25,11,4
com0l410,3,c02　受付驚く,63303281408ef395748bc182ad000000,432520,0x69988,1250000,1.25,12,4
com0l410,4,c03　受付去る,63303381408ef395748b8e82e9000000,433048,0x69B98,550000,0.55,6,12
com0l410,5,c04　受付去る,63303481408ef395748b8e82e9000000,433400,0x69CF8,1200000,1.2,5,8
com0l410,6,c05　足音,633035814091ab89b900000000000000,433704,0x69E28,1500000,1.5,17,8
com0l410,7,c06　階段降り,63303681408a4b92698d7e82e8000000,434520,0x6A158,700000,0.7,12,0
com0l410,8,c07　シドさま,63303781408356836882b382dc000000,435144,0x6A3C8,850000,0.85,11,0
com0l410,9,c08　階段終わり,63303881408a4b92698f4982ed82e800,435736,0x6A618,1200000,1.2,26,4
com0l410,10,c09　異変あり,633039814088d995cf82a082e8000000,436920,0x6AAB8,3800000,3.8,35,4
com0l410,11,c10　まさか,633130814082dc82b382a90000000000,438264,0x6AFF8,1800000,1.8,22,0
com0l410,12,c11　メテオ？,63313181408381836583498148000000,439208,0x6B3A8,1200000,1.2,15,0
com0l410,13,c12　シド去る,6331328140835683688b8e82e9000000,440040,0x6B6E8,2300000,2.3,24,0
com0l510,0,フォルダブロッ,83748348838b835f8375838d83620000,9728,0x2600,9000000,9.0,0,0
com0l510,1,setup,73657475700000000000000000000000,9792,0x2640,100000,0.1,71,8
com0l510,2,c01　,63303181400000000000000000000000,12160,0x2F80,1000000,1.0,22,0
com0l510,3,c02,63303200000000000000000000000000,13360,0x3430,1000000,1.0,18,4
com0l510,4,c03,63303300000000000000000000000000,14240,0x37A0,1300000,1.3,41,12
com0l510,5,c04,63303400000000000000000000000000,16080,0x3ED0,1150000,1.15,33,8
com0l510,6,c05,63303500000000000000000000000000,17520,0x4470,800000,0.8,23,0
com0l510,7,c06,63303600000000000000000000000000,18496,0x4840,400000,0.4,18,0
com0l510,8,c07,63303700000000000000000000000000,19312,0x4B70,900000,0.9,14,12
com0l510,9,c08,63303800000000000000000000000000,19952,0x4DF0,800000,0.8,18,8
com0l510,10,c09,63303900000000000000000000000000,20896,0x51A0,1500000,1.5,25,12
com0l510,11,c10,63313000000000000000000000000000,22096,0x5650,500000,0.5,12,8
com0l510,12,c11,63313100000000000000000000000000,22688,0x58A0,810000,0.81,16,8
com0l510,13,c12,63313200000000000000000000000000,23424,0x5B80,1000000,1.0,16,12
com0l510,14,c13,63313300000000000000000000000000,24240,0x5EB0,400000,0.4,8,4
com0l510,15,c14,63313400000000000000000000000000,24576,0x6000,500000,0.5,15,8
com0l510,16,c15,63313500000000000000000000000000,25200,0x6270,800000,0.8,28,8
com0l510,17,c16,63313600000000000000000000000000,26304,0x66C0,1000000,1.0,21,12
com0l510,18,c17,63313700000000000000000000000000,27440,0x6B30,1000000,1.0,18,4
com0l510,19,c18,63313800000000000000000000000000,28016,0x6D70,700000,0.7,15,12
com0l510,20,c19,63313900000000000000000000000000,28704,0x7020,760000,0.76,17,0
com0l510,21,c20,63323000000000000000000000000000,29312,0x7280,1000000,1.0,11,0
com0l610,0,フォルダブロッ,83748348838b835f8375838d83620000,402028,0x6226C,9000000,9.0,0,0
com0l610,1,setup,73657475700000000000000000000000,402092,0x622AC,100000,0.1,158,8
com0l610,2,c01　PC入室,6330318140504393fc8eba0000000000,407740,0x638BC,1000000,1.0,30,12
com0l610,3,c02　室内の様子,63303281408eba93e082cc976c8e7100,409068,0x63DEC,800000,0.8,43,4
com0l610,4,c03　聴衆と海賊,633033814092ae8f4f82c68a4391af00,410684,0x6443C,1400000,1.4,69,12
com0l610,5,c04　メルウィズ,63303481408381838b83458342835900,413276,0x64E5C,800000,0.8,54,0
com0l610,6,c05　入室,633035814093fc8eba00000000000000,415532,0x6572C,2600000,2.6,25,8
com0l610,7,c06　旗のUP,63303681408af882cc55500000000000,416524,0x65B0C,1000000,1.0,4,0
com0l610,8,c07　歩くメルウ,633037814095e082ad8381838b834500,416732,0x65BDC,1300000,1.3,69,4
com0l610,9,c08　ステージに,633038814083588365815b835782c900,420108,0x6690C,800000,0.8,16,8
com0l610,10,c09　烈風にたち,633039814097f3959782c982bd82bf00,420988,0x66C7C,1600000,1.6,9,8
com0l610,11,c10　聴衆ざわざ,633130814092ae8f4f82b482ed82b400,421404,0x66E1C,500000,0.5,31,4
com0l610,12,c11　海賊あばれ,63313181408a4391af82a082ce82ea00,423052,0x6748C,1100000,1.1,27,8
com0l610,13,c12　斧が飛びま,6331328140958082aa94f282d182dc00,424332,0x6798C,500000,0.5,34,8
com0l610,14,c13　メルウィブ,63313381408381838b83458342837500,425884,0x67F9C,1000000,1.0,12,12
com0l610,15,c14　犯人は逃げ,633134814094c6906c82cd93a682b000,426396,0x6819C,300000,0.3,27,0
com0l610,16,c15　メルウィブ,63313581408381838b83458342837500,427692,0x686AC,530000,0.53,4,0
com0l610,17,c16　斧刺さる,633136814095808e6882b382e9000000,427900,0x6877C,1500000,1.5,14,0
com0l610,18,c17　提督周囲を,633137814092f193c28efc88cd82f000,428540,0x689FC,1000000,1.0,9,12
com0l610,19,c18　見上げる聴,63313881408ca98fe382b082e992ae00,428972,0x68BAC,600000,0.6,36,8
com0l610,20,c19　握りこぶし,633139814088ac82e882b182d482b500,430876,0x6931C,2800000,2.8,19,8
com0l610,21,c20　海賊ポカン,63323081408a4391af837c834a839300,431532,0x695AC,900000,0.9,23,12
com0l610,22,c21　盛り上がる,633231814090b782e88fe382aa82e900,432748,0x69A6C,1000000,1.0,39,4
com0l610,23,c22　提督決めポ,633232814092f193c28c8882df837c00,434860,0x6A2AC,2500000,2.5,13,12
com0l610,24,c23　沸き立つ会,633233814095a682ab97a782c289ef00,435372,0x6A4AC,1400000,1.4,58,12
com0l610,25,c25　ヤシュトラ,63323581408384835683858367838900,438156,0x6AF8C,1600000,1.6,22,4
com0l610,26,10.5 耐えてもら,31302e352091cf82a682c482e082e700,438940,0x6B29C,700000,0.7,13,8
com0l610,27,ｃ24　帰る聴衆,8283323481408b4182e992ae8f4f0000,439484,0x6B4BC,1000000,1.0,40,8
com0l610,28,c8.5聴衆の反応,63382e3592ae8f4f82cc94bd899e0000,441548,0x6BCCC,500000,0.5,15,0
com0l610,29,c21.1 釣り,6332312e312092de82e8000000000000,442188,0x6BF4C,600000,0.6,15,12
com0l610,30,c21.2 鍛冶,6332312e3220926296e8000000000000,442940,0x6C23C,600000,0.6,13,12
com0l610,31,c21.3 調理,6332312e332092b2979d000000000000,443628,0x6C4EC,600000,0.6,18,0
com0l610,32,c23.5 旗,6332332e35208af80000000000000000,444540,0x6C87C,600000,0.6,3,12
com0u105,0,フォルダブロッ,83748348838b835f8375838d83620000,335892,0x52014,9000000,9.0,0,0
com0u105,1,setup,73657475700000000000000000000000,335956,0x52054,100000,0.1,26,4
com0u105,2,c01　pc歩く,6330318140706395e082ad0000000000,336932,0x52424,2500000,2.5,15,4
com0u105,3,c02　ウリエンジ,63303281408345838a83478393835700,337572,0x526A4,2400000,2.4,15,0
com0u105,4,c03　ウリエンジ,63303381408345838a83478393835700,338180,0x52904,1100000,1.1,7,12
com0u105,5,c04　ask,633034814061736b0000000000000000,338500,0x52A44,1300000,1.3,15,4
com0u105,6,c05　ウリエンジ,63303581408345838a83478393835700,339108,0x52CA4,1600000,1.6,17,8
com0u105,7,c06　ＰＣ構える,6330368140826f82628d5c82a682e900,339732,0x52F14,1500000,1.5,12,8
com0u105,8,c07　召喚,63303781408fa28aab00000000000000,340244,0x53114,1700000,1.7,14,4
com0u105,9,c08　モンス,63303881408382839383580000000000,340884,0x53394,1000000,1.0,7,8
com0u110,0,フォルダブロッ,83748348838b835f8375838d83620000,48176,0xBC30,9000000,9.0,0,0
com0u110,1,setup,73657475700000000000000000000000,48240,0xBC70,100000,0.1,31,12
com0u110,2,c01　サンクレッ,633031814083548393834e838c836200,49360,0xC0D0,1500000,1.5,12,0
com0u110,3,c02　サンクレッ,633032814083548393834e838c836200,49888,0xC2E0,1600000,1.6,16,8
com0u110,4,c03　俯瞰,633033814098ebe1d500000000000000,50512,0xC550,1350000,1.35,10,12
com0u110,5,c04　フィールド,633034814083748342815b838b836800,51056,0xC770,700000,0.7,15,8
com0u110,6,c05　すれ違う,633035814082b782ea88e182a4000000,51632,0xC9B0,1300000,1.3,17,8
com0u110,7,c06　ＰＣアップ,6330368140826f826283418362837600,52256,0xCC20,1100000,1.1,8,12
com0u110,8,c07　にやり,633037814082c982e282e80000000000,52656,0xCDB0,3200000,3.2,21,0
com0u110,9,c08　遠景,633038814089938c6900000000000000,53600,0xD160,800000,0.8,8,0
com0u410,0,フォルダブロッ,83748348838b835f8375838d83620000,428984,0x68BB8,9000000,9.0,0,0
com0u410,1,setup,73657475700000000000000000000000,429048,0x68BF8,150000,0.15,44,0
com0u410,2,c01　受付俯瞰,63303181408ef3957498ebe1d5000000,430616,0x69218,1250000,1.25,12,8
com0u410,3,c02　受付驚く,63303281408ef395748bc182ad000000,431080,0x693E8,1250000,1.25,12,4
com0u410,4,c03　受付去る,63303381408ef395748b8e82e9000000,431608,0x695F8,550000,0.55,6,12
com0u410,5,c04　受付去る,63303481408ef395748b8e82e9000000,431960,0x69758,1200000,1.2,5,8
com0u410,6,c05　足音,633035814091ab89b900000000000000,432264,0x69888,1500000,1.5,16,0
com0u410,7,c06　階段降り,63303681408a4b92698d7e82e8000000,433048,0x69B98,700000,0.7,11,0
com0u410,8,c07　シドさま,63303781408356836882b382dc000000,433608,0x69DC8,850000,0.85,12,8
com0u410,9,c08　階段終わり,63303881408a4b92698f4982ed82e800,434232,0x6A038,1200000,1.2,26,8
com0u410,10,c09　異変あり,633039814088d995cf82a082e8000000,435416,0x6A4D8,3800000,3.8,35,12
com0u410,11,c10　まさか,633130814082dc82b382a90000000000,436792,0x6AA38,1800000,1.8,21,4
com0u410,12,c11　メテオ？,63313181408381836583498148000000,437688,0x6ADB8,1200000,1.2,14,4
com0u410,13,c12　シド去る,6331328140835683688b8e82e9000000,438472,0x6B0C8,2300000,2.3,24,0
com0u510,0,フォルダブロッ,83748348838b835f8375838d83620000,1184,0x4A0,9000000,9.0,0,0
com0u510,1,setup,73657475700000000000000000000000,1248,0x4E0,500000,0.5,27,4
com0u510,2,c01　,63303181400000000000000000000000,2336,0x920,1200000,1.2,18,8
com0u510,3,c02,63303200000000000000000000000000,3136,0xC40,400000,0.4,9,12
com0u510,4,c03,63303300000000000000000000000000,3600,0xE10,40000,0.04,9,4
com0u510,5,c04,63303400000000000000000000000000,4048,0xFD0,100000,0.1,13,8
com0u510,6,c05,63303500000000000000000000000000,4624,0x1210,1200000,1.2,9,12
com0u510,7,c06,63303600000000000000000000000000,5088,0x13E0,100000,0.1,10,8
com0u510,8,c07,63303700000000000000000000000000,5600,0x15E0,100000,0.1,17,0
com0u510,9,c08,63303800000000000000000000000000,6320,0x18B0,1000000,1.0,8,4
com0u510,10,c09,63303900000000000000000000000000,6768,0x1A70,1000000,1.0,11,4
com0u510,11,c10,63313000000000000000000000000000,7264,0x1C60,300000,0.3,11,8
com0u510,12,c11,63313100000000000000000000000000,7760,0x1E50,300000,0.3,10,0
com0u510,13,c12,63313200000000000000000000000000,8240,0x2030,600000,0.6,14,12
com0u510,14,c13,63313300000000000000000000000000,8864,0x22A0,1200000,1.2,14,12
com0u510,15,c14,63313400000000000000000000000000,9520,0x2530,800000,0.8,13,4
com0u510,16,c15,63313500000000000000000000000000,10144,0x27A0,3000000,3.0,19,12
com0u510,17,c16,63313600000000000000000000000000,11008,0x2B00,1000000,1.0,6,12
com0u510,18,c17,63313700000000000000000000000000,11376,0x2C70,1200000,1.2,3,0
com0u510,19,c18,63313800000000000000000000000000,11600,0x2D50,600000,0.6,21,12
com0u510,20,c19,63313900000000000000000000000000,12416,0x3080,100000,0.1,11,4
com0u510,21,c20,63323000000000000000000000000000,12848,0x3230,600000,0.6,10,0
com0u510,22,c21,63323100000000000000000000000000,13344,0x3420,1500000,1.5,7,0
com0u610,0,フォルダブロッ,83748348838b835f8375838d83620000,581544,0x8DFA8,9000000,9.0,0,0
com0u610,1,setup,73657475700000000000000000000000,581608,0x8DFE8,100000,0.1,136,4
com0u610,2,c01　演説前,6330318140898990e0914f0000000000,586616,0x8F378,1500000,1.5,20,4
com0u610,3,c02　,63303281400000000000000000000000,587320,0x8F638,1500000,1.5,55,8
com0u610,4,c03　,63303381400000000000000000000000,589000,0x8FCC8,1000000,1.0,20,0
com0u610,5,c04　,63303481400000000000000000000000,589800,0x8FFE8,1000000,1.0,29,8
com0u610,6,c05　,63303581400000000000000000000000,591080,0x904E8,1350000,1.35,8,0
com0u610,7,c06　演説開始,6330368140898990e08a4a8e6e000000,591480,0x90678,2400000,2.4,22,0
com0u610,8,c07　,63303781400000000000000000000000,592536,0x90A98,1000000,1.0,45,4
com0u610,9,c08　,63303881400000000000000000000000,594296,0x91178,450000,0.45,11,8
com0u610,10,c09　ダー！,6330398140835f815b81490000000000,594776,0x91358,850000,0.85,12,4
com0u610,11,c10　,63313081400000000000000000000000,595384,0x915B8,1000000,1.0,11,12
com0u610,12,c11　,63313181400000000000000000000000,595944,0x917E8,2500000,2.5,92,0
com0u610,13,c12　,63313281400000000000000000000000,599640,0x92658,750000,0.75,9,12
com0u610,14,c13　宣言,633133814090e98cbe00000000000000,600136,0x92848,1500000,1.5,16,4
com0u610,15,c14　,63313481400000000000000000000000,600792,0x92AD8,500000,0.5,10,4
com0u610,16,c15　,63313581400000000000000000000000,601416,0x92D48,2400000,2.4,34,4
com0u610,17,c16　,63313681400000000000000000000000,602872,0x932F8,800000,0.8,33,0
com0u610,18,c17　,63313781400000000000000000000000,604472,0x93938,850000,0.85,24,8
com0u610,19,c18　,63313881400000000000000000000000,605480,0x93D28,4300000,4.3,25,4
com0u610,20,c19　呼びかけ,63313981408cc482d182a982af000000,606344,0x94088,1100000,1.1,23,12
com0u610,21,c20　,63323081400000000000000000000000,607352,0x94478,1450000,1.45,33,8
com0u610,22,c21　,63323181400000000000000000000000,608856,0x94A58,650000,0.65,8,12
com0u610,23,c22　,63323281400000000000000000000000,609256,0x94BE8,600000,0.6,12,0
com0u610,24,c23　,63323381400000000000000000000000,609896,0x94E68,1000000,1.0,24,12
com0u610,25,c24　,63323481400000000000000000000000,611224,0x95398,1000000,1.0,7,12
com0u610,26,c25　,63323581400000000000000000000000,611656,0x95548,1350000,1.35,42,4
com0u610,27,c26　,63323681400000000000000000000000,613832,0x95DC8,1650000,1.65,61,0
com0u610,28,c27　,63323781400000000000000000000000,616632,0x968B8,1000000,1.0,14,12
com0u610,29,c28　,63323881400000000000000000000000,617240,0x96B18,2000000,2.0,13,12
com0u610,30,c29　サンクレッ,633239814083548393834e838c836200,617752,0x96D18,800000,0.8,45,0
com0u610,31,c30　,63333081400000000000000000000000,620168,0x97688,850000,0.85,27,0
com0u610,32,c31,63333100000000000000000000000000,621416,0x97B68,1800000,1.8,10,12
com0u610,33,c32,63333200000000000000000000000000,621976,0x97D98,1000000,1.0,30,12
com0u610,34,c33,63333300000000000000000000000000,623224,0x98278,1800000,1.8,70,8
com0u610,35,c09a　イエー,63303961814083438347815b00000000,625848,0x98CB8,650000,0.65,28,12
drg0j110,0,フォルダブロッ,83748348838b835f8375838d83620000,179020,0x2BB4C,9000000,9.0,0,0
drg0j110,1,setup,73657475700000000000000000000000,179084,0x2BB8C,300000,0.3,25,12
drg0j110,2,c01　,63303181400000000000000000000000,180028,0x2BF3C,600000,0.6,12,0
drg0j110,3,c02　,63303281400000000000000000000000,180508,0x2C11C,600000,0.6,7,4
drg0j110,4,c03　,63303381400000000000000000000000,180892,0x2C29C,400000,0.4,15,0
drg0j110,5,c04　,63303481400000000000000000000000,181676,0x2C5AC,1100000,1.1,61,0
drg0j110,6,c05　,63303581400000000000000000000000,184332,0x2D00C,250000,0.25,9,12
drg0j110,7,c06　,63303681400000000000000000000000,184828,0x2D1FC,450000,0.45,13,0
drg0j110,8,c07　,63303781400000000000000000000000,185500,0x2D49C,900000,0.9,12,12
drg0j110,9,c08　,63303881400000000000000000000000,186092,0x2D6EC,700000,0.7,14,4
drg0j110,10,c09　,63303981400000000000000000000000,186748,0x2D97C,900000,0.9,15,4
drg0j110,11,c10　,63313081400000000000000000000000,187404,0x2DC0C,850000,0.85,6,0
drg0j110,12,c11,63313100000000000000000000000000,187660,0x2DD0C,350000,0.35,7,0
drg0j110,13,c12,63313200000000000000000000000000,188012,0x2DE6C,600000,0.6,10,0
drg0j110,14,c13,63313300000000000000000000000000,188588,0x2E0AC,350000,0.35,12,12
drg0j110,15,c14,63313400000000000000000000000000,189148,0x2E2DC,2100000,2.1,13,4
drg0j410,0,フォルダブロッ,83748348838b835f8375838d83620000,14204,0x377C,9000000,9.0,0,0
drg0j410,1,setup,73657475700000000000000000000000,14268,0x37BC,100000,0.1,18,8
drg0j410,2,c01　,63303181400000000000000000000000,15052,0x3ACC,900000,0.9,15,8
drg0j410,3,c02　,63303281400000000000000000000000,15692,0x3D4C,900000,0.9,4,12
drg0j410,4,c03　,63303381400000000000000000000000,15916,0x3E2C,900000,0.9,7,0
drg0j410,5,c04　,63303481400000000000000000000000,16300,0x3FAC,600000,0.6,7,4
drg0j410,6,c05　,63303581400000000000000000000000,16652,0x410C,1700000,1.7,23,8
drg0j410,7,c06　,63303681400000000000000000000000,17644,0x44EC,1800000,1.8,30,12
drg0j410,8,c07　,63303781400000000000000000000000,18780,0x495C,1000000,1.0,10,0
drg0j410,9,c08　,63303881400000000000000000000000,19196,0x4AFC,1800000,1.8,18,12
drg0j410,10,c09　,63303981400000000000000000000000,19980,0x4E0C,1300000,1.3,15,8
drg0j410,11,c10　,63313081400000000000000000000000,20604,0x507C,900000,0.9,13,8
drg0j410,12,c11,63313100000000000000000000000000,21148,0x529C,900000,0.9,7,4
drg0j410,13,c12,63313200000000000000000000000000,21484,0x53EC,1200000,1.2,17,12
drg0j410,14,c13,63313300000000000000000000000000,22268,0x56FC,1800000,1.8,23,4
drg0j410,15,c14,63313400000000000000000000000000,23244,0x5ACC,2600000,2.6,23,12
drg0j410,16,c15,63313500000000000000000000000000,24172,0x5E6C,1500000,1.5,23,4
drg0j410,17,c16,63313600000000000000000000000000,25100,0x620C,700000,0.7,7,0
drg0j410,18,c17,63313700000000000000000000000000,25436,0x635C,450000,0.45,10,12
drg0j410,19,c18,63313800000000000000000000000000,25900,0x652C,450000,0.45,2,12
drg0j410,20,c19,63313900000000000000000000000000,26060,0x65CC,450000,0.45,2,12
drg0j410,21,c20,63323000000000000000000000000000,26220,0x666C,1800000,1.8,7,8
drg0j410,22,c21,63323100000000000000000000000000,26508,0x678C,1500000,1.5,6,8
drg0j410,23,c22,63323200000000000000000000000000,26780,0x689C,1200000,1.2,10,4
drg0j410,24,c23,63323300000000000000000000000000,27260,0x6A7C,1200000,1.2,9,0
drg0j410,25,c24,63323400000000000000000000000000,27724,0x6C4C,500000,0.5,7,4
drg0j410,26,c25,63323500000000000000000000000000,28028,0x6D7C,1200000,1.2,11,4
drg0j410,27,c26,63323600000000000000000000000000,28476,0x6F3C,1150000,1.15,16,4
drg0j410,28,c27,63323700000000000000000000000000,29052,0x717C,1500000,1.5,13,4
drg0j410,29,c28,63323800000000000000000000000000,29676,0x73EC,600000,0.6,0,0
drg0j610,0,フォルダブロッ,83748348838b835f8375838d83620000,72268,0x11A4C,9000000,9.0,0,0
drg0j610,1,setup,73657475700000000000000000000000,72332,0x11A8C,150000,0.15,25,12
drg0j610,2,c01　,63303181400000000000000000000000,73276,0x11E3C,1800000,1.8,20,4
drg0j610,3,c02　,63303281400000000000000000000000,74124,0x1218C,800000,0.8,7,12
drg0j610,4,c03　,63303381400000000000000000000000,74492,0x122FC,300000,0.3,7,12
drg0j610,5,c04　,63303481400000000000000000000000,74860,0x1246C,600000,0.6,13,8
drg0j610,6,c05　,63303581400000000000000000000000,75500,0x126EC,700000,0.7,8,0
drg0j610,7,c06,63303600000000000000000000000000,75868,0x1285C,300000,0.3,3,12
drg0j610,8,c07,63303700000000000000000000000000,76044,0x1290C,350000,0.35,13,0
drg0j610,9,c08,63303800000000000000000000000000,76668,0x12B7C,1700000,1.7,14,12
drg0j610,10,c09,63303900000000000000000000000000,77276,0x12DDC,700000,0.7,14,0
drg0j610,11,c10,63313000000000000000000000000000,78012,0x130BC,600000,0.6,12,8
drg0j610,12,c11,63313100000000000000000000000000,78556,0x132DC,600000,0.6,16,8
drg0j610,13,c12,63313200000000000000000000000000,79308,0x135CC,700000,0.7,9,8
drg0j610,14,c13,63313300000000000000000000000000,79660,0x1372C,550000,0.55,9,8
drg0j610,15,c14,63313400000000000000000000000000,80012,0x1388C,800000,0.8,11,12
drg0j610,16,c15,63313500000000000000000000000000,80476,0x13A5C,350000,0.35,5,0
drg0j610,17,c16,63313600000000000000000000000000,80732,0x13B5C,200000,0.2,4,8
drg0j610,18,c17,63313700000000000000000000000000,80956,0x13C3C,700000,0.7,11,12
drg0j610,19,c18,63313800000000000000000000000000,81436,0x13E1C,1800000,1.8,24,4
drg0j610,20,c19,63313900000000000000000000000000,82524,0x1425C,800000,0.8,12,4
drg0j610,21,c20,63323000000000000000000000000000,83052,0x1446C,1000000,1.0,16,12
drg0j610,22,c21,63323100000000000000000000000000,83772,0x1473C,1050000,1.05,13,12
drg0j610,23,c22,63323200000000000000000000000000,84412,0x149BC,600000,0.6,11,4
drg0j610,24,c17a,63313761000000000000000000000000,84876,0x14B8C,800000,0.8,13,8
drg0j620,0,フォルダブロッ,83748348838b835f8375838d83620000,1107676,0x10E6DC,9000000,9.0,0,0
drg0j620,1,setup,73657475700000000000000000000000,1107740,0x10E71C,150000,0.15,37,8
drg0j620,2,c01　,63303181400000000000000000000000,1109084,0x10EC5C,900000,0.9,24,8
drg0j620,3,c02　,63303281400000000000000000000000,1110092,0x10F04C,400000,0.4,5,12
drg0j620,4,c03　,63303381400000000000000000000000,1110348,0x10F14C,500000,0.5,9,4
drg0j620,5,c04　,63303481400000000000000000000000,1110732,0x10F2CC,700000,0.7,17,8
drg0j620,6,c05,63303500000000000000000000000000,1111388,0x10F55C,600000,0.6,14,0
drg0j620,7,c06,63303600000000000000000000000000,1111964,0x10F79C,1100000,1.1,14,0
drg0j620,8,c07,63303700000000000000000000000000,1112636,0x10FA3C,600000,0.6,10,8
drg0j620,9,c08,63303800000000000000000000000000,1113148,0x10FC3C,600000,0.6,10,12
drg0j620,10,c09,63303900000000000000000000000000,1113628,0x10FE1C,300000,0.3,7,12
drg0j620,11,c10,63313000000000000000000000000000,1114060,0x10FFCC,1000000,1.0,7,0
drg0j620,12,c11,63313100000000000000000000000000,1114396,0x11011C,400000,0.4,5,8
drg0j620,13,c12,63313200000000000000000000000000,1114684,0x11023C,600000,0.6,3,0
drg0j620,14,c13,63313300000000000000000000000000,1114876,0x1102FC,1700000,1.7,17,4
drg0j620,15,c14,63313400000000000000000000000000,1115660,0x11060C,300000,0.3,2,12
drg0j620,16,c15,63313500000000000000000000000000,1115820,0x1106AC,900000,0.9,7,0
drg0j620,17,c16,63313600000000000000000000000000,1116204,0x11082C,600000,0.6,13,4
drg0j620,18,c17,63313700000000000000000000000000,1116732,0x110A3C,600000,0.6,14,0
drg0j620,19,c18,63313800000000000000000000000000,1117468,0x110D1C,1200000,1.2,13,0
drg0j620,20,c19,63313900000000000000000000000000,1118044,0x110F5C,300000,0.3,17,0
drg0j620,21,c20,63323000000000000000000000000000,1118844,0x11127C,900000,0.9,12,4
drg0j620,22,c21,63323100000000000000000000000000,1119356,0x11147C,450000,0.45,5,0
drg0j620,23,c22,63323200000000000000000000000000,1119660,0x1115AC,700000,0.7,8,0
drg0j620,24,c23,63323300000000000000000000000000,1120028,0x11171C,1800000,1.8,12,8
drg0j620,25,c24,63323400000000000000000000000000,1120524,0x11190C,300000,0.3,4,12
drg0j620,26,c25,63323500000000000000000000000000,1120780,0x111A0C,600000,0.6,12,4
drg0j620,27,c26,63323600000000000000000000000000,1121340,0x111C3C,900000,0.9,6,0
drg0j620,28,c27,63323700000000000000000000000000,1121612,0x111D4C,900000,0.9,5,8
drg0j620,29,c28,63323800000000000000000000000000,1121900,0x111E6C,900000,0.9,10,4
drg0j620,30,c29,63323900000000000000000000000000,1122380,0x11204C,1900000,1.9,16,8
drg0j620,31,c30,63333000000000000000000000000000,1123148,0x11234C,950000,0.95,17,12
drg0j620,32,c31,63333100000000000000000000000000,1124028,0x1126BC,2000000,2.0,28,8
drg0j620,33,c32,63333200000000000000000000000000,1125276,0x112B9C,1800000,1.8,9,0
drg0j620,34,c33,63333300000000000000000000000000,1125708,0x112D4C,500000,0.5,20,0
drg0j620,35,c34,63333400000000000000000000000000,1126556,0x11309C,1200000,1.2,6,12
drg0j620,36,c35,63333500000000000000000000000000,1126860,0x1131CC,300000,0.3,5,4
drg0j620,37,c36,63333600000000000000000000000000,1127132,0x1132DC,300000,0.3,1,0
drg0j620,38,c37,63333700000000000000000000000000,1127228,0x11333C,350000,0.35,12,0
drg0j620,39,c38,63333800000000000000000000000000,1127772,0x11355C,450000,0.45,11,8
drg0j620,40,c39,63333900000000000000000000000000,1128236,0x11372C,600000,0.6,9,8
elv0l01a,0,フォルダブロッ,83748348838b835f8375838d83620000,1184,0x4A0,9000000,9.0,0,0
elv0l01a,1,setup,73657475700000000000000000000000,1248,0x4E0,200000,0.2,23,12
elv0l01a,2,c01　UP,63303181405550000000000000000000,2112,0x840,2100000,2.1,10,0
elv0l01a,3,c03　UP,63303381405550000000000000000000,2464,0x9A0,2500000,2.5,14,8
elv0l01a,4,SetUp2,53657455703200000000000000000000,2992,0xBB0,100000,0.1,7,8
elv0l02a,0,フォルダブロッ,83748348838b835f8375838d83620000,1184,0x4A0,9000000,9.0,0,0
elv0l02a,1,setup,73657475700000000000000000000000,1248,0x4E0,200000,0.2,23,12
elv0l02a,2,c01　2FUP,63303181403246555000000000000000,2112,0x840,2100000,2.1,11,0
elv0l02a,3,c03　ALARRIVE,6330338140414c415252495645000000,2528,0x9E0,2700000,2.7,13,12
elv0l02a,4,SetUp2,53657455703200000000000000000000,3024,0xBD0,100000,0.1,8,4
elv0l110,0,フォルダブロッ,83748348838b835f8375838d83620000,928,0x3A0,9000000,9.0,0,0
elv0l110,1,setup,73657475700000000000000000000000,992,0x3E0,200000,0.2,14,4
elv0l110,2,c01　乗りな,63303181408fe682e882c80000000000,1600,0x640,1550000,1.55,11,4
elv0l110,3,c02　UP,63303281405550000000000000000000,2016,0x7E0,1100000,1.1,1,4
elv0l110,4,c03　UP,63303381405550000000000000000000,2112,0x840,3600000,3.6,18,4
elv0u01a,0,フォルダブロッ,83748348838b835f8375838d83620000,912,0x390,9000000,9.0,0,0
elv0u01a,1,setup,73657475700000000000000000000000,976,0x3D0,250000,0.25,13,0
elv0u01a,2,c01　UP,63303181405550000000000000000000,1568,0x620,2200000,2.2,10,0
elv0u01a,3,c02　UP,63303281405550000000000000000000,1920,0x780,3300000,3.3,6,8
elv0u01a,4,SetUp2,53657455703200000000000000000000,2192,0x890,250000,0.25,4,0
elv0u02a,0,フォルダブロッ,83748348838b835f8375838d83620000,912,0x390,9000000,9.0,0,0
elv0u02a,1,setup,73657475700000000000000000000000,976,0x3D0,200000,0.2,13,0
elv0u02a,2,c01　UP,63303181405550000000000000000000,1568,0x620,2200000,2.2,10,0
elv0u02a,3,c02　UP,63303281405550000000000000000000,1920,0x780,3300000,3.3,6,8
elv0u02a,4,SetUp2,53657455703200000000000000000000,2192,0x890,250000,0.25,4,0
gc01g210,0,フォルダブロッ,83748348838b835f8375838d83620000,752012,0xB798C,9000000,9.0,0,0
gc01g210,1,setup,73657475700000000000000000000000,752076,0xB79CC,40000,0.04,65,4
gc01g210,2,test,74657374000000000000000000000000,754620,0xB83BC,1000000,1.0,1,0
gc01g210,3,c01　月,63303181408c8e000000000000000000,754716,0xB841C,1000000,1.0,13,4
gc01g210,4,c02　空を見てい,63303281408bf382f08ca982c482a200,755292,0xB865C,1400000,1.4,9,4
gc01g210,5,c03将軍発見,6330338fab8c5294ad8ca90000000000,755804,0xB885C,2000000,2.0,4,4
gc01g210,6,c04　のぞき見,633034814082cc82bc82ab8ca9000000,755996,0xB891C,1000000,1.0,6,8
gc01g210,7,ｃ０５　黒語る,8283824f825481408d958cea82e90000,756332,0xB8A6C,3900000,3.9,15,8
gc01g210,8,c06　腕を組む黒,6330368140987282f0916782de8d9500,756988,0xB8CFC,1050000,1.05,9,8
gc01g210,9,c07 笑う白,633037208fce82a49492000000000000,757340,0xB8E5C,4360000,4.36,17,8
gc01g210,10,c08 白おおげさ,63303820949282a882a882b082b30000,757996,0xB90EC,6100000,6.1,18,12
gc01g210,11,c09　黒無視,63303981408d9596b38e8b0000000000,758732,0xB93CC,900000,0.9,15,12
gc01g210,12,c10　VFX飛空艇,633130814056465894f28bf392f80000,759468,0xB96AC,600000,0.6,15,12
gc01g210,13,c11　白語る,633131814094928cea82e90000000000,760060,0xB98FC,4010000,4.01,13,8
gc01g210,14,c12　VFX:手をか,63313281405646583a8ee882f082a900,760540,0xB9ADC,2700000,2.7,21,0
gc01g210,15,c13　手を下ろす,63313381408ee882f089ba82eb82b700,761340,0xB9DFC,1000000,1.0,23,0
gc01g210,16,c14　考える白,63313481408d6c82a682e99492000000,762076,0xBA0DC,3200000,3.2,15,8
gc01g210,17,c15 続ける黒,6331352091b182af82e98d9500000000,762700,0xBA34C,700000,0.7,18,12
gc01g210,18,c16　PC,63313681405043000000000000000000,763452,0xBA63C,500000,0.5,4,0
gc01g210,19,c17　VFX消える,63313781405646588fc182a682e90000,763740,0xBA75C,1010000,1.01,15,0
gc01g210,20,c18　VFX背後に,633138814056465894778ce382c90000,764460,0xBAA2C,950000,0.95,10,12
gc01g210,21,c20 振りかぶる,63323020905582e882a982d482e90000,764876,0xBABCC,950000,0.95,8,8
gc01g210,22,ｃ２１　ギャー,8283825182508140834d8383815b0000,765260,0xBAD4C,1000000,1.0,7,12
gc01g210,23,SetUp2,53657455703200000000000000000000,765580,0xBAE8C,10000,0.01,1,4
gc01g210,24,c17.5 驚く,6331372e35208bc182ad000000000000,765676,0xBAEEC,300000,0.3,8,12
gc01l210,0,フォルダブロッ,83748348838b835f8375838d83620000,1140008,0x116528,9000000,9.0,0,0
gc01l210,1,setup,73657475700000000000000000000000,1140072,0x116568,60000,0.06,48,12
gc01l210,2,c01：SE,63303181465345000000000000000000,1141880,0x116C78,1300000,1.3,12,8
gc01l210,3,c02：VFX,63303281465646580000000000000000,1142408,0x116E88,900000,0.9,13,12
gc01l210,4,c03：,63303381460000000000000000000000,1143064,0x117118,1200000,1.2,9,8
gc01l210,5,c04：,63303481460000000000000000000000,1143528,0x1172E8,1200000,1.2,6,8
gc01l210,6,c08：台詞/SE,633038814691e48e8c2f534500000000,1143912,0x117468,3000000,3.0,18,0
gc01l210,7,c09：SE,63303981465345000000000000000000,1144584,0x117708,200000,0.2,17,12
gc01l210,8,c10：台詞/SE,633130814691e48e8c2f534500000000,1145288,0x1179C8,1300000,1.3,23,0
gc01l210,9,c11：台詞,633131814691e48e8c00000000000000,1146328,0x117DD8,1500000,1.5,47,12
gc01l210,10,c12：台詞,633132814691e48e8c00000000000000,1148216,0x118538,1200000,1.2,18,0
gc01l210,11,c13：台詞/SE,633133814691e48e8c2f534500000000,1148920,0x1187F8,1800000,1.8,20,12
gc01l210,12,c14：台詞,633134814691e48e8c00000000000000,1149896,0x118BC8,900000,0.9,18,12
gc01l210,13,c15：台詞/SE,633135814691e48e8c2f534500000000,1150552,0x118E58,90000,0.09,20,0
gc01l210,14,c16：台詞,633136814691e48e8c00000000000000,1151352,0x119178,900000,0.9,20,8
gc01l210,15,c17：,63313781460000000000000000000000,1152248,0x1194F8,300000,0.3,20,8
gc01l210,16,c18：台詞,633138814691e48e8c00000000000000,1153096,0x119848,1400000,1.4,21,4
gc01l210,17,c19：台詞,633139814691e48e8c00000000000000,1153912,0x119B78,1300000,1.3,23,12
gc01l210,18,c20：台詞,633230814691e48e8c00000000000000,1154920,0x119F68,1500000,1.5,25,4
gc01l210,19,c21：台詞,633231814691e48e8c00000000000000,1155864,0x11A318,1600000,1.6,30,8
gc01l210,20,c22：,63323281460000000000000000000000,1156968,0x11A768,1000000,1.0,11,8
gc01l210,21,c23：SE/VFX,633233814653452f5646580000000000,1157496,0x11A978,600000,0.6,13,8
gc01l210,22,c24：SE/VFX,633234814653452f5646580000000000,1158120,0x11ABE8,800000,0.8,16,12
gc01l210,23,c25：,63323581460000000000000000000000,1158872,0x11AED8,1000000,1.0,16,0
gc01l210,24,ｃ26：台詞,82833236814691e48e8c000000000000,1159624,0x11B1C8,3750000,3.75,26,12
gc01l210,25,c05：SE,63303581465345000000000000000000,1160760,0x11B638,500000,0.5,22,8
gc01l210,26,c06：SE/VFX,633036814653452f5646580000000000,1161688,0x11B9D8,750000,0.75,19,12
gc01l210,27,c07：SE/VFX,633037814653452f5646580000000000,1162376,0x11BC88,1600000,1.6,26,4
gc01u210,0,フォルダブロッ,83748348838b835f8375838d83620000,1559856,0x17CD30,9000000,9.0,0,0
gc01u210,1,setup,73657475700000000000000000000000,1559920,0x17CD70,250000,0.25,47,4
gc01u210,2,c01　過去IN,633031814089df8b8e494e0000000000,1561648,0x17D430,2100000,2.1,18,4
gc01u210,3,c02　シド見つか,6330328140835683688ca982c282a900,1562672,0x17D830,3600000,3.6,30,12
gc01u210,4,c03　白くる,6330338140949282ad82e90000000000,1563792,0x17DC90,1800000,1.8,12,4
gc01u210,5,c04　アラグ,633034814083418389834f0000000000,1564256,0x17DE60,500000,0.5,5,0
gc01u210,6,c05　アラグ…,633035814083418389834f8163000000,1564496,0x17DF50,500000,0.5,6,4
gc01u210,7,c06　メテオやん,633036814083818365834982e282f100,1564768,0x17E060,600000,0.6,9,8
gc01u210,8,c07　シドパパ,63303781408356836883708370000000,1565136,0x17E1D0,1700000,1.7,17,0
gc01u210,9,c08　メテオ実験,63303881408381836583498ec08cb100,1565792,0x17E460,1200000,1.2,8,0
gc01u210,10,c09　神の裁き,6330398140905f82cc8dd982ab000000,1566128,0x17E5B0,2000000,2.0,9,0
gc01u210,11,c10　おいおい,633130814082a882a282a882a2000000,1566480,0x17E710,3000000,3.0,14,12
gc01u210,12,c11　ざけんな,633131814082b482af82f182c8000000,1566992,0x17E910,2500000,2.5,16,0
gc01u210,13,c12　失望,63313281408eb8965d00000000000000,1567600,0x17EB70,4220000,4.22,26,8
gc01u210,14,c13　やべっ,633133814082e282d782c10000000000,1568480,0x17EEE0,400000,0.4,8,4
gc01u210,15,c14　浄化スキー,63313481408ff289bb8358834c815b00,1568864,0x17F060,1480000,1.48,15,0
gc01u210,16,c15　攻撃,63313581408d558c8200000000000000,1569472,0x17F2C0,660000,0.66,9,4
gc01u210,17,c16　シド吹っ飛,633136814083568368908182c194f200,1569968,0x17F4B0,450000,0.45,9,4
gc01u210,18,c17　アンカー投,633137814083418393834a815b938a00,1570448,0x17F690,300000,0.3,7,0
gc01u210,19,c18　アンカー刺,633138814083418393834a815b8e6800,1570832,0x17F810,600000,0.6,7,12
gc01u210,20,c19　見下ろす,63313981408ca989ba82eb82b7000000,1571136,0x17F940,2000000,2.0,21,12
gc01u210,21,c20　俯瞰,633230814098ebe1d500000000000000,1572048,0x17FCD0,1000000,1.0,6,0
gc01u210,22,c21　死亡確認！,63323181408e8096538a6d9446814900,1572368,0x17FE10,2100000,2.1,11,8
gc01u210,23,c22　ムックリ,633232814083808362834e838a000000,1572896,0x180020,1600000,1.6,8,12
gc01u210,24,c02a　白ナメ,63303261814094928369838100000000,1573376,0x180200,600000,0.6,5,4
gc01u210,25,c01a　帝国兵？,63303161814092e98d9195ba81480000,1573680,0x180330,550000,0.55,14,8
gc01u210,26,c01b　PC隠れる,6330316281405043894282ea82e90000,1574320,0x1805B0,550000,0.55,18,0
gc01u210,27,SetUp2,53657455703200000000000000000000,1575216,0x180930,10000,0.01,1,4
gc01u210,28,c23　やれやれ,633233814082e282ea82e282ea000000,1575312,0x180990,2300000,2.3,18,4
gc01u210,29,c16a　PCビック,633136618140504383728362834e0000,1576288,0x180D60,200000,0.2,3,0
mnk0j110,0,フォルダブロッ,83748348838b835f8375838d83620000,732232,0xB2C48,9000000,9.0,0,0
mnk0j110,1,setup,73657475700000000000000000000000,732296,0xB2C88,290000,0.29,41,0
mnk0j110,2,nq_Bout,6e715f426f7574000000000000000000,733720,0xB3218,750000,0.75,11,12
mnk0j110,3,nq_001,6e715f30303100000000000000000000,734280,0xB3448,11150000,11.15,82,0
mnk0j110,4,nq_002,6e715f30303200000000000000000000,737992,0xB42C8,34900000,34.9,201,0
mnk0j110,5,fo,666f0000000000000000000000000000,746280,0xB6328,550000,0.55,1,4
mnk0j310,0,フォルダブロッ,83748348838b835f8375838d83620000,1072,0x430,9000000,9.0,0,0
mnk0j310,1,setup,73657475700000000000000000000000,1136,0x470,290000,0.29,35,0
mnk0j310,2,n_01-15,6e5f30312d3135000000000000000000,2496,0x9C0,28400000,28.4,161,12
mnk0j310,3,c001,63303031000000000000000000000000,9280,0x2440,2400000,2.4,11,12
mnk0j610,0,フォルダブロッ,83748348838b835f8375838d83620000,447372,0x6D38C,9000000,9.0,0,0
mnk0j610,1,setup,73657475700000000000000000000000,447436,0x6D3CC,200000,0.2,93,4
mnk0j610,2,01x,30317800000000000000000000000000,450460,0x6DF9C,700000,0.7,18,12
mnk0j610,3,02x,30327800000000000000000000000000,451148,0x6E24C,1200000,1.2,5,8
mnk0j610,4,03x,30337800000000000000000000000000,451452,0x6E37C,1000000,1.0,15,8
mnk0j610,5,03y,30337900000000000000000000000000,452060,0x6E5DC,900000,0.9,23,12
mnk0j610,6,03z,30337a00000000000000000000000000,453084,0x6E9DC,1200000,1.2,9,8
mnk0j610,7,04w,30347700000000000000000000000000,453564,0x6EBBC,750000,0.75,8,0
mnk0j610,8,04y,30347900000000000000000000000000,454300,0x6EE9C,750000,0.75,9,12
mnk0j610,9,04z,30347a00000000000000000000000000,454780,0x6F07C,600000,0.6,33,8
mnk0j610,10,05w,30357700000000000000000000000000,456476,0x6F71C,1000000,1.0,23,8
mnk0j610,11,05x,30357800000000000000000000000000,457260,0x6FA2C,1300000,1.3,11,0
mnk0j610,12,05y,30357900000000000000000000000000,458028,0x6FD2C,1000000,1.0,7,8
mnk0j610,13,05z,30357a00000000000000000000000000,458428,0x6FEBC,950000,0.95,4,0
mnk0j610,14,06x,30367800000000000000000000000000,458700,0x6FFCC,1250000,1.25,20,4
mnk0j610,15,07x,30377800000000000000000000000000,459532,0x7030C,900000,0.9,6,12
mnk0j610,16,08x,30387800000000000000000000000000,459884,0x7046C,1620000,1.62,9,4
mnk0j610,17,08y,30387900000000000000000000000000,460348,0x7063C,1600000,1.6,9,0
mnk0j610,18,08z,30387a00000000000000000000000000,460780,0x707EC,1800000,1.8,12,12
mnk0j610,19,09x,30397800000000000000000000000000,461308,0x709FC,1330000,1.33,6,4
mnk0j610,20,09y,30397900000000000000000000000000,461612,0x70B2C,1380000,1.38,4,0
mnk0j610,21,09z,30397a00000000000000000000000000,461884,0x70C3C,850000,0.85,9,8
mnk0j610,22,10x,31307800000000000000000000000000,462348,0x70E0C,1200000,1.2,4,0
mnk0j610,23,10y,31307900000000000000000000000000,462620,0x70F1C,450000,0.45,4,0
mnk0j610,24,10z,31307a00000000000000000000000000,462892,0x7102C,1050000,1.05,10,8
mnk0j610,25,11x,31317800000000000000000000000000,463452,0x7125C,880000,0.88,9,8
mnk0j610,26,11y,31317900000000000000000000000000,463900,0x7141C,500000,0.5,24,4
mnk0j610,27,11z,31317a00000000000000000000000000,464956,0x7183C,750000,0.75,12,8
mnk0j610,28,12x,31327800000000000000000000000000,465596,0x71ABC,470000,0.47,21,12
mnk0j610,29,12y,31327900000000000000000000000000,466588,0x71E9C,500000,0.5,22,8
mnk0j610,30,12z,31327a00000000000000000000000000,467644,0x722BC,700000,0.7,35,12
mnk0j610,31,13w,31337700000000000000000000000000,469276,0x7291C,1500000,1.5,22,12
mnk0j610,32,13x,31337800000000000000000000000000,470348,0x72D4C,1900000,1.9,26,12
mnk0j610,33,13z,31337a00000000000000000000000000,471420,0x7317C,1300000,1.3,23,12
mnk0j610,34,14w,31347700000000000000000000000000,472396,0x7354C,1250000,1.25,12,4
mnk0j610,35,14x,31347800000000000000000000000000,473084,0x737FC,650000,0.65,11,8
mnk0j610,36,14y,31347900000000000000000000000000,473724,0x73A7C,600000,0.6,26,12
mnk0j610,37,15w,31357700000000000000000000000000,475036,0x73F9C,3100000,3.1,51,4
mnk0j610,38,15x,31357800000000000000000000000000,477516,0x7494C,900000,0.9,6,8
mnk0j610,39,15y,31357900000000000000000000000000,477932,0x74AEC,850000,0.85,18,8
mnk0j610,40,14z,31347a00000000000000000000000000,479148,0x74FAC,1100000,1.1,11,4
mnk0j620,0,フォルダブロッ,83748348838b835f8375838d83620000,567876,0x8AA44,9000000,9.0,0,0
mnk0j620,1,setup,73657475700000000000000000000000,567940,0x8AA84,140000,0.14,37,4
mnk0j620,2,n_01-11,6e5f30312d3131000000000000000000,569332,0x8AFF4,14100000,14.1,123,12
mnk0j620,3,n_12-,6e5f31322d0000000000000000000000,574516,0x8C434,31350000,31.35,221,12
mnk0j620,4,w_out,775f6f75740000000000000000000000,583044,0x8E584,900000,0.9,20,12
mnk0j620,5,fo,666f0000000000000000000000000000,583892,0x8E8D4,700000,0.7,1,4
pld0j110,0,フォルダブロッ,83748348838b835f8375838d83620000,1104,0x450,9000000,9.0,0,0
pld0j110,1,setup,73657475700000000000000000000000,1168,0x490,300000,0.3,31,4
pld0j110,2,c01,63303100000000000000000000000000,2368,0x940,1500000,1.5,9,0
pld0j110,3,c02,63303200000000000000000000000000,2800,0xAF0,3550000,3.55,22,4
pld0j110,4,c03,63303300000000000000000000000000,3696,0xE70,900000,0.9,23,0
pld0j110,5,c04,63303400000000000000000000000000,4592,0x11F0,700000,0.7,3,0
pld0j110,6,c05,63303500000000000000000000000000,4784,0x12B0,1100000,1.1,17,12
pld0j110,7,c06,63303600000000000000000000000000,5504,0x1580,1200000,1.2,12,4
pld0j110,8,c07,63303700000000000000000000000000,6192,0x1830,1200000,1.2,14,12
pld0j110,9,//c10,2f2f6331300000000000000000000000,6992,0x1B50,1700000,1.7,22,4
pld0j110,10,c08,63303800000000000000000000000000,8048,0x1F70,600000,0.6,10,8
pld0j110,11,c09,63303900000000000000000000000000,8560,0x2170,590000,0.59,28,4
pld0j110,12,c10,63313000000000000000000000000000,9680,0x25D0,3470000,3.47,39,4
pld0j510,0,フォルダブロッ,83748348838b835f8375838d83620000,75468,0x126CC,9000000,9.0,0,0
pld0j510,1,setup,73657475700000000000000000000000,75532,0x1270C,40000,0.04,49,12
pld0j510,2,c01,63303100000000000000000000000000,77356,0x12E2C,1200000,1.2,15,0
pld0j510,3,c03,63303300000000000000000000000000,77932,0x1306C,900000,0.9,13,8
pld0j510,4,c05,63303500000000000000000000000000,78460,0x1327C,400000,0.4,15,0
pld0j510,5,c06,63303600000000000000000000000000,79052,0x134CC,800000,0.8,16,4
pld0j510,6,c07,63303700000000000000000000000000,79740,0x1377C,900000,0.9,15,0
pld0j510,7,c08,63303800000000000000000000000000,80284,0x1399C,2000000,2.0,18,4
pld0j510,8,c09,63303900000000000000000000000000,81116,0x13CDC,350000,0.35,12,0
pld0j510,9,c10,63313000000000000000000000000000,81660,0x13EFC,200000,0.2,13,4
pld0j510,10,c11,63313100000000000000000000000000,82220,0x1412C,400000,0.4,10,12
pld0j510,11,c12,63313200000000000000000000000000,82620,0x142BC,1000000,1.0,22,0
pld0j510,12,c13,63313300000000000000000000000000,83532,0x1464C,3300000,3.3,41,12
pld0j510,13,c14,63313400000000000000000000000000,85084,0x14C5C,1100000,1.1,16,12
pld0j510,14,c15,63313500000000000000000000000000,85724,0x14EDC,650000,0.65,20,4
pld0j510,15,c16,63313600000000000000000000000000,86556,0x1521C,1400000,1.4,19,8
pld0j510,16,c02,63303200000000000000000000000000,87436,0x1558C,2100000,2.1,20,0
pld0j510,17,c08.5,6330382e350000000000000000000000,88172,0x1586C,140000,0.14,14,4
pld0j520,0,フォルダブロッ,83748348838b835f8375838d83620000,443140,0x6C304,9000000,9.0,0,0
pld0j520,1,setup,73657475700000000000000000000000,443204,0x6C344,300000,0.3,77,8
pld0j520,2,c01_PJ,6330315f504a00000000000000000000,445940,0x6CDF4,1800000,1.8,26,0
pld0j520,3,c02_PJ：台詞,6330325f504a814691e48e8c00000000,446996,0x6D214,1800000,1.8,18,4
pld0j520,4,c03_A視線,6330335f418e8b90fc00000000000000,447748,0x6D504,1200000,1.2,26,8
pld0j520,5,c04_A弓矢,6330345f418b7c96ee00000000000000,449012,0x6D9F4,720000,0.72,24,12
pld0j520,6,c05_A矢,6330355f4196ee000000000000000000,450228,0x6DEB4,400000,0.4,19,4
pld0j520,7,c06_S盾,6330365f538f82000000000000000000,451124,0x6E234,450000,0.45,17,8
pld0j520,8,c07_Pハッ,6330375f50836e836200000000000000,451908,0x6E544,200000,0.2,27,12
pld0j520,9,c08_Jハッ,6330385f4a836e836200000000000000,453060,0x6E9C4,150000,0.15,14,4
pld0j520,10,c09_Sドヤ,6330395f538368838400000000000000,453700,0x6EC44,1400000,1.4,24,4
pld0j520,11,c10_A後下,6331305f418ce389ba00000000000000,454788,0x6F084,600000,0.6,21,4
pld0j520,12,c11_A去る,6331315f418b8e82e900000000000000,455716,0x6F424,1500000,1.5,20,8
pld0j520,13,c12_SJ台詞,6331325f534a91e48e8c000000000000,456580,0x6F784,850000,0.85,20,8
pld0j520,14,c14_SJ台詞,6331345f534a91e48e8c000000000000,457476,0x6FB04,500000,0.5,25,8
pld0j520,15,c15_死体,6331355f8e8091cc0000000000000000,458452,0x6FED4,900000,0.9,17,8
pld0j520,16,c16_J台詞,6331365f4a91e48e8c00000000000000,459124,0x70174,400000,0.4,21,12
pld0j520,17,c17_S台詞,6331375f5391e48e8c00000000000000,459988,0x704D4,2100000,2.1,29,12
pld0j520,18,c18_S台詞,6331385f5391e48e8c00000000000000,461172,0x70974,340000,0.34,24,4
pld0j520,19,c19_P,6331395f500000000000000000000000,462132,0x70D34,1000000,1.0,14,0
pld0j520,20,c20_S台詞,6332305f5391e48e8c00000000000000,462868,0x71014,350000,0.35,21,8
pld0j520,21,c21_S台詞,6332315f5391e48e8c00000000000000,463732,0x71374,1400000,1.4,21,8
pld0j520,22,c13_SJ台詞,6331335f534a91e48e8c000000000000,464692,0x71734,500000,0.5,20,12
pld0j520,23,Block100,426c6f636b3130300000000000000000,465524,0x71A74,1000000,1.0,8,8
pld0j610,0,フォルダブロッ,83748348838b835f8375838d83620000,705620,0xAC454,9000000,9.0,0,0
pld0j610,1,setup,73657475700000000000000000000000,705684,0xAC494,600000,0.6,82,12
pld0j610,2,c04:貴方まで！,6330343a8b4d95fb82dc82c581490000,708820,0xAD0D4,1400000,1.4,34,0
pld0j610,3,c05:ソルクザギ,6330353a835c838b834e8355834d0000,710404,0xAD704,1000000,1.0,21,8
pld0j610,4,c06:それでも来,6330363a82bb82ea82c582e097880000,711428,0xADB04,1000000,1.0,20,8
pld0j610,5,c07:良心に史実,6330373a97c7905382c98e6a8ec00000,712388,0xADEC4,2640000,2.64,47,12
pld0j610,6,c08;抜刀！,6330383b94b293818149000000000000,714356,0xAE674,500000,0.5,17,4
pld0j610,7,c09:さあ誇り高,6330393a82b382a08cd682e88d820000,715140,0xAE984,2300000,2.3,36,4
pld0j610,8,c01:敵の威嚇,6330313a934782cc88d08a6400000000,716884,0xAF054,880000,0.88,20,0
pld0j610,9,c02:囲まれ～気,6330323a88cd82dc82ea81608b430000,717684,0xAF374,2300000,2.3,25,4
pld0j610,10,c03:PC,6330333a504300000000000000000000,718804,0xAF7D4,800000,0.8,20,4
pld0j610,11,c10:モンスター,6331303a838283938358835e815b0000,719732,0xAFB74,1100000,1.1,17,8
pld0j620,0,フォルダブロッ,83748348838b835f8375838d83620000,118664,0x1CF88,9000000,9.0,0,0
pld0j620,1,setup,73657475700000000000000000000000,118728,0x1CFC8,100000,0.1,35,8
pld0j620,2,c01　,63303181400000000000000000000000,119992,0x1D4B8,2100000,2.1,30,12
pld0j620,3,c02　,63303281400000000000000000000000,121208,0x1D978,900000,0.9,22,4
pld0j620,4,c03　,63303381400000000000000000000000,122232,0x1DD78,600000,0.6,13,0
pld0j620,5,c04　,63303481400000000000000000000000,122872,0x1DFF8,900000,0.9,13,8
pld0j620,6,c05　,63303581400000000000000000000000,123464,0x1E248,700000,0.7,10,4
pld0j620,7,c06　,63303681400000000000000000000000,123912,0x1E408,1350000,1.35,20,12
pld0j620,8,c07　,63303781400000000000000000000000,124776,0x1E768,1200000,1.2,15,0
pld0j620,9,c08　,63303881400000000000000000000000,125384,0x1E9C8,1400000,1.4,19,4
pld0j620,10,c09　,63303981400000000000000000000000,126232,0x1ED18,1500000,1.5,15,0
pld0j620,11,c10　,63313081400000000000000000000000,126840,0x1EF78,1100000,1.1,25,0
pld0j620,12,c11　,63313181400000000000000000000000,127976,0x1F3E8,400000,0.4,11,8
pld0j620,13,c14,63313400000000000000000000000000,128520,0x1F608,1600000,1.6,15,0
pld0j620,14,c15,63313500000000000000000000000000,129224,0x1F8C8,900000,0.9,13,8
pld0j620,15,c16,63313600000000000000000000000000,129896,0x1FB68,1200000,1.2,14,4
pld0j620,16,c17,63313700000000000000000000000000,130536,0x1FDE8,1100000,1.1,16,8
pld0j620,17,c18,63313800000000000000000000000000,131192,0x20078,750000,0.75,13,12
pld0j620,18,c21,63323100000000000000000000000000,131816,0x202E8,1500000,1.5,8,4
pld0j620,19,c22,63323200000000000000000000000000,132200,0x20468,1800000,1.8,7,12
pld0j620,20,c12,63313200000000000000000000000000,132600,0x205F8,1500000,1.5,11,8
pld0j620,21,c13,63313300000000000000000000000000,133176,0x20838,1400000,1.4,5,4
pld0j620,22,c23,63323300000000000000000000000000,133480,0x20968,1800000,1.8,24,12
pld0j620,23,c19,63313900000000000000000000000000,134504,0x20D68,600000,0.6,11,4
pld0j620,24,c24,63323400000000000000000000000000,135176,0x21008,700000,0.7,7,0
pld0j620,25,c25,63323500000000000000000000000000,135560,0x21188,900000,0.9,8,4
pld0j620,26,c26,63323600000000000000000000000000,135976,0x21328,1600000,1.6,11,12
pld0j620,27,c20,63323000000000000000000000000000,136504,0x21538,600000,0.6,6,8
war0j310,0,フォルダブロッ,83748348838b835f8375838d83620000,659908,0xA11C4,9000000,9.0,0,0
war0j310,1,setup,73657475700000000000000000000000,659972,0xA1204,100000,0.1,55,4
war0j310,2,c01　,63303181400000000000000000000000,662036,0xA1A14,1800000,1.8,22,4
war0j310,3,c02　,63303281400000000000000000000000,662948,0xA1DA4,600000,0.6,18,12
war0j310,4,c03　,63303381400000000000000000000000,663796,0xA20F4,1950000,1.95,37,4
war0j310,5,c04　,63303481400000000000000000000000,665332,0xA26F4,3300000,3.3,33,4
war0j310,6,c05　,63303581400000000000000000000000,666900,0xA2D14,2600000,2.6,28,4
war0j310,7,c06　,63303681400000000000000000000000,668196,0xA3224,3000000,3.0,19,12
war0j310,8,c07　,63303781400000000000000000000000,669156,0xA35E4,750000,0.75,9,4
war0j310,9,c08　,63303881400000000000000000000000,669588,0xA3794,350000,0.35,15,4
war0j310,10,c10,63313000000000000000000000000000,670324,0xA3A74,2000000,2.0,10,4
war0j310,11,c12,63313200000000000000000000000000,670852,0xA3C84,1610000,1.61,10,8
war0j310,12,c13,63313300000000000000000000000000,671348,0xA3E74,2000000,2.0,31,0
war0j310,13,c11,63313100000000000000000000000000,672772,0xA4404,2200000,2.2,18,4
war0j310,14,c09,63303900000000000000000000000000,673620,0xA4754,400000,0.4,8,0
war0j610,0,フォルダブロッ,83748348838b835f8375838d83620000,509444,0x7C604,9000000,9.0,0,0
war0j610,1,setup,73657475700000000000000000000000,509508,0x7C644,100000,0.1,65,8
war0j610,2,c01　,63303181400000000000000000000000,511940,0x7CFC4,1450000,1.45,18,12
war0j610,3,c02　,63303281400000000000000000000000,512660,0x7D294,1350000,1.35,37,12
war0j610,4,c03　,63303381400000000000000000000000,514148,0x7D864,1800000,1.8,13,4
war0j610,5,c04　,63303481400000000000000000000000,514740,0x7DAB4,850000,0.85,9,4
war0j610,6,c05　,63303581400000000000000000000000,515140,0x7DC44,900000,0.9,14,8
war0j610,7,c06　,63303681400000000000000000000000,515860,0x7DF14,1500000,1.5,17,8
war0j610,8,c07　,63303781400000000000000000000000,516628,0x7E214,600000,0.6,15,8
war0j610,9,c08　,63303881400000000000000000000000,517428,0x7E534,1850000,1.85,22,0
war0j610,10,c09　,63303981400000000000000000000000,518436,0x7E924,1500000,1.5,15,4
war0j610,11,c11　,63313181400000000000000000000000,519204,0x7EC24,600000,0.6,7,0
war0j610,12,c12,63313200000000000000000000000000,519604,0x7EDB4,2200000,2.2,12,12
war0j610,13,c10　,63313081400000000000000000000000,520164,0x7EFE4,800000,0.8,8,0
war0j610,14,c13,63313300000000000000000000000000,520580,0x7F184,600000,0.6,5,0
war0j610,15,c14,63313400000000000000000000000000,520916,0x7F2D4,2000000,2.0,10,4
war0j610,16,c15,63313500000000000000000000000000,521380,0x7F4A4,1000000,1.0,19,12
war0j610,17,c16,63313600000000000000000000000000,522260,0x7F814,1500000,1.5,38,12
war0j610,18,c02a,63303261000000000000000000000000,523940,0x7FEA4,450000,0.45,21,4
war0j610,19,c02b,63303262000000000000000000000000,524804,0x80204,400000,0.4,17,0
war0j610,20,c02c,63303263000000000000000000000000,525412,0x80464,1000000,1.0,26,12
war0j610,21,c02d,63303264000000000000000000000000,526548,0x808D4,1600000,1.6,29,0
war0j610,22,c03b,63303362000000000000000000000000,527844,0x80DE4,900000,0.9,10,0
war0j610,23,c03a,63303361000000000000000000000000,528308,0x80FB4,800000,0.8,2,12
war0j620,0,フォルダブロッ,83748348838b835f8375838d83620000,243576,0x3B778,9000000,9.0,0,0
war0j620,1,setup,73657475700000000000000000000000,243640,0x3B7B8,900000,0.9,69,0
war0j620,2,c01　,63303181400000000000000000000000,246328,0x3C238,1800000,1.8,25,8
war0j620,3,c02　,63303281400000000000000000000000,247128,0x3C558,900000,0.9,5,12
war0j620,4,c03　,63303381400000000000000000000000,247352,0x3C638,2400000,2.4,18,0
war0j620,5,c04　,63303481400000000000000000000000,247960,0x3C898,1000000,1.0,21,0
war0j620,6,c05　,63303581400000000000000000000000,248840,0x3CC08,700000,0.7,7,0
war0j620,7,c06　,63303681400000000000000000000000,249192,0x3CD68,900000,0.9,10,4
war0j620,8,c07　,63303781400000000000000000000000,249624,0x3CF18,1300000,1.3,15,8
war0j620,9,c08　,63303881400000000000000000000000,250216,0x3D168,1000000,1.0,3,8
war0j620,10,c09　,63303981400000000000000000000000,250424,0x3D238,900000,0.9,9,12
war0j620,11,c11　,63313181400000000000000000000000,250824,0x3D3C8,900000,0.9,9,4
war0j620,12,c12,63313200000000000000000000000000,251224,0x3D558,950000,0.95,11,4
war0j620,13,c10　,63313081400000000000000000000000,251752,0x3D768,900000,0.9,11,8
war0j620,14,c13,63313300000000000000000000000000,252152,0x3D8F8,1800000,1.8,7,8
war0j620,15,c14,63313400000000000000000000000000,252456,0x3DA28,1500000,1.5,19,8
war0j620,16,c15,63313500000000000000000000000000,253480,0x3DE28,1500000,1.5,3,4
war0j620,17,c16,63313600000000000000000000000000,253640,0x3DEC8,1200000,1.2,4,4
war0j620,18,c17,63313700000000000000000000000000,253928,0x3DFE8,1800000,1.8,4,12
war0j620,19,c05a,63303561000000000000000000000000,254152,0x3E0C8,700000,0.7,10,4
war0j620,20,c07a,63303761000000000000000000000000,254616,0x3E298,1000000,1.0,11,8
war0j620,21,c12a,63313261000000000000000000000000,255112,0x3E488,1000000,1.0,5,0
war0j620,22,c12b,63313262000000000000000000000000,255448,0x3E5D8,1500000,1.5,10,8
war0j620,23,c12c,63313263000000000000000000000000,255928,0x3E7B8,2400000,2.4,33,4
whm0j110,0,フォルダブロッ,83748348838b835f8375838d83620000,575464,0x8C7E8,9000000,9.0,0,0
whm0j110,1,setup,73657475700000000000000000000000,575528,0x8C828,120000,0.12,46,0
whm0j110,2,★c01x,819a6330317800000000000000000000,577064,0x8CE28,1610000,1.61,6,0
whm0j110,3,c02x,63303278000000000000000000000000,577352,0x8CF48,410000,0.41,20,0
whm0j110,4,★c03x,819a6330337800000000000000000000,578248,0x8D2C8,610000,0.61,18,0
whm0j110,5,c04x,63303478000000000000000000000000,578984,0x8D5A8,1210000,1.21,18,12
whm0j110,6,c06x,63303678000000000000000000000000,579912,0x8D948,1810000,1.81,24,0
whm0j110,7,c07x,63303778000000000000000000000000,581000,0x8DD88,1110000,1.11,9,12
whm0j110,8,c08x,63303878000000000000000000000000,581480,0x8DF68,1610000,1.61,27,12
whm0j110,9,c09x,63303978000000000000000000000000,582744,0x8E458,1610000,1.61,16,4
whm0j110,10,c10x,63313078000000000000000000000000,583560,0x8E788,1010000,1.01,7,0
whm0j110,11,c11,63313100000000000000000000000000,583912,0x8E8E8,400000,0.4,9,4
whm0j110,12,c12x,63313278000000000000000000000000,584344,0x8EA98,1760000,1.76,24,12
whm0j110,13,★c13x,819a6331337800000000000000000000,585384,0x8EEA8,910000,0.91,9,0
whm0j110,14,★c14x,819a6331347800000000000000000000,585832,0x8F068,1510000,1.51,12,4
whm0j110,15,★c15x,819a6331357800000000000000000000,586392,0x8F298,1510000,1.51,10,4
whm0j110,16,★c16x,819a6331367800000000000000000000,586936,0x8F4B8,1210000,1.21,16,0
whm0j110,17,c00x,63303078000000000000000000000000,587688,0x8F7A8,610000,0.61,3,8
whm0j110,18,c56x,63353678000000000000000000000000,587864,0x8F858,2110000,2.11,23,8
whm0j110,19,c57x,63353778000000000000000000000000,588792,0x8FBF8,1810000,1.81,28,4
whm0j110,20,blackout,626c61636b6f75740000000000000000,589944,0x90078,300000,0.3,3,4
whm0j110,21,c67x,63363778000000000000000000000000,590104,0x90118,1810000,1.81,19,4
whm0j110,22,c68x,63363878000000000000000000000000,590824,0x903E8,2260000,2.26,12,8
whm0j110,23,c77x,63373778000000000000000000000000,591368,0x90608,1110000,1.11,14,12
whm0j110,24,c17x,63313778000000000000000000000000,591944,0x90848,2510000,2.51,25,4
whm0j110,25,c19x,63313978000000000000000000000000,593032,0x90C88,2510000,2.51,17,4
whm0j110,26,c55x,63353578000000000000000000000000,593768,0x90F68,1010000,1.01,19,12
whm0j110,27,c16y,63313679000000000000000000000000,594696,0x91308,1350000,1.35,10,8
whm0j210,0,フォルダブロッ,83748348838b835f8375838d83620000,144608,0x234E0,9000000,9.0,0,0
whm0j210,1,setup,73657475700000000000000000000000,144672,0x23520,100000,0.1,26,8
whm0j210,2,c01　,63303181400000000000000000000000,145552,0x23890,1300000,1.3,44,12
whm0j210,3,c02　,63303281400000000000000000000000,147504,0x24030,1000000,1.0,25,12
whm0j210,4,c03　,63303381400000000000000000000000,148592,0x24470,300000,0.3,11,4
whm0j210,5,c04　,63303481400000000000000000000000,149216,0x246E0,800000,0.8,10,8
whm0j210,6,c05　,63303581400000000000000000000000,149664,0x248A0,1100000,1.1,9,4
whm0j210,7,c06　,63303681400000000000000000000000,150048,0x24A20,1200000,1.2,20,12
whm0j210,8,c07　,63303781400000000000000000000000,150848,0x24D40,900000,0.9,16,8
whm0j210,9,c08　,63303881400000000000000000000000,151552,0x25000,2300000,2.3,28,4
whm0j210,10,c09　,63303981400000000000000000000000,152656,0x25450,800000,0.8,19,4
whm0j210,11,c10　,63313081400000000000000000000000,153568,0x257E0,500000,0.5,12,12
whm0j210,12,c11　,63313181400000000000000000000000,154128,0x25A10,2200000,2.2,12,8
whm0j210,13,c12　,63313281400000000000000000000000,154704,0x25C50,1600000,1.6,19,8
whm0j210,14,c13　,63313381400000000000000000000000,155504,0x25F70,1800000,1.8,19,8
whm0j210,15,c14　,63313481400000000000000000000000,156304,0x26290,2400000,2.4,21,4
whm0j210,16,c15　,63313581400000000000000000000000,157216,0x26620,1200000,1.2,15,8
whm0j210,17,c16　,63313681400000000000000000000000,157856,0x268A0,900000,0.9,13,8
whm0j210,18,c17　,63313781400000000000000000000000,158464,0x26B00,900000,0.9,7,12
whm0j210,19,c18　,63313881400000000000000000000000,158848,0x26C80,1100000,1.1,14,12
whm0j210,20,c19　,63313981400000000000000000000000,159488,0x26F00,1500000,1.5,8,4
whm0j210,21,c20　,63323081400000000000000000000000,159920,0x270B0,850000,0.85,19,0
whm0j210,22,c21　,63323181400000000000000000000000,160848,0x27450,450000,0.45,2,12
whm0j210,23,c22　,63323281400000000000000000000000,160992,0x274E0,450000,0.45,2,8
whm0j210,24,c23　,63323381400000000000000000000000,161120,0x27560,1600000,1.6,35,12
whm0j210,25,c24　,63323481400000000000000000000000,162688,0x27B80,1500000,1.5,15,0
whm0j210,26,c25　,63323581400000000000000000000000,163280,0x27DD0,900000,0.9,0,0
whm0j410,0,フォルダブロッ,83748348838b835f8375838d83620000,87084,0x1542C,9000000,9.0,0,0
whm0j410,1,setup,73657475700000000000000000000000,87148,0x1546C,150000,0.15,18,0
whm0j410,2,c01x,63303178000000000000000000000000,87868,0x1573C,2710000,2.71,12,0
whm0j410,3,c02x,63303278000000000000000000000000,88380,0x1593C,1810000,1.81,6,12
whm0j410,4,c03x,63303378000000000000000000000000,88668,0x15A5C,1810000,1.81,7,12
whm0j410,5,c04x,63303478000000000000000000000000,89004,0x15BAC,2410000,2.41,9,0
whm0j410,6,c05x,63303578000000000000000000000000,89404,0x15D3C,2010000,2.01,7,4
whm0j410,7,c06x,63303678000000000000000000000000,89708,0x15E6C,2110000,2.11,8,4
whm0j410,8,c07x,63303778000000000000000000000000,90076,0x15FDC,2310000,2.31,11,0
whm0j410,9,c08x,63303878000000000000000000000000,90540,0x161AC,2710000,2.71,13,4
whm0j605,0,フォルダブロッ,83748348838b835f8375838d83620000,300552,0x49608,9000000,9.0,0,0
whm0j605,1,setup,73657475700000000000000000000000,300616,0x49648,100000,0.1,34,0
whm0j605,2,c01　,63303181400000000000000000000000,301672,0x49A68,3600000,3.6,21,0
whm0j605,3,c02　,63303281400000000000000000000000,302568,0x49DE8,900000,0.9,3,0
whm0j605,4,c03　,63303381400000000000000000000000,302744,0x49E98,700000,0.7,7,8
whm0j605,5,c04　,63303481400000000000000000000000,303176,0x4A048,600000,0.6,6,8
whm0j605,6,c05　,63303581400000000000000000000000,303512,0x4A198,450000,0.45,8,12
whm0j605,7,c06　,63303681400000000000000000000000,303976,0x4A368,900000,0.9,26,0
whm0j605,8,c07　,63303781400000000000000000000000,305192,0x4A828,600000,0.6,16,4
whm0j605,9,c08　,63303881400000000000000000000000,305944,0x4AB18,3600000,3.6,19,12
whm0j605,10,c09　,63303981400000000000000000000000,306792,0x4AE68,1200000,1.2,17,8
whm0j605,11,c10　,63313081400000000000000000000000,307656,0x4B1C8,900000,0.9,18,12
whm0j605,12,c11　,63313181400000000000000000000000,308584,0x4B568,600000,0.6,10,4
whm0j605,13,c12　,63313281400000000000000000000000,309032,0x4B728,400000,0.4,11,8
whm0j605,14,c13　,63313381400000000000000000000000,309528,0x4B918,1600000,1.6,14,12
whm0j605,15,c25　,63323581400000000000000000000000,310120,0x4BB68,300000,0.3,3,0
whm0j610,0,フォルダブロッ,83748348838b835f8375838d83620000,792028,0xC15DC,9000000,9.0,0,0
whm0j610,1,setup,73657475700000000000000000000000,792092,0xC161C,300000,0.3,71,12
whm0j610,2,★c01x,819a6330317800000000000000000000,794588,0xC1FDC,2710000,2.71,20,8
whm0j610,3,★c02x,819a6330327800000000000000000000,795436,0xC232C,1210000,1.21,13,0
whm0j610,4,★c03x,819a6330337800000000000000000000,796140,0xC25EC,1210000,1.21,12,8
whm0j610,5,★c04x,819a6330347800000000000000000000,796588,0xC27AC,610000,0.61,11,4
whm0j610,6,★c05x,819a6330357800000000000000000000,797036,0xC296C,1010000,1.01,14,0
whm0j610,7,★c06x,819a6330367800000000000000000000,797788,0xC2C5C,1310000,1.31,27,12
whm0j610,8,★c07x,819a6330377800000000000000000000,798956,0xC30EC,2410000,2.41,14,0
whm0j610,9,★c08x,819a6330387800000000000000000000,799564,0xC334C,1210000,1.21,9,0
whm0j610,10,★c09x,819a6330397800000000000000000000,800028,0xC351C,1000000,1.0,24,0
whm0j610,11,★c10x,819a6331307800000000000000000000,801292,0xC3A0C,1810000,1.81,25,4
whm0j610,12,c11x,63313178000000000000000000000000,802412,0xC3E6C,1210000,1.21,13,8
whm0j610,13,c12x,63313278000000000000000000000000,802940,0xC407C,1830000,1.83,19,12
whm0j610,14,c13x,63313378000000000000000000000000,803900,0xC443C,1330000,1.33,8,12
whm0j610,15,c14x,63313478000000000000000000000000,804268,0xC45AC,630000,0.63,6,0
whm0j610,16,c15x,63313578000000000000000000000000,804604,0xC46FC,1210000,1.21,10,4
whm0j610,17,c16x,63313678000000000000000000000000,805180,0xC493C,1330000,1.33,8,4
whm0j610,18,c17x,63313778000000000000000000000000,805580,0xC4ACC,1330000,1.33,6,12
whm0j610,19,c18x,63313878000000000000000000000000,805900,0xC4C0C,2210000,2.21,11,4
whm0j610,20,blackout,626c61636b6f75740000000000000000,806380,0xC4DEC,300000,0.3,3,8
