scene,label,actor_index,actor_class_id,display_name_id,x,y,z,rotation_radians,offset,provenance
blm0j110,Stone_pc,7,6500003,1500032,-836.6279907226562,119.99700164794922,-65.79000091552734,-2.652900457382202,0x875C,typed SetPosClip in setup; no world transform asserted
blm0j110,Stone_ama,8,6500003,1500032,-837.9650268554688,119.79399871826172,-68.22799682617188,0.6108652353286743,0x879C,typed SetPosClip in setup; no world transform asserted
blm0j120,PC,3,0,0,0.0,0.0,0.0,0.0,0x15B04,typed SetPosClip in setup; no world transform asserted
blm0j120,QUQURUKA,4,1060034,1400197,0.0,0.0,0.0,0.0,0x15A44,typed SetPosClip in setup; no world transform asserted
blm0j120,LALAI,5,1060035,1500186,0.0,0.0,0.0,0.0,0x15BC4,typed SetPosClip in setup; no world transform asserted
blm0j120,YAYAKE,6,1000846,1500017,0.0,0.0,0.0,0.0,0x15AC4,typed SetPosClip in setup; no world transform asserted
blm0j120,Cam_kuroko,8,6500003,1500032,0.0,0.0,0.0,0.0,0x15A84,typed SetPosClip in setup; no world transform asserted
blm0j120,PC_JobStone,9,6500003,1500032,0.0,0.0,0.0,0.0,0x15B84,typed SetPosClip in setup; no world transform asserted
blm0j120,YAYAKE_JobStone,12,6500003,1500032,0.0,0.0,0.0,0.0,0x15B44,typed SetPosClip in setup; no world transform asserted
blm0j610,PC,3,0,0,0.0,0.0,0.0,0.0,0x9CAAC,typed SetPosClip in setup; no world transform asserted
blm0j610,QUQURUKA,4,1060034,1400197,0.0,0.0,0.0,0.0,0x9CB2C,typed SetPosClip in setup; no world transform asserted
blm0j610,Kazagg,5,1060036,2420027,0.0,0.0,0.0,0.0,0x9CCEC,typed SetPosClip in setup; no world transform asserted
blm0j610,Dozol,6,1060037,2430006,0.0,0.0,0.0,0.0,0x9CC2C,typed SetPosClip in setup; no world transform asserted
blm0j610,269DAZA,7,1060038,2440001,0.0,0.0,0.0,0.0,0x9CD6C,typed SetPosClip in setup; no world transform asserted
blm0j610,GARGOYLE,8,1001973,3203505,0.0,0.0,0.0,0.0,0x9CC6C,typed SetPosClip in setup; no world transform asserted
blm0j610,WISP_A,9,6500044,3209904,0.0,0.0,0.0,0.0,0x9CCAC,typed SetPosClip in setup; no world transform asserted
blm0j610,WISP_B,10,1001974,3209907,0.0,0.0,0.0,0.0,0x9CE2C,typed SetPosClip in setup; no world transform asserted
blm0j610,WISP_C,12,1001974,3209907,0.0,0.0,0.0,0.0,0x9CDAC,typed SetPosClip in setup; no world transform asserted
blm0j610,WISP_D,13,1001974,3209907,0.0,0.0,0.0,0.0,0x9CA6C,typed SetPosClip in setup; no world transform asserted
blm0j610,WISP_E,14,1001974,3209907,0.0,0.0,0.0,0.0,0x9CB6C,typed SetPosClip in setup; no world transform asserted
blm0j610,FreezeGARGOYLE,15,1001973,3203505,0.0,0.0,0.0,0.0,0x9CBAC,typed SetPosClip in setup; no world transform asserted
blm0j610,WISP_F,17,1001974,3209907,0.0,0.0,0.0,0.0,0x9CBEC,typed SetPosClip in setup; no world transform asserted
blm0j610,WISP_G,18,1001974,3209907,0.0,0.0,0.0,0.0,0x9CE6C,typed SetPosClip in setup; no world transform asserted
blm0j610,WISP_H,19,1001974,3209907,0.0,0.0,0.0,0.0,0x9CD2C,typed SetPosClip in setup; no world transform asserted
blm0j610,WISP_I,20,1001974,3209907,0.0,0.0,0.0,0.0,0x9CAEC,typed SetPosClip in setup; no world transform asserted
blm0j610,WISP_J,21,1001974,3209907,0.0,0.0,0.0,0.0,0x9CDEC,typed SetPosClip in setup; no world transform asserted
brd0j410,PC,3,0,0,0.0,0.0,0.0,0.0,0x586D4,typed SetPosClip in setup; no world transform asserted
brd0j410,Jehantel_Bow,4,1200317,0,0.0,0.0,0.0,0.0,0x58794,typed SetPosClip in setup; no world transform asserted
brd0j410,Jehantel_Bow_Co,5,1200317,0,0.0,0.0,0.0,0.0,0x587D4,typed SetPosClip in setup; no world transform asserted
brd0j410,JEHANTEL,6,1060039,1200133,0.0,0.0,0.0,0.0,0x58694,typed SetPosClip in setup; no world transform asserted
brd0j410,Friend_Hurm,7,1000018,1000013,0.0,0.0,0.0,0.0,0x588AC,typed SetPosClip in setup; no world transform asserted
brd0j410,old_JEHANTEL,8,1002024,1200133,0.0,0.0,0.0,0.0,0x58814,typed SetPosClip in setup; no world transform asserted
brd0j410,Friend_Mctf,9,1000015,1900026,0.0,0.0,0.0,0.0,0x585D4,typed SetPosClip in setup; no world transform asserted
brd0j410,Friend_Hurf,10,1000034,1100004,0.0,0.0,0.0,0.0,0x58654,typed SetPosClip in setup; no world transform asserted
brd0j410,Friend_Rgdm,11,1000019,1600233,0.0,0.0,0.0,0.0,0x58554,typed SetPosClip in setup; no world transform asserted
brd0j410,NM_IXALL,12,1001961,3206412,0.0,0.0,0.0,0.0,0x58614,typed SetPosClip in setup; no world transform asserted
brd0j410,NM_WOLF01,13,1001962,3201427,0.0,0.0,0.0,0.0,0x58594,typed SetPosClip in setup; no world transform asserted
brd0j410,NM_WOLF03,16,1001962,3201427,0.0,0.0,0.0,0.0,0x5886C,typed SetPosClip in setup; no world transform asserted
brd0j410,mesen_kuroko,17,6500003,1500032,0.0,0.0,0.0,0.0,0x5892C,typed SetPosClip in setup; no world transform asserted
brd0j410,Jehantel_Arrow_,18,6800018,1,0.0,0.0,0.0,0.0,0x58714,typed SetPosClip in setup; no world transform asserted
brd0j410,mesen_kuroko2,19,6500003,1500032,0.0,0.0,0.0,0.0,0x588EC,typed SetPosClip in setup; no world transform asserted
brd0j410,Jehantel_Arrow,20,6800018,1,0.0,0.0,0.0,0.0,0x58754,typed SetPosClip in setup; no world transform asserted
brd0j420,PC,3,0,0,0.0,0.0,0.0,0.0,0x5CAC8,typed SetPosClip in setup; no world transform asserted
brd0j420,JEHANTEL_Bow,4,1200317,0,0.0,0.0,0.0,0.0,0x5CB08,typed SetPosClip in setup; no world transform asserted
brd0j420,JEHANTEL,5,1060039,1200133,0.0,0.0,0.0,0.0,0x5CA48,typed SetPosClip in setup; no world transform asserted
brd0j420,Friend_Hurm,6,1000018,1000013,0.0,0.0,0.0,0.0,0x5CBC8,typed SetPosClip in setup; no world transform asserted
brd0j420,old_JHEANTEL,7,1002024,1200133,0.0,0.0,0.0,0.0,0x5CC88,typed SetPosClip in setup; no world transform asserted
brd0j420,Friend_Mctf,8,1000015,1900026,0.0,0.0,0.0,0.0,0x5CC48,typed SetPosClip in setup; no world transform asserted
brd0j420,Friend_Hurf,9,1000034,1100004,0.0,0.0,0.0,0.0,0x5CB48,typed SetPosClip in setup; no world transform asserted
brd0j420,Friend_Rgdm,10,1000019,1600233,0.0,0.0,0.0,0.0,0x5C9C8,typed SetPosClip in setup; no world transform asserted
brd0j420,Friend_Hurm02,11,6000154,1500032,0.0,0.0,0.0,0.0,0x5CB88,typed SetPosClip in setup; no world transform asserted
brd0j420,Friend_Elzm,13,6000156,1500032,0.0,0.0,0.0,0.0,0x5CC08,typed SetPosClip in setup; no world transform asserted
brd0j420,NM_IXAL,14,1001961,3206412,0.0,0.0,0.0,0.0,0x5CA08,typed SetPosClip in setup; no world transform asserted
brd0j420,Job_Storn,16,6500003,1500032,0.0,0.0,0.0,0.0,0x5CA88,typed SetPosClip in setup; no world transform asserted
brd0j610,w203b0,6,1200317,0,0.0,0.0,0.0,0.0,0x7CCBC,typed SetPosClip in setup; no world transform asserted
brd0j610,w221e0,8,6800018,1,0.0,0.0,0.0,0.0,0x7CBFC,typed SetPosClip in setup; no world transform asserted
brd0j610,m999f0,10,6500003,1500032,532.6666259765625,214.9962615966797,580.01318359375,1.6947495937347412,0x7CDE4,typed SetPosClip in setup; no world transform asserted
com0g105,PC,0,0,0,1193.99560546875,-0.05408412218093872,1092.7208251953125,1.4150407314300537,0x4AB9C,typed SetPosClip in setup; no world transform asserted
com0g105,URY,1,1060009,2700002,1193.99560546875,-0.05408412218093872,1092.7208251953125,1.4150407314300537,0x4AC38,typed SetPosClip in setup; no world transform asserted
com0g110,PC,0,0,0,1193.99560546875,-0.05408412218093872,1092.7208251953125,1.4150407314300537,0x550,typed SetPosClip in setup; no world transform asserted
com0g410,PC,4,0,0,7.354280471801758,0.0,-14.726728439331055,1.4011486768722534,0x68DD0,typed SetPosClip in setup; no world transform asserted
com0g410,Burchard,5,1000243,1000013,8.591863632202148,4.261728763580322,-28.551334381103516,-1.5722100734710693,0x68F98,typed SetPosClip in setup; no world transform asserted
com0g410,Helbhanth,6,1000735,1600094,8.610251426696777,4.304081916809082,-29.508056640625,-1.5722100734710693,0x68FD8,typed SetPosClip in setup; no world transform asserted
com0g410,Fulke,7,1500200,1000114,9.037797927856445,0.0,-14.622220993041992,-1.5058023929595947,0x68E10,typed SetPosClip in setup; no world transform asserted
com0g410,Cid,8,1001572,2700004,8.739130020141602,2.5577266216278076,-28.94635009765625,-1.5651655197143555,0x68F58,typed SetPosClip in setup; no world transform asserted
com0g410,Ebrelnaux,9,1060011,1200193,10.396833419799805,4.961558818817139,-28.49478530883789,-1.5722100734710693,0x68F18,typed SetPosClip in setup; no world transform asserted
com0g410,Saulette,11,1500203,1300185,9.037797927856445,0.0,-17.222135543823242,-1.5058023929595947,0x69030,typed SetPosClip in setup; no world transform asserted
com0g410,Rimmilgan,12,1500211,1600153,9.025484085083008,0.011719289235770702,-12.051375389099121,-1.6061947345733643,0x69070,typed SetPosClip in setup; no world transform asserted
com0g510,PC,0,0,0,1524.6983642578125,20.760343551635742,-807.666748046875,-0.026126930490136147,0x2EBA0,typed SetPosClip in setup; no world transform asserted
com0g510,POPULACE_CID_00,6,1001572,2700004,-735.098876953125,32.05778121948242,-2818.01220703125,1.162057876586914,0x2E720,typed SetPosClip in setup; no world transform asserted
com0g510,POPULACE_ARTHUR,7,1001734,1000039,-735.098876953125,32.05778121948242,-2818.01220703125,1.162057876586914,0x2E800,typed SetPosClip in setup; no world transform asserted
com0g510,POPULACE_LEWIN_,8,1000020,1000016,-735.098876953125,32.05778121948242,-2818.01220703125,1.162057876586914,0x2E980,typed SetPosClip in setup; no world transform asserted
com0g510,POPULACE_SWETHY,9,1000028,1100010,-735.098876953125,32.05778121948242,-2818.01220703125,1.162057876586914,0x2EA90,typed SetPosClip in setup; no world transform asserted
com0g510,POPULACE_CECILI,10,1000683,1100023,-735.098876953125,32.05778121948242,-2818.01220703125,1.162057876586914,0x2EB30,typed SetPosClip in setup; no world transform asserted
com0g510,POPULACE_MIANNE,11,1000832,1300103,-735.098876953125,32.05778121948242,-2818.01220703125,1.162057876586914,0x2E6E0,typed SetPosClip in setup; no world transform asserted
com0g510,POPULACE_FARRIM,12,1000017,1000006,-735.098876953125,32.05778121948242,-2818.01220703125,1.162057876586914,0x2EA1C,typed SetPosClip in setup; no world transform asserted
com0g510,SPIDER_FEMALE_R,13,6500028,3101114,-735.098876953125,32.05778121948242,-2818.01220703125,1.162057876586914,0x2E8A0,typed SetPosClip in setup; no world transform asserted
com0g510,SPIDER_CHILD_RA,14,6500026,3101115,-735.098876953125,32.05778121948242,-2818.01220703125,1.162057876586914,0x2E7C0,typed SetPosClip in setup; no world transform asserted
com0g510,SPIDER_CHILD_RA,15,6500026,3101115,-735.098876953125,32.05778121948242,-2818.01220703125,1.162057876586914,0x2E8E0,typed SetPosClip in setup; no world transform asserted
com0g510,ARTHUR_Dummy,16,1001734,1000039,-735.098876953125,32.05778121948242,-2818.01220703125,1.162057876586914,0x2EFE4,typed SetPosClip in setup; no world transform asserted
com0g510,Dummy_LEWIN_001,17,1000020,1000016,-735.098876953125,32.05778121948242,-2818.01220703125,1.162057876586914,0x2E9C0,typed SetPosClip in setup; no world transform asserted
com0g610,PC,1,0,0,-132.62582397460938,-1.2161107063293457,-319.2888488769531,3.1335973739624023,0xA80C4,typed SetPosClip in header; no world transform asserted
com0g610,ZEZEKUTA_LM,3,1000240,1400070,-124.59896850585938,-1.2836756706237793,-319.8121643066406,-2.9216976165771484,0xA82B8,typed SetPosClip in header; no world transform asserted
com0g610,Esumiyan_PJ,4,1000011,2000005,-136.0677490234375,-1.3961211442947388,-322.52423095703125,1.9734584093093872,0xA84B8,typed SetPosClip in header; no world transform asserted
com0g610,SWETHYNA_HF,5,1000028,1100010,-122.1964111328125,-1.7615212202072144,-323.18218994140625,-2.2623884677886963,0xA8338,typed SetPosClip in header; no world transform asserted
com0g610,Kanue,6,1001569,2700006,-127.99186706542969,-1.047515869140625,-330.6676025390625,0.0,0xA8478,typed SetPosClip in header; no world transform asserted
com0g610,Sansa_PJ,7,1000239,1100025,-123.26631927490234,-1.2268168926239014,-319.275634765625,-3.10391902923584,0xA83B8,typed SetPosClip in header; no world transform asserted
com0g610,Ext_miso22_F_MF,8,6000123,1500032,-128.88778686523438,-0.7121855020523071,-314.98675537109375,-2.9750945568084717,0xA7D84,typed SetPosClip in header; no world transform asserted
com0g610,Ext_kyak29_H_HM,9,6000125,1500032,-133.99566650390625,-1.2161107063293457,-319.2888488769531,3.1335973739624023,0xA7CC4,typed SetPosClip in header; no world transform asserted
com0g610,Ext_miso27_M_MF,10,6000129,1500032,-127.76141357421875,-0.7536709904670715,-314.8423156738281,3.0309383869171143,0xA8084,typed SetPosClip in header; no world transform asserted
com0g610,Ext_miso26_L_EM,11,6000128,1500032,-122.72345733642578,1.3725228309631348,-308.46728515625,3.1405866146087646,0xA8204,typed SetPosClip in header; no world transform asserted
com0g610,Ext_miso24_I_HF,12,6000126,1500032,-133.80503845214844,1.4002482891082764,-308.5747985839844,2.932093858718872,0xA79C4,typed SetPosClip in header; no world transform asserted
com0g610,Lewin_HM,13,1000020,1000016,-135.55255126953125,-1.3356679677963257,-320.4305114746094,2.3912134170532227,0xA7A04,typed SetPosClip in header; no world transform asserted
com0g610,Ext_kyak28_D_LM,14,6000121,1500032,-134.53956604003906,-1.2161107063293457,-319.43585205078125,3.1335973739624023,0xA7A44,typed SetPosClip in header; no world transform asserted
com0g610,Ext_miso01_Tkeb,15,1000015,1900026,-123.59871673583984,1.4085994958877563,-308.5270080566406,-3.0959784984588623,0xA7AC4,typed SetPosClip in header; no world transform asserted
com0g610,Ext_miso02_NGol,16,6000113,1500032,-123.42183685302734,-0.020746827125549316,-313.8297119140625,-2.704693078994751,0xA8004,typed SetPosClip in header; no world transform asserted
com0g610,POPULACE_FST_CO,17,1001769,1000126,-121.91378021240234,1.4056888818740845,-308.65032958984375,-3.0959784984588623,0xA81C4,typed SetPosClip in header; no world transform asserted
com0g610,Ext_miso10_Grin,18,1000024,1200014,-122.83424377441406,-0.0415605753660202,-313.78619384765625,-2.9413743019104004,0xA7F04,typed SetPosClip in header; no world transform asserted
com0g610,Ext_miso09_Hand,19,1000023,1200013,-129.16989135742188,-1.156594157218933,-317.1089172363281,-3.1051979064941406,0xA7F44,typed SetPosClip in header; no world transform asserted
com0g610,Ext_miso08_Ursb,20,1000022,1600213,-132.89451599121094,1.4217808246612549,-308.46160888671875,3.0978002548217773,0xA7DC4,typed SetPosClip in header; no world transform asserted
com0g610,Ext_miso07_DiDi,21,1000021,1,-133.88818359375,-0.021556049585342407,-314.1224365234375,2.8452515602111816,0xA7E44,typed SetPosClip in header; no world transform asserted
com0g610,Ext_miso05_Wuot,22,1000019,1600233,-130.57733154296875,-0.780562698841095,-316.3528137207031,2.762272596359253,0xA8184,typed SetPosClip in header; no world transform asserted
com0g610,Burchard_HM,23,1000243,1000013,-121.60933685302734,-1.7228946685791016,-323.5408020019531,-2.111074209213257,0xA7B44,typed SetPosClip in header; no world transform asserted
com0g610,POPULACE_FST_CO,24,1001768,1000126,-127.21912384033203,-1.1955519914627075,-317.1514587402344,-3.1075406074523926,0xA8044,typed SetPosClip in header; no world transform asserted
com0g610,Ext_miso25_J_EF,25,6000127,1500032,-134.37098693847656,-0.03978221118450165,-313.775390625,2.8964338302612305,0xA7E04,typed SetPosClip in header; no world transform asserted
com0g610,Ext_miso23_G_LM,26,6000124,1500032,-122.21837615966797,-1.2118360996246338,-319.4369812011719,3.1191086769104004,0xA7D44,typed SetPosClip in header; no world transform asserted
com0g610,Ext_miso21_E_LF,27,6000122,1500032,-122.1653823852539,-0.02916128933429718,-314.1185607910156,-2.8933680057525635,0xA7EC4,typed SetPosClip in header; no world transform asserted
com0g610,POLULACE_FST_CO,28,1001767,1000126,-125.03129577636719,-0.4668968915939331,-314.72454833984375,3.097971200942993,0xA7C04,typed SetPosClip in header; no world transform asserted
com0g610,Ext_kyak30_O_HM,29,6000130,1500032,-132.4561004638672,-0.04356905445456505,-314.0295715332031,2.8681819438934326,0xA7BC4,typed SetPosClip in header; no world transform asserted
com0g610,Ext_kyak31_P_HF,30,6000131,1500032,-134.79994201660156,-0.16331443190574646,-316.4598388671875,2.4695589542388916,0xA7B84,typed SetPosClip in header; no world transform asserted
com0g610,Ext_kyak33_X_RM,31,6000110,1500032,-121.62696838378906,-0.039104145020246506,-315.5258483886719,-2.661595582962036,0xA7B04,typed SetPosClip in header; no world transform asserted
com0g610,Risu_A,32,1000923,4000257,-139.70413208007812,4.839520454406738,-301.99969482421875,2.0386226177215576,0xA8144,typed SetPosClip in header; no world transform asserted
com0g610,Risu_B,33,1000923,4000257,-139.97679138183594,4.796580791473389,-302.4350280761719,1.1735635995864868,0xA7F84,typed SetPosClip in header; no world transform asserted
com0g610,Nicoliaux_PJ,35,1000409,1200068,-122.77167510986328,-1.2268168926239014,-319.275634765625,-3.10391902923584,0xA8378,typed SetPosClip in header; no world transform asserted
com0g610,Aunillie_PJ,36,1000410,1300028,-123.64900207519531,-0.6681367754936218,-318.2842102050781,-3.10391902923584,0xA85B8,typed SetPosClip in header; no world transform asserted
com0g610,Elyn_PJ,37,1000411,1100294,-122.94818115234375,-0.6681367754936218,-318.2842102050781,-3.10391902923584,0xA8538,typed SetPosClip in header; no world transform asserted
com0g610,Ryd_PJ,38,1000412,1000414,-122.4686508178711,-0.6681367754936218,-318.2842102050781,-3.10391902923584,0xA84F8,typed SetPosClip in header; no world transform asserted
com0g610,Powle_PJ,39,1000238,1000029,-123.74335479736328,-1.2268168926239014,-319.275634765625,-3.10391902923584,0xA8578,typed SetPosClip in header; no world transform asserted
com0g610,Oapapesi_PJ,40,1000679,2000010,-135.8553466796875,-1.410705327987671,-321.8723449707031,2.136814594268799,0xA82F8,typed SetPosClip in header; no world transform asserted
com0g610,GEVA_001,41,1000232,1100006,-126.65663146972656,-1.0213714838027954,-316.654296875,-3.093764305114746,0xA83F8,typed SetPosClip in header; no world transform asserted
com0g610,FUFUCHA_LF,42,1000237,1500021,-122.48342895507812,-1.3164020776748657,-320.5824890136719,-2.641404628753662,0xA85F8,typed SetPosClip in header; no world transform asserted
com0g610,Papalymo_LM,43,1000010,1400004,-129.93182373046875,-0.3027074337005615,-313.0397033691406,2.5778462886810303,0xA8438,typed SetPosClip in header; no world transform asserted
com0g610,MIOUNNE_EF,44,1000230,1300018,-133.4658966064453,-0.03978221118450165,-313.83489990234375,2.8964338302612305,0xA7D04,typed SetPosClip in header; no world transform asserted
com0g610,Risu_D,46,1000923,4000257,-103.21454620361328,4.70287561416626,-277.63824462890625,2.7171411514282227,0xA7FC4,typed SetPosClip in header; no world transform asserted
com0g610,Risu_C,47,1000923,4000257,-103.21454620361328,4.70287561416626,-277.63824462890625,2.7171411514282227,0xA7E84,typed SetPosClip in header; no world transform asserted
com0g610,JAMOLVA_MF,52,1000599,1900046,-122.11194610595703,-1.6197975873947144,-322.4861145019531,-2.4714195728302,0xA8244,typed SetPosClip in header; no world transform asserted
com0g610,FRANCIS_HM,53,1000566,1000112,-120.93262481689453,-1.8412220478057861,-324.282958984375,-2.071054458618164,0xA7C84,typed SetPosClip in header; no world transform asserted
com0g610,CHALLINIE_EF,54,1000956,1300032,-121.57706451416016,-1.836559772491455,-324.282958984375,-1.6421825885772705,0xA7A84,typed SetPosClip in header; no world transform asserted
com0g610,Risu_E,55,1000923,4000257,-103.21454620361328,4.70287561416626,-277.63824462890625,2.7171411514282227,0xA8104,typed SetPosClip in header; no world transform asserted
com0g610,Risu_F,56,1000923,4000257,-103.21454620361328,4.70287561416626,-277.63824462890625,2.7171411514282227,0xA7C44,typed SetPosClip in header; no world transform asserted
com0l105,PC,4,0,0,1518.362060546875,55.59814453125,-1299.58447265625,-1.760841727256775,0x42994,typed SetPosClip in setup; no world transform asserted
com0l105,Urianger,5,1060009,2700002,1486.1978759765625,55.61822509765625,-1307.497314453125,1.3535069227218628,0x42A14,typed SetPosClip in setup; no world transform asserted
com0l105,Mons,6,6500033,3200708,1504.798583984375,55.26942825317383,-1302.50439453125,1.260310173034668,0x429D4,typed SetPosClip in setup; no world transform asserted
com0l110,PC,4,0,0,1510.8751220703125,55.2898063659668,-1299.58447265625,-2.584853410720825,0x1C9D8,typed SetPosClip in setup; no world transform asserted
com0l110,Yshtola01,5,1000001,1900006,1511.2178955078125,55.882904052734375,-1296.218017578125,-2.6963088512420654,0x1CB20,typed SetPosClip in setup; no world transform asserted
com0l110,Yshtola02,6,1000001,1900006,1509.1712646484375,55.23023223876953,-1302.4210205078125,1.8222134113311768,0x1CA98,typed SetPosClip in setup; no world transform asserted
com0l110,Yshtola03,7,1000001,1900006,1509.340087890625,55.27671813964844,-1299.6761474609375,0.8548905849456787,0x1CA58,typed SetPosClip in setup; no world transform asserted
com0l110,Yshtola04,8,1000001,1900006,1511.7117919921875,55.21600341796875,-1300.540283203125,-0.7220301032066345,0x1C97C,typed SetPosClip in setup; no world transform asserted
com0l110,Yshtola05,9,1000001,1900006,1510.114990234375,55.29345703125,-1298.720947265625,2.647425413131714,0x1CA18,typed SetPosClip in setup; no world transform asserted
com0l410,PC,4,0,0,7.354280471801758,0.0,-15.705699920654297,1.4011486768722534,0x69520,typed SetPosClip in setup; no world transform asserted
com0l410,CIntana,5,1001513,1900156,8.591863632202148,4.7666120529174805,-29.653886795043945,-1.5722100734710693,0x696F8,typed SetPosClip in setup; no world transform asserted
com0l410,AngryRiver,6,1001510,1600305,8.610251426696777,4.735667705535889,-30.931589126586914,-1.5722100734710693,0x69638,typed SetPosClip in setup; no world transform asserted
com0l410,Guincum,7,1500199,1000385,9.037797927856445,0.0,-15.677068710327148,-1.5058023929595947,0x69560,typed SetPosClip in setup; no world transform asserted
com0l410,Cid,8,1001572,2700004,8.739130020141602,2.5577266216278076,-28.94635009765625,-1.5651655197143555,0x696B8,typed SetPosClip in setup; no world transform asserted
com0l410,Ebrelnaux,9,1060011,1200193,10.396833419799805,5.568897247314453,-30.08055305480957,-1.5722100734710693,0x69678,typed SetPosClip in setup; no world transform asserted
com0l410,Fhilahc,11,1500202,1600072,9.037797927856445,0.0,-18.56293296813965,-1.5058023929595947,0x69778,typed SetPosClip in setup; no world transform asserted
com0l410,PNazca,12,1500210,1900201,9.033387184143066,0.0,-12.85124397277832,-1.6815860271453857,0x69738,typed SetPosClip in setup; no world transform asserted
com0l510,PC,4,0,0,-177.80299377441406,214.7151336669922,-722.6417236328125,-2.3184521198272705,0x2D60,typed SetPosClip in setup; no world transform asserted
com0l510,LVFRID,5,1001756,2200186,-195.3070068359375,215.8785858154297,-738.8191528320312,-1.555912733078003,0x2DA0,typed SetPosClip in setup; no world transform asserted
com0l510,C_RAIGOH_DHEN,6,1001757,1900189,-195.02099609375,216.04428100585938,-740.9594116210938,-0.9969496726989746,0x2CE0,typed SetPosClip in setup; no world transform asserted
com0l510,_GRYFFEN,7,1001758,1000127,-164.315673828125,218.83245849609375,-737.4719848632812,0.0,0x2EF8,typed SetPosClip in setup; no world transform asserted
com0l510,MOBSEA1,8,1001776,1000126,-198.2030029296875,215.76376342773438,-737.7032470703125,2.76169753074646,0x2F38,typed SetPosClip in setup; no world transform asserted
com0l510,MOBSEA2,9,1001777,1000126,-197.96795654296875,216.4229736328125,-742.3819580078125,0.11661313474178314,0x2EA0,typed SetPosClip in setup; no world transform asserted
com0l510,MOBWIL1,10,1001778,1000126,-171.56541442871094,216.5929412841797,-750.531005859375,0.0,0x2DE0,typed SetPosClip in setup; no world transform asserted
com0l510,MOBWIL2,11,1001779,1000126,-172.40972900390625,215.5321807861328,-749.6858520507812,0.0,0x2E20,typed SetPosClip in setup; no world transform asserted
com0l510,MOBWIL3,12,1001780,1000126,-168.2464599609375,215.79730224609375,-735.892822265625,0.0,0x2E60,typed SetPosClip in setup; no world transform asserted
com0l510,CID,13,1001572,2700004,-179.28939819335938,215.34205627441406,-734.6754760742188,0.0,0x2C04,typed SetPosClip in setup; no world transform asserted
com0l510,box,14,1200024,4000257,-197.4340057373047,216.00209045410156,-740.2510375976562,0.0,0x2C44,typed SetPosClip in setup; no world transform asserted
com0l510,box1,16,1200024,4000257,-199.0342559814453,216.04505920410156,-739.5283813476562,0.0,0x2BC4,typed SetPosClip in setup; no world transform asserted
com0l510,box2,17,1200024,4000257,-198.76589965820312,216.24679565429688,-740.9224853515625,0.0,0x2C84,typed SetPosClip in setup; no world transform asserted
com0l610,PC,4,0,0,0.0,0.00710717961192131,12.666786193847656,3.0800631046295166,0x62D68,typed SetPosClip in setup; no world transform asserted
com0l610,MERLWYB,5,1001568,1700011,-0.09874355792999268,0.0,13.632603645324707,2.928579092025757,0x637A8,typed SetPosClip in setup; no world transform asserted
com0l610,Yshtola,6,1000001,1900006,0.0,0.0,12.437054634094238,3.1263587474823,0x63340,typed SetPosClip in setup; no world transform asserted
com0l610,Kishi1,7,1000084,4000001,-3.000354528427124,0.5937091708183289,-8.606614112854004,0.0,0x63300,typed SetPosClip in setup; no world transform asserted
com0l610,Kishi2,8,1000085,4000001,3.0299999713897705,0.6571946144104004,-8.55667781829834,0.0,0x632C0,typed SetPosClip in setup; no world transform asserted
com0l610,Kishi3ele,9,1000095,4000001,3.6050000190734863,0.0,11.719069480895996,-2.8897995948791504,0x633C0,typed SetPosClip in setup; no world transform asserted
com0l610,kaizoku_ruga,12,1001740,4000619,-11.545999526977539,0.0,-0.3610599637031555,2.246267795562744,0x63380,typed SetPosClip in setup; no world transform asserted
com0l610,kaizoku_hyu,13,1000111,4000035,-11.166999816894531,0.0,0.6092795133590698,2.115217924118042,0x631C0,typed SetPosClip in setup; no world transform asserted
com0l610,kaizoku3,14,1000485,1200072,-7.017964839935303,0.0,7.914031028747559,1.4351578950881958,0x63180,typed SetPosClip in setup; no world transform asserted
com0l610,halambolo,15,1001747,1900094,-4.480000019073486,0.0,12.291261672973633,0.0,0x63140,typed SetPosClip in setup; no world transform asserted
com0l610,revelidge,16,1001746,1000333,-6.848999977111816,0.0,7.215332984924316,2.9338269233703613,0x63280,typed SetPosClip in setup; no world transform asserted
com0l610,mob15_lb_miko,17,1000296,4000080,-8.402093887329102,0.0,4.935516357421875,-2.8539726734161377,0x635C0,typed SetPosClip in setup; no world transform asserted
com0l610,mob18_lb_ruga,18,1000322,4000074,-8.602730751037598,0.0,5.701182842254639,3.0963666439056396,0x63440,typed SetPosClip in setup; no world transform asserted
com0l610,mob17_lb_hyu,19,1000415,4000122,-9.112787246704102,0.0,4.65826940536499,-2.6685004234313965,0x63480,typed SetPosClip in setup; no world transform asserted
com0l610,mob4,20,1000540,4000213,43.898597717285156,0.0,-2.0527260303497314,-2.7599360942840576,0x62D28,typed SetPosClip in setup; no world transform asserted
com0l610,mob1_lf_ere,21,1000541,4000214,-2.2489001750946045,0.0,-4.036282539367676,-3.0476009845733643,0x62EE8,typed SetPosClip in setup; no world transform asserted
com0l610,mob2_fl_lala_me,22,1000542,4000215,-2.466947555541992,0.0,-3.292956590652466,2.2034451961517334,0x63240,typed SetPosClip in setup; no world transform asserted
com0l610,mob3_lala_fl_co,23,1000716,4000230,-1.723233938217163,0.0,-3.335045099258423,2.8720078468322754,0x63874,typed SetPosClip in setup; no world transform asserted
com0l610,mob20_lb_miko,24,1000257,4000058,-7.4670000076293945,0.0,3.377485752105713,2.9677371978759766,0x63580,typed SetPosClip in setup; no world transform asserted
com0l610,mob4_fl_mico,25,1000776,4000464,-3.634352684020996,0.0,-3.4097604751586914,1.7656688690185547,0x62CE8,typed SetPosClip in setup; no world transform asserted
com0l610,mob5_fl_lala,26,1000295,4000079,-2.2132632732391357,0.0,-1.2922457456588745,-3.0820915699005127,0x63200,typed SetPosClip in setup; no world transform asserted
com0l610,mob6fl_ele,27,1000304,4000091,-0.6949539184570312,0.0,-3.1768956184387207,2.5769221782684326,0x63640,typed SetPosClip in setup; no world transform asserted
com0l610,mob16_lb_hyuF,28,1000416,4000123,-1.419461965560913,0.0,-3.7151737213134766,3.027620553970337,0x634C0,typed SetPosClip in setup; no world transform asserted
com0l610,mob21_lb_ruga,29,1000778,4000466,-10.45300006866455,0.005700158420950174,4.449928283691406,0.0,0x63540,typed SetPosClip in setup; no world transform asserted
com0l610,mob14_lb_lala,30,1000120,4000003,-5.288000106811523,0.0,6.486530303955078,3.0149896144866943,0x62F68,typed SetPosClip in setup; no world transform asserted
com0l610,mob15lb_hyu,31,1000121,4000003,-6.216000080108643,0.0,4.039079666137695,1.754578948020935,0x63500,typed SetPosClip in setup; no world transform asserted
com0l610,mob14_fc_ruga,32,1000101,4000023,-2.1272811889648438,0.0,-2.6350409984588623,2.6502621173858643,0x62FE8,typed SetPosClip in setup; no world transform asserted
com0l610,mob7_fc_ele,33,1000103,4000024,-0.7841067314147949,0.0,-1.8328275680541992,2.416215419769287,0x63600,typed SetPosClip in setup; no world transform asserted
com0l610,mob8_fc_hyes,34,1000104,4000025,-0.7284051179885864,0.0,-0.7356396913528442,2.398037910461426,0x62EA8,typed SetPosClip in setup; no world transform asserted
com0l610,mob9_fc_rara,35,1000105,4000026,-1.2992568016052246,0.0,0.35410866141319275,2.4396400451660156,0x62E28,typed SetPosClip in setup; no world transform asserted
com0l610,mob10_fc_ereF,36,1000422,4000129,-1.9799128770828247,0.0,-0.05601769685745239,2.6759164333343506,0x63680,typed SetPosClip in setup; no world transform asserted
com0l610,mob19_lb_ele,37,1000423,4000130,-5.89300012588501,0.0,4.7058892250061035,2.666422128677368,0x636C0,typed SetPosClip in setup; no world transform asserted
com0l610,mob11_fc_rara,38,1000305,4000087,-0.8380676507949829,0.0,0.82277512550354,2.5581884384155273,0x63700,typed SetPosClip in setup; no world transform asserted
com0l610,mob24,39,1000306,4000088,33.77919006347656,0.0,-3.6948485374450684,2.5966012477874756,0x63040,typed SetPosClip in setup; no world transform asserted
com0l610,mob12_fc_hyu,40,1000307,4000089,-2.9347782135009766,0.0,0.9806002974510193,2.731767177581787,0x62E68,typed SetPosClip in setup; no world transform asserted
com0l610,mob13_fc_ruga,41,1000545,4000218,-3.3525338172912598,0.0,-0.686920166015625,2.7767322063446045,0x62FA8,typed SetPosClip in setup; no world transform asserted
com0l610,mob27lb_miko,42,1000548,4000222,-6.811999797821045,0.0,5.519929885864258,2.4294233322143555,0x62DE8,typed SetPosClip in setup; no world transform asserted
com0l610,mob28lb_eremen,43,1000977,4000399,-6.828999996185303,0.0,6.1596598625183105,2.5152575969696045,0x62DA8,typed SetPosClip in setup; no world transform asserted
com0l610,reina,45,1000140,1000023,-11.166999816894531,0.0,0.6092795133590698,2.115217924118042,0x63400,typed SetPosClip in setup; no world transform asserted
com0l610,hananza,50,1000146,1900029,-6.811999797821045,0.0,5.519929885864258,2.4294233322143555,0x62F28,typed SetPosClip in setup; no world transform asserted
com0l610,puruden,51,1000168,1100450,-1.419461965560913,0.0,-3.7151737213134766,3.027620553970337,0x63100,typed SetPosClip in setup; no world transform asserted
com0l610,purumia,52,1000169,1100408,-1.419461965560913,0.0,-3.7151737213134766,3.027620553970337,0x63080,typed SetPosClip in setup; no world transform asserted
com0l610,ono,53,1200251,0,2.092219829559326,0.0,3.0247974395751953,0.0,0x630C0,typed SetPosClip in setup; no world transform asserted
com0u105,PC,4,0,0,-1725.3553466796875,56.10545349121094,113.04969024658203,-0.19663545489311218,0x52370,typed SetPosClip in setup; no world transform asserted
com0u105,URIANGER,5,1060009,2700002,-1725.52001953125,56.93584060668945,105.69021606445312,0.0,0x5231C,typed SetPosClip in setup; no world transform asserted
com0u105,Anole,6,6500035,3200205,-1726.415283203125,56.83106231689453,101.56377410888672,0.0,0x523C8,typed SetPosClip in setup; no world transform asserted
com0u110,PC,4,0,0,-1727.019287109375,55.7780647277832,121.2890396118164,2.57828688621521,0xBF10,typed SetPosClip in setup; no world transform asserted
com0u110,Thancred,5,1000185,1000010,-1719.4068603515625,55.947906494140625,99.5270767211914,0.0,0xBF50,typed SetPosClip in setup; no world transform asserted
com0u110,coblan,6,2202106,3202106,-1724.0753173828125,56.46623229980469,46.41526794433594,0.0,0xBFE8,typed SetPosClip in setup; no world transform asserted
com0u110,coblan2,8,2202106,3202106,-1724.0753173828125,56.46623229980469,46.41526794433594,0.0,0xC028,typed SetPosClip in setup; no world transform asserted
com0u410,PC,4,0,0,7.354280471801758,0.0,-14.726728439331055,1.4011486768722534,0x68F20,typed SetPosClip in setup; no world transform asserted
com0u410,Martine,5,1000656,1100382,8.591863632202148,4.261728763580322,-28.551334381103516,-1.5722100734710693,0x690E8,typed SetPosClip in setup; no world transform asserted
com0u410,Jeger,6,1000655,1000145,8.610251426696777,4.304081916809082,-29.508056640625,-1.5722100734710693,0x69128,typed SetPosClip in setup; no world transform asserted
com0u410,Aubrey,7,1500198,1000288,9.037797927856445,0.0,-14.622220993041992,-1.5058023929595947,0x68F60,typed SetPosClip in setup; no world transform asserted
com0u410,Cid,8,1001572,2700004,8.739130020141602,2.5577266216278076,-28.94635009765625,-1.5651655197143555,0x690A8,typed SetPosClip in setup; no world transform asserted
com0u410,Ebrelnaux,9,1060011,1200193,10.396833419799805,4.961558818817139,-28.49478530883789,-1.5722100734710693,0x69068,typed SetPosClip in setup; no world transform asserted
com0u410,USanziBenha,11,1500201,1900184,9.129158020019531,0.0,-17.25136375427246,-1.5058023929595947,0x69168,typed SetPosClip in setup; no world transform asserted
com0u410,Marshtale,12,1500212,1200188,9.046913146972656,0.0,-12.274850845336914,-1.5058023929595947,0x691A8,typed SetPosClip in setup; no world transform asserted
com0u510,PC,4,0,0,-1618.4178466796875,59.44603729248047,249.0219268798828,-2.043637990951538,0x5BC,typed SetPosClip in setup; no world transform asserted
com0u510,Charledore,5,1001719,1200197,-1621.32421875,59.28749084472656,247.25515747070312,1.0086398124694824,0x520,typed SetPosClip in setup; no world transform asserted
com0u510,Cid,6,1001572,2700004,-1611.9403076171875,57.414310455322266,245.16009521484375,-1.3887157440185547,0x57C,typed SetPosClip in setup; no world transform asserted
com0u610,PC,4,0,0,-15.008631706237793,36.00721740722656,56.0481071472168,-0.2076927125453949,0x8EF60,typed SetPosClip in setup; no world transform asserted
com0u610,Lohwaeb,5,1000644,1600101,-12.229750633239746,36.00721740722656,58.95538330078125,-0.5233246684074402,0x8F0A0,typed SetPosClip in setup; no world transform asserted
com0u610,Thancred,6,1000185,1000010,-17.167678833007812,36.00721740722656,56.97328186035156,0.0,0x8EFA0,typed SetPosClip in setup; no world transform asserted
com0u610,Popokkuli,7,1000040,1400080,-20.422164916992188,36.00721740722656,61.279266357421875,0.0,0x8ED84,typed SetPosClip in setup; no world transform asserted
com0u610,Seserukka,8,1000041,1400080,-19.58973503112793,36.00721740722656,61.43746566772461,0.0,0x8EE44,typed SetPosClip in setup; no world transform asserted
com0u610,Rururaji,9,1000840,1400060,-18.705678939819336,36.00721740722656,59.42289733886719,1.7885923385620117,0x8EF20,typed SetPosClip in setup; no world transform asserted
com0u610,OPondhao,10,1000781,1900109,-18.48556137084961,36.00721740722656,61.11336135864258,0.0,0x8EC44,typed SetPosClip in setup; no world transform asserted
com0u610,Minerva,11,1000783,1100390,-14.199142456054688,36.00721740722656,62.690250396728516,-0.371601402759552,0x8F120,typed SetPosClip in setup; no world transform asserted
com0u610,Bertram,12,1000782,1000051,-14.653152465820312,36.00721740722656,61.890663146972656,-0.2562538683414459,0x8EC84,typed SetPosClip in setup; no world transform asserted
com0u610,Zoengterbin,13,1000784,1600263,-16.495084762573242,36.00721740722656,59.89341735839844,-0.12472987920045853,0x8E938,typed SetPosClip in setup; no world transform asserted
com0u610,YhahAmariyo,14,1000786,1900117,-14.929762840270996,36.00721740722656,59.783016204833984,-0.3731168210506439,0x8E9B8,typed SetPosClip in setup; no world transform asserted
com0u610,Hildie,15,1000787,1300097,-15.16150188446045,36.00721740722656,58.39613723754883,-0.3079679608345032,0x8E9F8,typed SetPosClip in setup; no world transform asserted
com0u610,Lettice,16,1000788,1100370,-13.493863105773926,36.00721740722656,62.12909698486328,-0.4968721270561218,0x8E850,typed SetPosClip in setup; no world transform asserted
com0u610,Tyon,17,1000789,2200227,-17.36795997619629,36.00721740722656,61.04550552368164,0.0,0x8E890,typed SetPosClip in setup; no world transform asserted
com0u610,Raubahn,18,1060008,2700009,-17.880592346191406,36.25391387939453,66.66082000732422,2.775541067123413,0x8E7D0,typed SetPosClip in setup; no world transform asserted
com0u610,Gdatnan,19,1001425,1900158,-21.291030883789062,36.00721740722656,59.91218185424805,1.214908480644226,0x8EFE0,typed SetPosClip in setup; no world transform asserted
com0u610,Guillaunaux,20,1001427,1200153,-11.69770336151123,36.00721740722656,62.309261322021484,-1.6216182708740234,0x8F020,typed SetPosClip in setup; no world transform asserted
com0u610,Violenne,21,1001754,1300071,-19.376358032226562,36.00721740722656,58.340354919433594,0.536897599697113,0x8F0E0,typed SetPosClip in setup; no world transform asserted
com0u610,Lolorito,22,1060012,1400009,-24.19373321533203,38.00238037109375,81.84020233154297,2.8616597652435303,0x8F160,typed SetPosClip in setup; no world transform asserted
com0u610,Jurara,23,1060013,2700014,-20.5341854095459,38.00238037109375,82.73553466796875,2.8616597652435303,0x8F1A0,typed SetPosClip in setup; no world transform asserted
com0u610,Terrege,24,1060014,1400135,-21.58234977722168,38.00238037109375,82.49859619140625,2.8616597652435303,0x8F1E0,typed SetPosClip in setup; no world transform asserted
com0u610,Eolande,25,1060015,1000126,-19.546682357788086,38.00238037109375,83.21473693847656,2.8616597652435303,0x8F220,typed SetPosClip in setup; no world transform asserted
com0u610,Fyrgeiss,26,1060016,1000126,-22.98514175415039,38.00238037109375,82.3851547241211,2.8616597652435303,0x8F060,typed SetPosClip in setup; no world transform asserted
com0u610,Popori,27,1000651,1500009,-15.599989891052246,36.00721740722656,61.3863639831543,-0.3431682288646698,0x8EE84,typed SetPosClip in setup; no world transform asserted
com0u610,Fhruybolg,28,1000964,1600076,-18.184797286987305,36.00721740722656,58.310935974121094,-0.8826459050178528,0x8EEE0,typed SetPosClip in setup; no world transform asserted
com0u610,Pamisolaux,29,1600040,1200070,-13.838088989257812,36.00721740722656,60.296051025390625,-0.4959452748298645,0x8EBC4,typed SetPosClip in setup; no world transform asserted
com0u610,Mohtfryd,30,1001170,1600118,-19.44781494140625,36.00721740722656,59.78078842163086,0.2096935212612152,0x8EB84,typed SetPosClip in setup; no world transform asserted
com0u610,Deaustie,31,1000293,1300034,-12.33792495727539,36.00721740722656,55.03738784790039,-0.315971314907074,0x8EB44,typed SetPosClip in setup; no world transform asserted
com0u610,Gloiucen,32,1000917,1100130,-14.705107688903809,36.00721740722656,60.852046966552734,-0.490993469953537,0x8EC04,typed SetPosClip in setup; no world transform asserted
com0u610,Sophiane,33,1001741,1300199,-14.136308670043945,36.00721740722656,57.38534164428711,-0.4151068329811096,0x8EA38,typed SetPosClip in setup; no world transform asserted
com0u610,Blanhylt,34,1001742,1600037,-16.01546859741211,36.00721740722656,56.636287689208984,-0.12549223005771637,0x8EAEC,typed SetPosClip in setup; no world transform asserted
com0u610,Aleyn,35,1001743,1000034,-16.53943634033203,36.00721740722656,58.54804611206055,-0.15884631872177124,0x8E978,typed SetPosClip in setup; no world transform asserted
com0u610,Ufhiroh,36,1001744,1900185,-16.425785064697266,36.00721740722656,62.00253677368164,-0.05804113298654556,0x8E8F8,typed SetPosClip in setup; no world transform asserted
com0u610,Sedodo,37,1001745,1500132,-18.15892219543457,36.00721740722656,59.1109504699707,-0.949049711227417,0x8EAAC,typed SetPosClip in setup; no world transform asserted
com0u610,Raubahn2,39,1060008,2700009,-17.880592346191406,36.25391387939453,66.66082000732422,2.775541067123413,0x8E810,typed SetPosClip in setup; no world transform asserted
drg0j110,PC,4,0,0,1470.845947265625,15.583244323730469,-889.6378784179688,-2.96705961227417,0x2BD44,typed SetPosClip in setup; no world transform asserted
drg0j110,Estinien,5,1060040,1200199,1467.2750244140625,15.57426929473877,-902.9102783203125,0.1745329201221466,0x2BE50,typed SetPosClip in setup; no world transform asserted
drg0j110,noname,7,1000935,4000257,1467.2750244140625,15.57426929473877,-902.9102783203125,0.1745329201221466,0x2BE90,typed SetPosClip in setup; no world transform asserted
drg0j410,PC,4,0,0,159.22999572753906,237.0800018310547,477.8699951171875,-1.5707963705062866,0x3A04,typed SetPosClip in setup; no world transform asserted
drg0j410,Alverik,5,1002001,1000275,157.49855041503906,237.22238159179688,476.955322265625,-1.5707963705062866,0x3A44,typed SetPosClip in setup; no world transform asserted
drg0j410,Estinien,6,1060040,1200199,135.31280517578125,239.46392822265625,476.2507629394531,1.5707963705062866,0x3A84,typed SetPosClip in setup; no world transform asserted
drg0j610,PC,4,0,0,663.4788208007812,230.27687072753906,567.8097534179688,-2.96705961227417,0x11CFC,typed SetPosClip in setup; no world transform asserted
drg0j610,Estinien,5,1060040,1200199,663.4788208007812,230.27687072753906,567.8097534179688,-2.96705961227417,0x11DB4,typed SetPosClip in setup; no world transform asserted
drg0j610,Alberic,7,1002001,1000275,663.4788208007812,230.27687072753906,567.8097534179688,-2.96705961227417,0x11D3C,typed SetPosClip in setup; no world transform asserted
drg0j620,PC,4,0,0,663.4788208007812,230.27687072753906,567.8097534179688,-2.96705961227417,0x10EADC,typed SetPosClip in setup; no world transform asserted
drg0j620,Estinien,5,1060040,1200199,663.4788208007812,230.27687072753906,567.8097534179688,-2.96705961227417,0x10EB70,typed SetPosClip in setup; no world transform asserted
drg0j620,Alberic,7,1002001,1000275,663.4788208007812,230.27687072753906,567.8097534179688,-2.96705961227417,0x10EA9C,typed SetPosClip in setup; no world transform asserted
drg0j620,Haldras,8,1001983,1000126,663.4788208007812,230.27687072753906,567.8097534179688,-2.96705961227417,0x10EB1C,typed SetPosClip in setup; no world transform asserted
drg0j620,noname,9,1000935,4000257,663.4788208007812,230.27687072753906,567.8097534179688,-2.96705961227417,0x10EBC4,typed SetPosClip in setup; no world transform asserted
elv0l01a,PC,4,0,0,-0.12122540175914764,19.0,28.0,1.5707963705062866,0x714,typed SetPosClip in setup; no world transform asserted
elv0l02a,PC,4,0,0,-0.12122540175914764,40.01165008544922,28.0,1.5707963705062866,0x714,typed SetPosClip in setup; no world transform asserted
elv0l110,PC,4,0,0,5.224273204803467,21.012916564941406,-14.644963264465332,2.1398704051971436,0x5FC,typed SetPosClip in setup; no world transform asserted
elv0l110,ZANTHAEL,7,1000351,1600258,8.249406814575195,21.052886962890625,-16.271804809570312,2.377080202102661,0x5BC,typed SetPosClip in setup; no world transform asserted
elv0u01a,PC,4,0,0,-20.94242286682129,10.000977516174316,-43.152626037597656,-0.3317389190196991,0x5E0,typed SetPosClip in setup; no world transform asserted
elv0u02a,PC,4,0,0,-20.5478458404541,34.00630569458008,-44.98530960083008,-0.25398820638656616,0x5BC,typed SetPosClip in setup; no world transform asserted
gc01g210,PC,0,0,0,-229.60316467285156,16.54572868347168,311.2789306640625,1.8811248540878296,0xB7D7C,typed SetPosClip in setup; no world transform asserted
gc01g210,zyouhouya,5,1001812,1600139,-143.2567138671875,17.027111053466797,307.8825378417969,-1.3492823839187622,0xB7EEC,typed SetPosClip in setup; no world transform asserted
gc01g210,siro,6,1060003,2700001,-192.81008911132812,15.517637252807617,300.5865173339844,-2.716418743133545,0xB7FF0,typed SetPosClip in setup; no world transform asserted
gc01g210,kuro,7,1000552,2700012,-194.5020751953125,14.818502426147461,298.341796875,-2.716418743133545,0xB7F2C,typed SetPosClip in setup; no world transform asserted
gc01g210,flingship,8,1200039,0,-1.4946309328079224,0.0,0.0,0.0,0xB7F98,typed SetPosClip in setup; no world transform asserted
gc01g210,flingship2,9,1200039,0,-1.4946309328079224,0.0,0.0,0.0,0xB7C98,typed SetPosClip in setup; no world transform asserted
gc01g210,flingship3,10,1200039,0,-1.4946309328079224,0.0,0.0,0.0,0xB7E48,typed SetPosClip in setup; no world transform asserted
gc01l210,PC,3,0,0,-816.0208129882812,47.91300582885742,-2403.700439453125,1.075549602508545,0x116BAC,typed SetPosClip in setup; no world transform asserted
gc01l210,EBolaff,6,1001731,1900186,-831.3279418945312,40.47505187988281,-2388.02783203125,2.121509552001953,0x116A90,typed SetPosClip in setup; no world transform asserted
gc01l210,Saelbmoht,7,1001732,1600155,-831.3279418945312,40.47505187988281,-2388.02783203125,2.121509552001953,0x116A50,typed SetPosClip in setup; no world transform asserted
gc01l210,Jijina,8,1001733,1500138,-831.3279418945312,40.47505187988281,-2388.02783203125,2.121509552001953,0x116B10,typed SetPosClip in setup; no world transform asserted
gc01l210,SuzariSorezari,10,1001736,1400172,-831.8587036132812,40.56541442871094,-2389.2158203125,2.0770320892333984,0x116B50,typed SetPosClip in setup; no world transform asserted
gc01l210,EBRELNAUX,11,1060011,1200193,-831.5067749023438,40.51824951171875,-2387.072998046875,2.0988173484802246,0x116AD0,typed SetPosClip in setup; no world transform asserted
gc01u210,PC,4,0,0,-619.5771484375,-27.355756759643555,219.68795776367188,1.8920613527297974,0x17D134,typed SetPosClip in setup; no world transform asserted
gc01u210,White,5,1060003,2700001,-534.6915893554688,-40.02550506591797,220.68186950683594,2.1933720111846924,0x17D1F4,typed SetPosClip in setup; no world transform asserted
gc01u210,Soldier01,6,2280002,3280002,-526.8435668945312,-40.02550506591797,229.10202026367188,2.5294058322906494,0x17D174,typed SetPosClip in setup; no world transform asserted
gc01u210,Soldier02,7,2280003,3280003,-529.540283203125,-40.02550506591797,227.47244262695312,1.6995368003845215,0x17D234,typed SetPosClip in setup; no world transform asserted
gc01u210,Soldier03,8,2280004,3280004,-529.540283203125,-40.02550506591797,227.47244262695312,1.6995368003845215,0x17D274,typed SetPosClip in setup; no world transform asserted
gc01u210,Cid,10,1001572,2700004,-522.8143920898438,-39.83247756958008,223.39198303222656,0.9645012021064758,0x17D1B4,typed SetPosClip in setup; no world transform asserted
gc01u210,Soldier05,11,2280006,3280006,-526.6122436523438,-39.995052337646484,216.518310546875,1.5125824213027954,0x17D2D0,typed SetPosClip in setup; no world transform asserted
gc01u210,Kuroko,13,6500003,1500032,-518.80810546875,-41.777923583984375,224.47235107421875,1.5125824213027954,0x17D3EC,typed SetPosClip in setup; no world transform asserted
mnk0j110,PC,4,0,0,1281.22998046875,256.6679992675781,-170.93699645996094,0.0,0xB30C8,typed SetPosClip in setup; no world transform asserted
mnk0j110,Mack,5,1060032,2200241,1254.050048828125,258.89801025390625,-159.00100708007812,1.5707963705062866,0xB3188,typed SetPosClip in setup; no world transform asserted
mnk0j110,Emet,8,1060033,1000101,1.9052000045776367,0.0,-3.2926599979400635,1.6672049760818481,0xB3148,typed SetPosClip in setup; no world transform asserted
mnk0j110,NM_038,9,1001960,3202612,1279.97998046875,257.51300048828125,-159.7220001220703,-3.1415927410125732,0xB3108,typed SetPosClip in setup; no world transform asserted
mnk0j310,PC,4,0,0,111.44741821289062,0.6523874998092651,-80.12696838378906,-0.47558480501174927,0x4D8,typed SetPosClip in setup; no world transform asserted
mnk0j310,PC,4,0,0,111.44741821289062,0.6523874998092651,-80.12696838378906,-0.47558480501174927,0x7E4,typed SetPosClip in setup; no world transform asserted
mnk0j310,Mack,5,1060032,2200241,113.0199966430664,0.617796003818512,-74.47270202636719,2.7631006240844727,0x660,typed SetPosClip in setup; no world transform asserted
mnk0j610,m999z0,18,6500003,1500032,-175.8114776611328,20.92314910888672,359.38671875,3.0905368328094482,0x6DD48,typed SetPosClip in setup; no world transform asserted
mnk0j620,PC,4,0,0,-138.7519989013672,18.531999588012695,345.22601318359375,0.0,0x8ACBC,typed SetPosClip in setup; no world transform asserted
mnk0j620,Mack,5,1060032,2200241,-138.7519989013672,18.069799423217773,353.7359924316406,-3.1415927410125732,0x8ACFC,typed SetPosClip in setup; no world transform asserted
mnk0j620,Emet,8,1060033,1000101,0.0,0.0,0.0,0.0,0x8AD3C,typed SetPosClip in setup; no world transform asserted
pld0j110,PC,0,0,0,-1804.9791259765625,72.1710205078125,0.6954495906829834,2.6761231422424316,0x5BC,typed SetPosClip in setup; no world transform asserted
pld0j110,POPULACE_SOLKZA,5,1060041,1600175,-1804.005859375,72.1710205078125,0.6954495906829834,-2.3071343898773193,0x528,typed SetPosClip in setup; no world transform asserted
pld0j510,PC,0,0,0,317.60150146484375,247.99462890625,-894.0706787109375,-0.09304741024971008,0x129F0,typed SetPosClip in setup; no world transform asserted
pld0j510,POPULACE_JENLYN,6,1060042,1000146,317.4955139160156,247.99850463867188,-891.4407958984375,-0.04021044075489044,0x1295C,typed SetPosClip in setup; no world transform asserted
pld0j510,FIGHTER_GLADIAT,7,1001984,3280318,310.5067138671875,247.55052185058594,-902.7026977539062,0.768924355506897,0x127D8,typed SetPosClip in setup; no world transform asserted
pld0j510,FIGHTER_GLADIAT,8,1001984,3280318,310.5067138671875,247.55052185058594,-902.7026977539062,0.768924355506897,0x128C0,typed SetPosClip in setup; no world transform asserted
pld0j510,FIGHTER_GLADIAT,9,1001984,3280318,310.5067138671875,247.55052185058594,-902.7026977539062,0.768924355506897,0x1282C,typed SetPosClip in setup; no world transform asserted
pld0j510,FIGHTER_GLADIAT,10,1001984,3280318,310.5067138671875,247.55052185058594,-902.7026977539062,0.768924355506897,0x1286C,typed SetPosClip in setup; no world transform asserted
pld0j520,PC,0,0,0,319.55047607421875,247.99462890625,-892.5260009765625,3.116746664047241,0x6C774,typed SetPosClip in setup; no world transform asserted
pld0j520,POPULACE_SOLKZA,5,1060041,1600175,324.5230712890625,247.99462890625,-905.449951171875,-0.4731171131134033,0x6C7B4,typed SetPosClip in setup; no world transform asserted
pld0j520,POPULACE_JENLYN,7,1060042,1000146,319.55047607421875,247.9984893798828,-894.4683837890625,-0.04021044075489044,0x6C70C,typed SetPosClip in setup; no world transform asserted
pld0j520,FIGHTER_GLADIAT,8,1001984,3280318,330.4158935546875,247.76077270507812,-890.684814453125,-2.007319688796997,0x6C4F4,typed SetPosClip in setup; no world transform asserted
pld0j520,FIGHTER_GLADIAT,9,1001984,3280318,310.5066833496094,247.55052185058594,-902.7026977539062,0.768924355506897,0x6C48C,typed SetPosClip in setup; no world transform asserted
pld0j520,FIGHTER_GLADIAT,10,1001984,3280318,311.884033203125,247.62290954589844,-904.0967407226562,-1.2224907875061035,0x6C438,typed SetPosClip in setup; no world transform asserted
pld0j520,FIGHTER_GLADIAT,11,1001984,3280318,313.10382080078125,247.66632080078125,-901.9013061523438,-3.039680004119873,0x6C61C,typed SetPosClip in setup; no world transform asserted
pld0j520,EVGADGET_ASSASS,12,1200337,0,319.55047607421875,247.99462890625,-892.5260009765625,3.116746664047241,0x6C6B8,typed SetPosClip in setup; no world transform asserted
pld0j520,ARROW,13,6800007,1,319.55047607421875,247.99462890625,-892.5260009765625,3.116746664047241,0x6C548,typed SetPosClip in setup; no world transform asserted
pld0j610,PC,1,0,0,128.07000732421875,248.3040008544922,-1561.9720458984375,-2.98199462890625,0xAC96C,typed SetPosClip in setup; no world transform asserted
pld0j610,JENLYNS,3,1060042,1000146,125.56039428710938,248.66419982910156,-1579.1920166015625,2.4911770820617676,0xAC86C,typed SetPosClip in setup; no world transform asserted
pld0j610,SOLKZAGYL,4,1060041,1600175,124.60640716552734,248.6666717529297,-1579.5140380859375,-2.2642221450805664,0xAC92C,typed SetPosClip in setup; no world transform asserted
pld0j610,OGRE_1,5,1001975,3202504,124.32311248779297,247.64901733398438,-1590.4271240234375,0.07251393049955368,0xAC7AC,typed SetPosClip in setup; no world transform asserted
pld0j610,OGRE_2,6,1001975,3202504,128.3491973876953,247.83758544921875,-1587.079833984375,-0.39221030473709106,0xAC82C,typed SetPosClip in setup; no world transform asserted
pld0j610,OGRE_3,7,1001975,3202504,121.4322738647461,248.20962524414062,-1569.4464111328125,2.819986581802368,0xAC76C,typed SetPosClip in setup; no world transform asserted
pld0j610,AHRIMAN_1,8,1001976,3201708,119.12395477294922,250.1182403564453,-1574.6531982421875,2.19750714302063,0xAC8EC,typed SetPosClip in setup; no world transform asserted
pld0j610,AHRIMAN_3,9,1001976,3201708,110.61907958984375,251.33876037597656,-1564.055419921875,2.351569652557373,0xAC8AC,typed SetPosClip in setup; no world transform asserted
pld0j610,SOLKZAGYL_sub,12,1060041,1600175,124.60640716552734,248.6666717529297,-1579.5140380859375,-2.2642221450805664,0xAC7EC,typed SetPosClip in setup; no world transform asserted
pld0j620,Solkzagyl,5,1060041,1600175,125.21041870117188,248.25146484375,-1583.945068359375,-1.5707963705062866,0x1D3BC,typed SetPosClip in setup; no world transform asserted
pld0j620,Jenlyns,6,1060042,1000146,124.7428970336914,248.41807556152344,-1582.2696533203125,-1.5707963705062866,0x1D37C,typed SetPosClip in setup; no world transform asserted
pld0j620,Ogre,8,1001975,3202504,115.23703002929688,250.33909606933594,-1583.04736328125,-1.5707963705062866,0x1D33C,typed SetPosClip in setup; no world transform asserted
pld0j620,Ahriman,9,1001976,3201708,117.71472930908203,249.8507843017578,-1582.25,-1.5707963705062866,0x1D2FC,typed SetPosClip in setup; no world transform asserted
war0j310,PC,4,0,0,-1342.65673828125,56.699459075927734,489.3289489746094,0.0,0xA1790,typed SetPosClip in setup; no world transform asserted
war0j310,PadakuSondaku,5,1001329,1400123,-1345.7091064453125,56.48343276977539,486.88629150390625,-2.9432437419891357,0xA17D0,typed SetPosClip in setup; no world transform asserted
war0j310,Athalwolf,6,1001328,2200039,-1340.18115234375,56.48343276977539,486.88629150390625,2.9889776706695557,0xA1710,typed SetPosClip in setup; no world transform asserted
war0j310,Kikinori,7,1001322,1400139,-1365.7701416015625,56.02899932861328,525.3824462890625,-1.210680365562439,0xA16D0,typed SetPosClip in setup; no world transform asserted
war0j310,Tatafu,8,1001327,1500053,-1368.125244140625,56.16664123535156,531.6544189453125,-0.664419949054718,0xA1690,typed SetPosClip in setup; no world transform asserted
war0j310,Celie,9,1001323,1300100,-1361.4937744140625,56.14711380004883,520.3130493164062,0.37413376569747925,0xA1910,typed SetPosClip in setup; no world transform asserted
war0j310,AgzuRungzu,10,1001324,1400120,-1361.6453857421875,56.071861267089844,536.264404296875,-3.043649196624756,0xA1890,typed SetPosClip in setup; no world transform asserted
war0j310,Darimbeh,11,1001325,1900161,-1373.2789306640625,56.071861267089844,526.5457763671875,2.0576281547546387,0xA1750,typed SetPosClip in setup; no world transform asserted
war0j310,Iudprost,12,1001326,1100142,-1372.8731689453125,56.071861267089844,527.3931884765625,2.218301296234131,0xA1850,typed SetPosClip in setup; no world transform asserted
war0j310,Gaganji,13,1500065,1400006,-1377.89794921875,56.94354248046875,514.5594482421875,0.4872772991657257,0xA1634,typed SetPosClip in setup; no world transform asserted
war0j310,Curious,14,1060028,1600318,-1363.922607421875,56.174922943115234,522.639892578125,-1.7882871627807617,0xA18D0,typed SetPosClip in setup; no world transform asserted
war0j310,Sarra,15,1060029,1100419,-1364.0584716796875,56.0191650390625,529.7505493164062,-3.050666570663452,0xA1810,typed SetPosClip in setup; no world transform asserted
war0j310,Vulture01,16,1001084,1000126,-1354.36083984375,67.73499298095703,526.7623291015625,-2.889908790588379,0xA1990,typed SetPosClip in setup; no world transform asserted
war0j310,Vulture02,18,1001084,1000126,-1362.81689453125,57.111778259277344,522.0225830078125,0.4142976999282837,0xA1950,typed SetPosClip in setup; no world transform asserted
war0j310,Vulture03,19,1001084,1000126,-1365.2684326171875,56.699459075927734,521.159423828125,2.7350528240203857,0xA19D0,typed SetPosClip in setup; no world transform asserted
war0j610,PC,4,0,0,-1342.65673828125,55.81246566772461,478.67608642578125,1.7484555314695172e-07,0x7CE40,typed SetPosClip in setup; no world transform asserted
war0j610,PadakuSondaku,5,1001329,1400123,-1345.7091064453125,56.48343276977539,486.88629150390625,3.047410011291504,0x7CE00,typed SetPosClip in setup; no world transform asserted
war0j610,Athalwolf,6,1001328,2200039,-1340.18115234375,56.48343276977539,486.88629150390625,-2.6854500770568848,0x7CE80,typed SetPosClip in setup; no world transform asserted
war0j610,Kikinori,7,1001322,1400139,-1364.378173828125,56.16977310180664,532.5374145507812,2.5521748065948486,0x7CBE4,typed SetPosClip in setup; no world transform asserted
war0j610,Tatafu,8,1001327,1500053,-1365.794189453125,56.16664123535156,532.800537109375,2.4267237186431885,0x7CD80,typed SetPosClip in setup; no world transform asserted
war0j610,Celie,9,1001323,1300100,-1361.6400146484375,56.00347137451172,531.1051635742188,2.6681087017059326,0x7CD00,typed SetPosClip in setup; no world transform asserted
war0j610,AgzuRungzu,10,1001324,1400120,-1359.947998046875,56.071861267089844,529.7278442382812,-2.512685537338257,0x7CC40,typed SetPosClip in setup; no world transform asserted
war0j610,Darimbeh,11,1001325,1900161,-1374.56591796875,56.071861267089844,527.537109375,1.8007524013519287,0x7CD40,typed SetPosClip in setup; no world transform asserted
war0j610,Iudprost,12,1001326,1100142,-1371.27490234375,56.071861267089844,529.019287109375,1.8924965858459473,0x7CCC0,typed SetPosClip in setup; no world transform asserted
war0j610,Gaganji,13,1500065,1400006,-1374.926513671875,56.12412643432617,521.4122924804688,1.4579917192459106,0x7CB48,typed SetPosClip in setup; no world transform asserted
war0j610,Curious,14,1060028,1600318,-1361.165283203125,56.13682174682617,521.744873046875,-1.2490050792694092,0x7CC80,typed SetPosClip in setup; no world transform asserted
war0j610,Sarra,15,1060029,1100419,-1370.793212890625,56.0615348815918,525.6761474609375,1.7857437133789062,0x7CA64,typed SetPosClip in setup; no world transform asserted
war0j610,Vulture01,16,1001982,3201209,-1344.341552734375,56.5560302734375,502.9773254394531,-0.8820385336875916,0x7CF7C,typed SetPosClip in setup; no world transform asserted
war0j610,Vulture02,18,1001982,3201209,-1382.37939453125,69.95561218261719,503.0911560058594,0.4142976999282837,0x7CF3C,typed SetPosClip in setup; no world transform asserted
war0j610,Vulture03,19,1001982,3201209,-1412.518310546875,59.207763671875,507.53070068359375,0.6932352781295776,0x7CEFC,typed SetPosClip in setup; no world transform asserted
war0j610,Brother,20,1001985,1600296,-1368.3917236328125,56.092342376708984,524.087646484375,-0.7975586652755737,0x7CDC0,typed SetPosClip in setup; no world transform asserted
war0j620,PC,4,0,0,-1363.3975830078125,56.2635383605957,519.3212890625,-0.9535665512084961,0x3BDF0,typed SetPosClip in setup; no world transform asserted
war0j620,PadakuSondaku,5,1001329,1400123,-1363.1768798828125,55.99717712402344,528.2182006835938,-2.572145462036133,0x3BD70,typed SetPosClip in setup; no world transform asserted
war0j620,Athalwolf,6,1001328,2200039,-1374.258544921875,56.06235122680664,524.8499145507812,1.6982008218765259,0x3BF5C,typed SetPosClip in setup; no world transform asserted
war0j620,Kikinori,7,1001322,1400139,-1375.1243896484375,56.05344772338867,523.4998168945312,1.5071852207183838,0x3BDB0,typed SetPosClip in setup; no world transform asserted
war0j620,Tatafu,8,1001327,1500053,-1366.5157470703125,56.16664123535156,531.6544189453125,2.962099552154541,0x3BF08,typed SetPosClip in setup; no world transform asserted
war0j620,Celie,9,1001323,1300100,-1363.4072265625,56.00982666015625,530.3778686523438,-2.8573365211486816,0x3BE70,typed SetPosClip in setup; no world transform asserted
war0j620,AgzuRungzu,10,1001324,1400120,-1365.268310546875,56.165645599365234,531.8740844726562,-3.006269693374634,0x3BCF0,typed SetPosClip in setup; no world transform asserted
war0j620,Darimbeh,11,1001325,1900161,-1370.9017333984375,56.071861267089844,529.3648071289062,2.579287528991699,0x3BE30,typed SetPosClip in setup; no world transform asserted
war0j620,Iudprost,12,1001326,1100142,-1369.487060546875,56.071861267089844,528.6157836914062,2.6236860752105713,0x3BEB0,typed SetPosClip in setup; no world transform asserted
war0j620,Gaganji,13,1500065,1400006,-1374.9119873046875,56.09354782104492,522.6863403320312,1.4144985675811768,0x3BC44,typed SetPosClip in setup; no world transform asserted
war0j620,Curious,14,1060028,1600318,-1366.4637451171875,56.16486358642578,522.072998046875,2.36750864982605,0x3BC84,typed SetPosClip in setup; no world transform asserted
war0j620,Sarra,15,1060029,1100419,-1364.0584716796875,56.0191650390625,529.7505493164062,-2.9274702072143555,0x3BD30,typed SetPosClip in setup; no world transform asserted
war0j620,Brother,17,1001985,1600296,-1371.4583740234375,56.11565399169922,524.7391967773438,1.7936879396438599,0x3BB40,typed SetPosClip in setup; no world transform asserted
whm0j110,c00100,1,0,0,-1541.0,6.579999923706055,-1588.300048828125,-3.1415927410125732,0x8CD8C,typed SetPosClip in setup; no world transform asserted
whm0j110,c021a0,2,1001570,2700007,-1541.0,6.579999923706055,-1588.300048828125,-3.1415927410125732,0x8CCCC,typed SetPosClip in setup; no world transform asserted
whm0j110,m508b0,3,1060030,2600009,-1541.0,6.763603210449219,-1592.0,3.1415927410125732,0x8CD0C,typed SetPosClip in setup; no world transform asserted
whm0j110,m701c0,4,1001937,2480004,-1541.0,6.763603210449219,-1592.0,3.1415927410125732,0x8CD4C,typed SetPosClip in setup; no world transform asserted
whm0j110,m701d0,7,1001938,2480002,-1541.0,6.763603210449219,-1592.0,3.1415927410125732,0x8CDCC,typed SetPosClip in setup; no world transform asserted
whm0j410,c00100,1,0,0,0.0,0.0,0.0,0.0,0x15600,typed SetPosClip in setup; no world transform asserted
whm0j410,m508b0,2,1060030,2600009,0.0,0.0,0.0,0.0,0x15640,typed SetPosClip in setup; no world transform asserted
whm0j610,c00100,1,0,0,0.0,0.0,0.0,0.0,0xC18FC,typed SetPosClip in setup; no world transform asserted
whm0j610,m508b0,2,1060030,2600009,0.0,0.0,0.0,0.0,0xC193C,typed SetPosClip in setup; no world transform asserted
whm0j610,m99910,3,6500003,1500032,0.0,0.0,0.0,0.0,0xC18BC,typed SetPosClip in setup; no world transform asserted
whm0j610,m50810_FIRE,6,1001966,3204607,0.0,0.0,0.0,0.0,0xC197C,typed SetPosClip in setup; no world transform asserted
whm0j610,m50820_ICE,7,1001967,3204706,0.0,0.0,0.0,0.0,0xC183C,typed SetPosClip in setup; no world transform asserted
whm0j610,m50830_WIND,8,1001968,3204801,0.0,0.0,0.0,0.0,0xC17BC,typed SetPosClip in setup; no world transform asserted
whm0j610,m50840_EARTH,9,1001969,3204906,0.0,0.0,0.0,0.0,0xC187C,typed SetPosClip in setup; no world transform asserted
whm0j610,m50850_LIGHT,10,1001970,3205001,0.0,0.0,0.0,0.0,0xC17FC,typed SetPosClip in setup; no world transform asserted
whm0j610,m50860_WATER,11,1001971,3205101,0.0,0.0,0.0,0.0,0xC177C,typed SetPosClip in setup; no world transform asserted
