source,scheduler,state,active_block_offset_hex,active_duration_units,active_entry_count,entry_ordinal,record_offset_hex,record_size,clip_type_index,controlled_actor_index,clip_class,timeline_clip_id,resource_ref_index,resource_ref_id,resource_ref_type,start_units,effect_end_target_count,effect_end_target_ids,effect_end_target_classes,cancel_scheduler_tokens,entry_payload_hex,layer,scheduler_sha256,managed_scheduler
m029,2nitf_idle,action,0x210,100000,3,0,0x250,20,0,0,BindActorClip,0,,,,0,,,,,05 00 80 02 00 00 00 00 00 01 00 00,outer,d1075f086d7a975a63dbec5e5c8106fd033f92cf7a2c7158d35ddb2eacfc3bc7,
m029,2nitf_idle,action,0x210,100000,3,1,0x264,24,1,0,ClipSyncClip,1,,,,0,,,,,05 00 ff 00 01 00 00 00 01 80 00 00 00 00 00 00,outer,d1075f086d7a975a63dbec5e5c8106fd033f92cf7a2c7158d35ddb2eacfc3bc7,
m029,2nitf_idle,action,0x210,100000,3,2,0x27C,40,2,0,RaptureCasterManagedSchClip,2,,,,10000,,,,,05 00 a0 00 02 00 00 00 01 61 77 6c 30 5f 6f 6e 00 00 00 00 00 00 00 00 00 00 01 00 00 00 00 00,outer,d1075f086d7a975a63dbec5e5c8106fd033f92cf7a2c7158d35ddb2eacfc3bc7,awl0_on
m029,2nitb_idle,action,0x210,100000,3,0,0x250,20,0,0,BindActorClip,0,,,,0,,,,,05 00 80 02 00 00 00 00 00 01 00 00,outer,d1075f086d7a975a63dbec5e5c8106fd033f92cf7a2c7158d35ddb2eacfc3bc7,
m029,2nitb_idle,action,0x210,100000,3,1,0x264,24,1,0,ClipSyncClip,1,,,,0,,,,,05 00 ff 00 01 00 00 00 01 80 00 00 00 00 00 00,outer,d1075f086d7a975a63dbec5e5c8106fd033f92cf7a2c7158d35ddb2eacfc3bc7,
m029,2nitb_idle,action,0x210,100000,3,2,0x27C,40,2,0,RaptureCasterManagedSchClip,2,,,,10000,,,,,05 00 a0 00 02 00 00 00 01 61 77 6c 30 5f 6f 6e 00 00 00 00 00 00 00 00 00 00 01 00 00 00 00 00,outer,d1075f086d7a975a63dbec5e5c8106fd033f92cf7a2c7158d35ddb2eacfc3bc7,awl0_on
m029,2ms2f_dead,action,0x210,100000,3,0,0x250,20,0,0,BindActorClip,0,,,,0,,,,,05 00 80 02 00 00 00 00 00 01 00 00,outer,953d96eab57c569ec6da6a25286b65448a6e269b2a747a13ee7f2f4afd5ead51,
m029,2ms2f_dead,action,0x210,100000,3,1,0x264,24,1,0,ClipSyncClip,1,,,,0,,,,,05 00 ff 00 01 00 00 00 01 80 00 00 00 00 00 00,outer,953d96eab57c569ec6da6a25286b65448a6e269b2a747a13ee7f2f4afd5ead51,
m029,2ms2f_dead,action,0x210,100000,3,2,0x27C,40,2,0,RaptureCasterManagedSchClip,2,,,,10000,,,,,05 00 a0 00 02 00 00 00 01 61 77 6c 30 5f 6f 66 66 00 00 00 00 00 00 00 00 00 01 00 00 00 00 00,outer,953d96eab57c569ec6da6a25286b65448a6e269b2a747a13ee7f2f4afd5ead51,awl0_off
m029,2ms2b_dead,action,0x210,100000,3,0,0x250,20,0,0,BindActorClip,0,,,,0,,,,,05 00 80 02 00 00 00 00 00 01 00 00,outer,953d96eab57c569ec6da6a25286b65448a6e269b2a747a13ee7f2f4afd5ead51,
m029,2ms2b_dead,action,0x210,100000,3,1,0x264,24,1,0,ClipSyncClip,1,,,,0,,,,,05 00 ff 00 01 00 00 00 01 80 00 00 00 00 00 00,outer,953d96eab57c569ec6da6a25286b65448a6e269b2a747a13ee7f2f4afd5ead51,
m029,2ms2b_dead,action,0x210,100000,3,2,0x27C,40,2,0,RaptureCasterManagedSchClip,2,,,,10000,,,,,05 00 a0 00 02 00 00 00 01 61 77 6c 30 5f 6f 66 66 00 00 00 00 00 00 00 00 00 01 00 00 00 00 00,outer,953d96eab57c569ec6da6a25286b65448a6e269b2a747a13ee7f2f4afd5ead51,awl0_off
m029,awl0_on,action,0x210,300000,4,0,0x250,20,0,0,BindActorClip,0,,,,0,,,,,05 00 80 00 00 00 00 00 00 01 00 00,outer,ad1b8d23f921a986cc5aed2c6d4d01c484e1663f94e6a25f3378fb9f1ae7ff08,
m029,awl0_on,action,0x210,300000,4,1,0x264,40,1,0,ActionClip,1,1,awl0_on,bca,0,,,,,05 00 a0 02 01 00 00 00 01 00 00 00 80 ff 00 00 40 49 f9 ff 00 00 00 00 c0 b6 06 00 64 00 00 00,outer,ad1b8d23f921a986cc5aed2c6d4d01c484e1663f94e6a25f3378fb9f1ae7ff08,
m029,awl0_on,action,0x210,300000,4,2,0x28C,20,2,0,RaptureChantSyncClip,2,,,,30000,,,,,05 00 a0 00 02 00 00 00 00 00 00 00,outer,ad1b8d23f921a986cc5aed2c6d4d01c484e1663f94e6a25f3378fb9f1ae7ff08,
m029,awl0_on,action,0x210,300000,4,3,0x2A0,24,3,0,RaptureEffectEndClip,3,,,,50000,1,1,ActionClip,,05 00 a0 00 03 00 00 00 01 00 00 00 01 00 00 00,outer,ad1b8d23f921a986cc5aed2c6d4d01c484e1663f94e6a25f3378fb9f1ae7ff08,
m029,awl0_off,action,0x210,100000,2,0,0x250,20,0,0,BindActorClip,0,,,,0,,,,,05 00 80 00 00 00 00 00 00 01 00 00,outer,0518a01f3a2fa894e4913f75c74d1c81734896b15840e9800e9c7b92864fd9dc,
m029,awl0_off,action,0x210,100000,2,1,0x264,36,1,0,RaptureCancelChantSyncClip,1,,,,0,,,,,05 00 a0 00 01 00 00 00 01 61 77 6c 30 5f 6f 6e 00 00 00 00 00 00 00 00 00 00 00 00,outer,0518a01f3a2fa894e4913f75c74d1c81734896b15840e9800e9c7b92864fd9dc,awl0_on
m030,2nitf_idle,action,0x220,100000,4,0,0x260,20,0,0,BindActorClip,0,,,,0,,,,,05 00 80 02 00 00 00 00 00 01 00 00,outer,561e938568914d20d15824d0e85d1de90c21e7b3a5c1d41cbfc4c4d6275e8a0a,
m030,2nitf_idle,action,0x220,100000,4,1,0x274,44,1,0,MotionClip,1,,,,0,,,,,06 00 a0 00 01 00 00 00 00 00 00 00 a0 ff 00 00 00 00 00 00 00 00 00 00 10 27 00 00 64 00 00 00 ff ff ff 7f,outer,561e938568914d20d15824d0e85d1de90c21e7b3a5c1d41cbfc4c4d6275e8a0a,
m030,2nitf_idle,action,0x220,100000,4,2,0x2A0,24,2,0,ClipSyncClip,2,,,,0,,,,,05 00 ff 00 02 00 00 00 01 80 00 00 00 00 00 00,outer,561e938568914d20d15824d0e85d1de90c21e7b3a5c1d41cbfc4c4d6275e8a0a,
m030,2nitf_idle,action,0x220,100000,4,3,0x2B8,40,3,0,RaptureCasterManagedSchClip,3,,,,10000,,,,,05 00 a0 00 03 00 00 00 01 61 77 6c 30 5f 6f 6e 00 00 00 00 00 00 00 00 00 00 01 00 00 00 00 00,outer,561e938568914d20d15824d0e85d1de90c21e7b3a5c1d41cbfc4c4d6275e8a0a,awl0_on
m030,2nitb_idle,action,0x220,100000,4,0,0x260,20,0,0,BindActorClip,0,,,,0,,,,,05 00 80 02 00 00 00 00 00 01 00 00,outer,561e938568914d20d15824d0e85d1de90c21e7b3a5c1d41cbfc4c4d6275e8a0a,
m030,2nitb_idle,action,0x220,100000,4,1,0x274,44,1,0,MotionClip,1,,,,0,,,,,06 00 a0 00 01 00 00 00 00 00 00 00 a0 ff 00 00 00 00 00 00 00 00 00 00 10 27 00 00 64 00 00 00 ff ff ff 7f,outer,561e938568914d20d15824d0e85d1de90c21e7b3a5c1d41cbfc4c4d6275e8a0a,
m030,2nitb_idle,action,0x220,100000,4,2,0x2A0,24,2,0,ClipSyncClip,2,,,,0,,,,,05 00 ff 00 02 00 00 00 01 80 00 00 00 00 00 00,outer,561e938568914d20d15824d0e85d1de90c21e7b3a5c1d41cbfc4c4d6275e8a0a,
m030,2nitb_idle,action,0x220,100000,4,3,0x2B8,40,3,0,RaptureCasterManagedSchClip,3,,,,10000,,,,,05 00 a0 00 03 00 00 00 01 61 77 6c 30 5f 6f 6e 00 00 00 00 00 00 00 00 00 00 01 00 00 00 00 00,outer,561e938568914d20d15824d0e85d1de90c21e7b3a5c1d41cbfc4c4d6275e8a0a,awl0_on
m030,2ms2f_dead,action,0x210,100000,3,0,0x250,20,0,0,BindActorClip,0,,,,0,,,,,05 00 80 02 00 00 00 00 00 01 00 00,outer,953d96eab57c569ec6da6a25286b65448a6e269b2a747a13ee7f2f4afd5ead51,
m030,2ms2f_dead,action,0x210,100000,3,1,0x264,24,1,0,ClipSyncClip,1,,,,0,,,,,05 00 ff 00 01 00 00 00 01 80 00 00 00 00 00 00,outer,953d96eab57c569ec6da6a25286b65448a6e269b2a747a13ee7f2f4afd5ead51,
m030,2ms2f_dead,action,0x210,100000,3,2,0x27C,40,2,0,RaptureCasterManagedSchClip,2,,,,10000,,,,,05 00 a0 00 02 00 00 00 01 61 77 6c 30 5f 6f 66 66 00 00 00 00 00 00 00 00 00 01 00 00 00 00 00,outer,953d96eab57c569ec6da6a25286b65448a6e269b2a747a13ee7f2f4afd5ead51,awl0_off
m030,2ms2b_dead,action,0x210,100000,3,0,0x250,20,0,0,BindActorClip,0,,,,0,,,,,05 00 80 02 00 00 00 00 00 01 00 00,outer,953d96eab57c569ec6da6a25286b65448a6e269b2a747a13ee7f2f4afd5ead51,
m030,2ms2b_dead,action,0x210,100000,3,1,0x264,24,1,0,ClipSyncClip,1,,,,0,,,,,05 00 ff 00 01 00 00 00 01 80 00 00 00 00 00 00,outer,953d96eab57c569ec6da6a25286b65448a6e269b2a747a13ee7f2f4afd5ead51,
m030,2ms2b_dead,action,0x210,100000,3,2,0x27C,40,2,0,RaptureCasterManagedSchClip,2,,,,10000,,,,,05 00 a0 00 02 00 00 00 01 61 77 6c 30 5f 6f 66 66 00 00 00 00 00 00 00 00 00 01 00 00 00 00 00,outer,953d96eab57c569ec6da6a25286b65448a6e269b2a747a13ee7f2f4afd5ead51,awl0_off
m030,awl0_on,action,0x210,300000,4,0,0x250,20,0,0,BindActorClip,0,,,,0,,,,,05 00 80 00 00 00 00 00 00 01 00 00,outer,ad1b8d23f921a986cc5aed2c6d4d01c484e1663f94e6a25f3378fb9f1ae7ff08,
m030,awl0_on,action,0x210,300000,4,1,0x264,40,1,0,ActionClip,1,1,awl0_on,bca,0,,,,,05 00 a0 02 01 00 00 00 01 00 00 00 80 ff 00 00 40 49 f9 ff 00 00 00 00 c0 b6 06 00 64 00 00 00,outer,ad1b8d23f921a986cc5aed2c6d4d01c484e1663f94e6a25f3378fb9f1ae7ff08,
m030,awl0_on,action,0x210,300000,4,2,0x28C,20,2,0,RaptureChantSyncClip,2,,,,30000,,,,,05 00 a0 00 02 00 00 00 00 00 00 00,outer,ad1b8d23f921a986cc5aed2c6d4d01c484e1663f94e6a25f3378fb9f1ae7ff08,
m030,awl0_on,action,0x210,300000,4,3,0x2A0,24,3,0,RaptureEffectEndClip,3,,,,50000,1,1,ActionClip,,05 00 a0 00 03 00 00 00 01 00 00 00 01 00 00 00,outer,ad1b8d23f921a986cc5aed2c6d4d01c484e1663f94e6a25f3378fb9f1ae7ff08,
m030,awl0_off,action,0x210,100000,2,0,0x250,20,0,0,BindActorClip,0,,,,0,,,,,05 00 80 00 00 00 00 00 00 01 00 00,outer,0518a01f3a2fa894e4913f75c74d1c81734896b15840e9800e9c7b92864fd9dc,
m030,awl0_off,action,0x210,100000,2,1,0x264,36,1,0,RaptureCancelChantSyncClip,1,,,,0,,,,,05 00 a0 00 01 00 00 00 01 61 77 6c 30 5f 6f 6e 00 00 00 00 00 00 00 00 00 00 00 00,outer,0518a01f3a2fa894e4913f75c74d1c81734896b15840e9800e9c7b92864fd9dc,awl0_on
m030,2nitf_dead,action,0x220,50000,3,0,0x260,20,0,0,BindActorClip,0,,,,0,,,,,05 00 80 00 00 00 00 00 00 01 00 00,outer,5f3a55b634b438499f14b0eaa674f94a6a2bdd51eb24a24305655390d025c86f,
m030,2nitf_dead,action,0x220,50000,3,1,0x274,44,1,0,MotionClip,1,,,,0,,,,,06 00 a0 00 01 00 00 00 01 00 00 00 a0 ff 00 00 00 00 00 00 00 00 00 00 10 27 00 00 64 00 00 00 ff ff ff 7f,outer,5f3a55b634b438499f14b0eaa674f94a6a2bdd51eb24a24305655390d025c86f,
m030,2nitf_dead,action,0x220,50000,3,2,0x2A0,16,2,0,RaptureChantSyncClip,2,,,,10000,,,,,06 00 a0 00 02 00 00 00,outer,5f3a55b634b438499f14b0eaa674f94a6a2bdd51eb24a24305655390d025c86f,
m030,2nitb_dead,action,0x220,50000,3,0,0x260,20,0,0,BindActorClip,0,,,,0,,,,,05 00 80 00 00 00 00 00 00 01 00 00,outer,5f3a55b634b438499f14b0eaa674f94a6a2bdd51eb24a24305655390d025c86f,
m030,2nitb_dead,action,0x220,50000,3,1,0x274,44,1,0,MotionClip,1,,,,0,,,,,06 00 a0 00 01 00 00 00 01 00 00 00 a0 ff 00 00 00 00 00 00 00 00 00 00 10 27 00 00 64 00 00 00 ff ff ff 7f,outer,5f3a55b634b438499f14b0eaa674f94a6a2bdd51eb24a24305655390d025c86f,
m030,2nitb_dead,action,0x220,50000,3,2,0x2A0,16,2,0,RaptureChantSyncClip,2,,,,10000,,,,,06 00 a0 00 02 00 00 00,outer,5f3a55b634b438499f14b0eaa674f94a6a2bdd51eb24a24305655390d025c86f,
m031,2nitf_idle,action,0x210,100000,3,0,0x250,20,0,0,BindActorClip,0,,,,0,,,,,05 00 80 02 00 00 00 00 00 01 00 00,outer,d1075f086d7a975a63dbec5e5c8106fd033f92cf7a2c7158d35ddb2eacfc3bc7,
m031,2nitf_idle,action,0x210,100000,3,1,0x264,24,1,0,ClipSyncClip,1,,,,0,,,,,05 00 ff 00 01 00 00 00 01 80 00 00 00 00 00 00,outer,d1075f086d7a975a63dbec5e5c8106fd033f92cf7a2c7158d35ddb2eacfc3bc7,
m031,2nitf_idle,action,0x210,100000,3,2,0x27C,40,2,0,RaptureCasterManagedSchClip,2,,,,10000,,,,,05 00 a0 00 02 00 00 00 01 61 77 6c 30 5f 6f 6e 00 00 00 00 00 00 00 00 00 00 01 00 00 00 00 00,outer,d1075f086d7a975a63dbec5e5c8106fd033f92cf7a2c7158d35ddb2eacfc3bc7,awl0_on
m031,2nitb_idle,action,0x210,100000,3,0,0x250,20,0,0,BindActorClip,0,,,,0,,,,,05 00 80 02 00 00 00 00 00 01 00 00,outer,d1075f086d7a975a63dbec5e5c8106fd033f92cf7a2c7158d35ddb2eacfc3bc7,
m031,2nitb_idle,action,0x210,100000,3,1,0x264,24,1,0,ClipSyncClip,1,,,,0,,,,,05 00 ff 00 01 00 00 00 01 80 00 00 00 00 00 00,outer,d1075f086d7a975a63dbec5e5c8106fd033f92cf7a2c7158d35ddb2eacfc3bc7,
m031,2nitb_idle,action,0x210,100000,3,2,0x27C,40,2,0,RaptureCasterManagedSchClip,2,,,,10000,,,,,05 00 a0 00 02 00 00 00 01 61 77 6c 30 5f 6f 6e 00 00 00 00 00 00 00 00 00 00 01 00 00 00 00 00,outer,d1075f086d7a975a63dbec5e5c8106fd033f92cf7a2c7158d35ddb2eacfc3bc7,awl0_on
m031,2ms2f_dead,action,0x210,100000,3,0,0x250,20,0,0,BindActorClip,0,,,,0,,,,,05 00 80 02 00 00 00 00 00 01 00 00,outer,953d96eab57c569ec6da6a25286b65448a6e269b2a747a13ee7f2f4afd5ead51,
m031,2ms2f_dead,action,0x210,100000,3,1,0x264,24,1,0,ClipSyncClip,1,,,,0,,,,,05 00 ff 00 01 00 00 00 01 80 00 00 00 00 00 00,outer,953d96eab57c569ec6da6a25286b65448a6e269b2a747a13ee7f2f4afd5ead51,
m031,2ms2f_dead,action,0x210,100000,3,2,0x27C,40,2,0,RaptureCasterManagedSchClip,2,,,,10000,,,,,05 00 a0 00 02 00 00 00 01 61 77 6c 30 5f 6f 66 66 00 00 00 00 00 00 00 00 00 01 00 00 00 00 00,outer,953d96eab57c569ec6da6a25286b65448a6e269b2a747a13ee7f2f4afd5ead51,awl0_off
m031,2ms2b_dead,action,0x210,100000,3,0,0x250,20,0,0,BindActorClip,0,,,,0,,,,,05 00 80 02 00 00 00 00 00 01 00 00,outer,953d96eab57c569ec6da6a25286b65448a6e269b2a747a13ee7f2f4afd5ead51,
m031,2ms2b_dead,action,0x210,100000,3,1,0x264,24,1,0,ClipSyncClip,1,,,,0,,,,,05 00 ff 00 01 00 00 00 01 80 00 00 00 00 00 00,outer,953d96eab57c569ec6da6a25286b65448a6e269b2a747a13ee7f2f4afd5ead51,
m031,2ms2b_dead,action,0x210,100000,3,2,0x27C,40,2,0,RaptureCasterManagedSchClip,2,,,,10000,,,,,05 00 a0 00 02 00 00 00 01 61 77 6c 30 5f 6f 66 66 00 00 00 00 00 00 00 00 00 01 00 00 00 00 00,outer,953d96eab57c569ec6da6a25286b65448a6e269b2a747a13ee7f2f4afd5ead51,awl0_off
m031,awl0_on,action,0x210,300000,4,0,0x250,20,0,0,BindActorClip,0,,,,0,,,,,05 00 80 00 00 00 00 00 00 01 00 00,outer,ad1b8d23f921a986cc5aed2c6d4d01c484e1663f94e6a25f3378fb9f1ae7ff08,
m031,awl0_on,action,0x210,300000,4,1,0x264,40,1,0,ActionClip,1,1,awl0_on,bca,0,,,,,05 00 a0 02 01 00 00 00 01 00 00 00 80 ff 00 00 40 49 f9 ff 00 00 00 00 c0 b6 06 00 64 00 00 00,outer,ad1b8d23f921a986cc5aed2c6d4d01c484e1663f94e6a25f3378fb9f1ae7ff08,
m031,awl0_on,action,0x210,300000,4,2,0x28C,20,2,0,RaptureChantSyncClip,2,,,,30000,,,,,05 00 a0 00 02 00 00 00 00 00 00 00,outer,ad1b8d23f921a986cc5aed2c6d4d01c484e1663f94e6a25f3378fb9f1ae7ff08,
m031,awl0_on,action,0x210,300000,4,3,0x2A0,24,3,0,RaptureEffectEndClip,3,,,,50000,1,1,ActionClip,,05 00 a0 00 03 00 00 00 01 00 00 00 01 00 00 00,outer,ad1b8d23f921a986cc5aed2c6d4d01c484e1663f94e6a25f3378fb9f1ae7ff08,
m031,awl0_off,action,0x210,100000,2,0,0x250,20,0,0,BindActorClip,0,,,,0,,,,,05 00 80 00 00 00 00 00 00 01 00 00,outer,0518a01f3a2fa894e4913f75c74d1c81734896b15840e9800e9c7b92864fd9dc,
m031,awl0_off,action,0x210,100000,2,1,0x264,36,1,0,RaptureCancelChantSyncClip,1,,,,0,,,,,05 00 a0 00 01 00 00 00 01 61 77 6c 30 5f 6f 6e 00 00 00 00 00 00 00 00 00 00 00 00,outer,0518a01f3a2fa894e4913f75c74d1c81734896b15840e9800e9c7b92864fd9dc,awl0_on
m037,initf_idle,action,0x210,100000,3,0,0x250,20,0,0,BindActorClip,0,,,,0,,,,,05 00 80 02 00 00 00 00 00 01 00 00,outer,d1075f086d7a975a63dbec5e5c8106fd033f92cf7a2c7158d35ddb2eacfc3bc7,
m037,initf_idle,action,0x210,100000,3,1,0x264,24,1,0,ClipSyncClip,1,,,,0,,,,,05 00 ff 00 01 00 00 00 01 80 00 00 00 00 00 00,outer,d1075f086d7a975a63dbec5e5c8106fd033f92cf7a2c7158d35ddb2eacfc3bc7,
m037,initf_idle,action,0x210,100000,3,2,0x27C,40,2,0,RaptureCasterManagedSchClip,2,,,,10000,,,,,05 00 a0 00 02 00 00 00 01 61 77 6c 30 5f 6f 6e 00 00 00 00 00 00 00 00 00 00 01 00 00 00 00 00,outer,d1075f086d7a975a63dbec5e5c8106fd033f92cf7a2c7158d35ddb2eacfc3bc7,awl0_on
m037,initb_idle,action,0x210,100000,3,0,0x250,20,0,0,BindActorClip,0,,,,0,,,,,05 00 80 02 00 00 00 00 00 01 00 00,outer,d1075f086d7a975a63dbec5e5c8106fd033f92cf7a2c7158d35ddb2eacfc3bc7,
m037,initb_idle,action,0x210,100000,3,1,0x264,24,1,0,ClipSyncClip,1,,,,0,,,,,05 00 ff 00 01 00 00 00 01 80 00 00 00 00 00 00,outer,d1075f086d7a975a63dbec5e5c8106fd033f92cf7a2c7158d35ddb2eacfc3bc7,
m037,initb_idle,action,0x210,100000,3,2,0x27C,40,2,0,RaptureCasterManagedSchClip,2,,,,10000,,,,,05 00 a0 00 02 00 00 00 01 61 77 6c 30 5f 6f 6e 00 00 00 00 00 00 00 00 00 00 01 00 00 00 00 00,outer,d1075f086d7a975a63dbec5e5c8106fd033f92cf7a2c7158d35ddb2eacfc3bc7,awl0_on
m037,ams2f_dead,action,0x210,100000,3,0,0x250,20,0,0,BindActorClip,0,,,,0,,,,,05 00 80 02 00 00 00 00 00 01 00 00,outer,953d96eab57c569ec6da6a25286b65448a6e269b2a747a13ee7f2f4afd5ead51,
m037,ams2f_dead,action,0x210,100000,3,1,0x264,24,1,0,ClipSyncClip,1,,,,0,,,,,05 00 ff 00 01 00 00 00 01 80 00 00 00 00 00 00,outer,953d96eab57c569ec6da6a25286b65448a6e269b2a747a13ee7f2f4afd5ead51,
m037,ams2f_dead,action,0x210,100000,3,2,0x27C,40,2,0,RaptureCasterManagedSchClip,2,,,,10000,,,,,05 00 a0 00 02 00 00 00 01 61 77 6c 30 5f 6f 66 66 00 00 00 00 00 00 00 00 00 01 00 00 00 00 00,outer,953d96eab57c569ec6da6a25286b65448a6e269b2a747a13ee7f2f4afd5ead51,awl0_off
m037,ams2b_dead,action,0x210,100000,3,0,0x250,20,0,0,BindActorClip,0,,,,0,,,,,05 00 80 02 00 00 00 00 00 01 00 00,outer,953d96eab57c569ec6da6a25286b65448a6e269b2a747a13ee7f2f4afd5ead51,
m037,ams2b_dead,action,0x210,100000,3,1,0x264,24,1,0,ClipSyncClip,1,,,,0,,,,,05 00 ff 00 01 00 00 00 01 80 00 00 00 00 00 00,outer,953d96eab57c569ec6da6a25286b65448a6e269b2a747a13ee7f2f4afd5ead51,
m037,ams2b_dead,action,0x210,100000,3,2,0x27C,40,2,0,RaptureCasterManagedSchClip,2,,,,10000,,,,,05 00 a0 00 02 00 00 00 01 61 77 6c 30 5f 6f 66 66 00 00 00 00 00 00 00 00 00 01 00 00 00 00 00,outer,953d96eab57c569ec6da6a25286b65448a6e269b2a747a13ee7f2f4afd5ead51,awl0_off
m037,awl0_on,action,0x210,300000,4,0,0x250,20,0,0,BindActorClip,0,,,,0,,,,,05 00 80 00 00 00 00 00 00 01 00 00,outer,ad1b8d23f921a986cc5aed2c6d4d01c484e1663f94e6a25f3378fb9f1ae7ff08,
m037,awl0_on,action,0x210,300000,4,1,0x264,40,1,0,ActionClip,1,1,awl0_on,bca,0,,,,,05 00 a0 02 01 00 00 00 01 00 00 00 80 ff 00 00 40 49 f9 ff 00 00 00 00 c0 b6 06 00 64 00 00 00,outer,ad1b8d23f921a986cc5aed2c6d4d01c484e1663f94e6a25f3378fb9f1ae7ff08,
m037,awl0_on,action,0x210,300000,4,2,0x28C,20,2,0,RaptureChantSyncClip,2,,,,30000,,,,,05 00 a0 00 02 00 00 00 00 00 00 00,outer,ad1b8d23f921a986cc5aed2c6d4d01c484e1663f94e6a25f3378fb9f1ae7ff08,
m037,awl0_on,action,0x210,300000,4,3,0x2A0,24,3,0,RaptureEffectEndClip,3,,,,50000,1,1,ActionClip,,05 00 a0 00 03 00 00 00 01 00 00 00 01 00 00 00,outer,ad1b8d23f921a986cc5aed2c6d4d01c484e1663f94e6a25f3378fb9f1ae7ff08,
m037,awl0_off,action,0x210,100000,2,0,0x250,20,0,0,BindActorClip,0,,,,0,,,,,05 00 80 00 00 00 00 00 00 01 00 00,outer,0518a01f3a2fa894e4913f75c74d1c81734896b15840e9800e9c7b92864fd9dc,
m037,awl0_off,action,0x210,100000,2,1,0x264,36,1,0,RaptureCancelChantSyncClip,1,,,,0,,,,,05 00 a0 00 01 00 00 00 01 61 77 6c 30 5f 6f 6e 00 00 00 00 00 00 00 00 00 00 00 00,outer,0518a01f3a2fa894e4913f75c74d1c81734896b15840e9800e9c7b92864fd9dc,awl0_on
m038,2nitf_idle,action,0x210,100000,3,0,0x250,20,0,0,BindActorClip,0,,,,0,,,,,05 00 80 02 00 00 00 00 00 01 00 00,outer,d1075f086d7a975a63dbec5e5c8106fd033f92cf7a2c7158d35ddb2eacfc3bc7,
m038,2nitf_idle,action,0x210,100000,3,1,0x264,24,1,0,ClipSyncClip,1,,,,0,,,,,05 00 ff 00 01 00 00 00 01 80 00 00 00 00 00 00,outer,d1075f086d7a975a63dbec5e5c8106fd033f92cf7a2c7158d35ddb2eacfc3bc7,
m038,2nitf_idle,action,0x210,100000,3,2,0x27C,40,2,0,RaptureCasterManagedSchClip,2,,,,10000,,,,,05 00 a0 00 02 00 00 00 01 61 77 6c 30 5f 6f 6e 00 00 00 00 00 00 00 00 00 00 01 00 00 00 00 00,outer,d1075f086d7a975a63dbec5e5c8106fd033f92cf7a2c7158d35ddb2eacfc3bc7,awl0_on
m038,2nitb_idle,action,0x210,100000,3,0,0x250,20,0,0,BindActorClip,0,,,,0,,,,,05 00 80 02 00 00 00 00 00 01 00 00,outer,d1075f086d7a975a63dbec5e5c8106fd033f92cf7a2c7158d35ddb2eacfc3bc7,
m038,2nitb_idle,action,0x210,100000,3,1,0x264,24,1,0,ClipSyncClip,1,,,,0,,,,,05 00 ff 00 01 00 00 00 01 80 00 00 00 00 00 00,outer,d1075f086d7a975a63dbec5e5c8106fd033f92cf7a2c7158d35ddb2eacfc3bc7,
m038,2nitb_idle,action,0x210,100000,3,2,0x27C,40,2,0,RaptureCasterManagedSchClip,2,,,,10000,,,,,05 00 a0 00 02 00 00 00 01 61 77 6c 30 5f 6f 6e 00 00 00 00 00 00 00 00 00 00 01 00 00 00 00 00,outer,d1075f086d7a975a63dbec5e5c8106fd033f92cf7a2c7158d35ddb2eacfc3bc7,awl0_on
m038,2ms2f_dead,action,0x210,100000,3,0,0x250,20,0,0,BindActorClip,0,,,,0,,,,,05 00 80 02 00 00 00 00 00 01 00 00,outer,953d96eab57c569ec6da6a25286b65448a6e269b2a747a13ee7f2f4afd5ead51,
m038,2ms2f_dead,action,0x210,100000,3,1,0x264,24,1,0,ClipSyncClip,1,,,,0,,,,,05 00 ff 00 01 00 00 00 01 80 00 00 00 00 00 00,outer,953d96eab57c569ec6da6a25286b65448a6e269b2a747a13ee7f2f4afd5ead51,
m038,2ms2f_dead,action,0x210,100000,3,2,0x27C,40,2,0,RaptureCasterManagedSchClip,2,,,,10000,,,,,05 00 a0 00 02 00 00 00 01 61 77 6c 30 5f 6f 66 66 00 00 00 00 00 00 00 00 00 01 00 00 00 00 00,outer,953d96eab57c569ec6da6a25286b65448a6e269b2a747a13ee7f2f4afd5ead51,awl0_off
m038,2ms2b_dead,action,0x210,100000,3,0,0x250,20,0,0,BindActorClip,0,,,,0,,,,,05 00 80 02 00 00 00 00 00 01 00 00,outer,953d96eab57c569ec6da6a25286b65448a6e269b2a747a13ee7f2f4afd5ead51,
m038,2ms2b_dead,action,0x210,100000,3,1,0x264,24,1,0,ClipSyncClip,1,,,,0,,,,,05 00 ff 00 01 00 00 00 01 80 00 00 00 00 00 00,outer,953d96eab57c569ec6da6a25286b65448a6e269b2a747a13ee7f2f4afd5ead51,
m038,2ms2b_dead,action,0x210,100000,3,2,0x27C,40,2,0,RaptureCasterManagedSchClip,2,,,,10000,,,,,05 00 a0 00 02 00 00 00 01 61 77 6c 30 5f 6f 66 66 00 00 00 00 00 00 00 00 00 01 00 00 00 00 00,outer,953d96eab57c569ec6da6a25286b65448a6e269b2a747a13ee7f2f4afd5ead51,awl0_off
m038,awl0_on,action,0x210,300000,4,0,0x250,20,0,0,BindActorClip,0,,,,0,,,,,05 00 80 00 00 00 00 00 00 01 00 00,outer,ad1b8d23f921a986cc5aed2c6d4d01c484e1663f94e6a25f3378fb9f1ae7ff08,
m038,awl0_on,action,0x210,300000,4,1,0x264,40,1,0,ActionClip,1,1,awl0_on,bca,0,,,,,05 00 a0 02 01 00 00 00 01 00 00 00 80 ff 00 00 40 49 f9 ff 00 00 00 00 c0 b6 06 00 64 00 00 00,outer,ad1b8d23f921a986cc5aed2c6d4d01c484e1663f94e6a25f3378fb9f1ae7ff08,
m038,awl0_on,action,0x210,300000,4,2,0x28C,20,2,0,RaptureChantSyncClip,2,,,,30000,,,,,05 00 a0 00 02 00 00 00 00 00 00 00,outer,ad1b8d23f921a986cc5aed2c6d4d01c484e1663f94e6a25f3378fb9f1ae7ff08,
m038,awl0_on,action,0x210,300000,4,3,0x2A0,24,3,0,RaptureEffectEndClip,3,,,,50000,1,1,ActionClip,,05 00 a0 00 03 00 00 00 01 00 00 00 01 00 00 00,outer,ad1b8d23f921a986cc5aed2c6d4d01c484e1663f94e6a25f3378fb9f1ae7ff08,
m038,awl0_off,action,0x210,100000,2,0,0x250,20,0,0,BindActorClip,0,,,,0,,,,,05 00 80 00 00 00 00 00 00 01 00 00,outer,0518a01f3a2fa894e4913f75c74d1c81734896b15840e9800e9c7b92864fd9dc,
m038,awl0_off,action,0x210,100000,2,1,0x264,36,1,0,RaptureCancelChantSyncClip,1,,,,0,,,,,05 00 a0 00 01 00 00 00 01 61 77 6c 30 5f 6f 6e 00 00 00 00 00 00 00 00 00 00 00 00,outer,0518a01f3a2fa894e4913f75c74d1c81734896b15840e9800e9c7b92864fd9dc,awl0_on
m049,2nitf_idle,action,0x210,100000,3,0,0x250,20,0,0,BindActorClip,0,,,,0,,,,,05 00 80 02 00 00 00 00 00 01 00 00,outer,4476a6c675929ff69b38a02d40e99bebede2d19cbbbfee815fd6ad9e309e2fdb,
m049,2nitf_idle,action,0x210,100000,3,1,0x264,24,1,0,ClipSyncClip,1,,,,0,,,,,05 00 ff 00 01 00 00 00 01 80 00 00 00 00 00 00,outer,4476a6c675929ff69b38a02d40e99bebede2d19cbbbfee815fd6ad9e309e2fdb,
m049,2nitf_idle,action,0x210,100000,3,2,0x27C,40,2,0,RaptureCasterManagedSchClip,2,,,,10000,,,,,05 00 a0 00 02 00 00 00 01 61 77 6c 31 5f 6f 6e 00 00 00 00 00 00 00 00 00 00 01 00 00 00 00 00,outer,4476a6c675929ff69b38a02d40e99bebede2d19cbbbfee815fd6ad9e309e2fdb,awl1_on
m049,2nitb_idle,action,0x210,100000,3,0,0x250,20,0,0,BindActorClip,0,,,,0,,,,,05 00 80 02 00 00 00 00 00 01 00 00,outer,4476a6c675929ff69b38a02d40e99bebede2d19cbbbfee815fd6ad9e309e2fdb,
m049,2nitb_idle,action,0x210,100000,3,1,0x264,24,1,0,ClipSyncClip,1,,,,0,,,,,05 00 ff 00 01 00 00 00 01 80 00 00 00 00 00 00,outer,4476a6c675929ff69b38a02d40e99bebede2d19cbbbfee815fd6ad9e309e2fdb,
m049,2nitb_idle,action,0x210,100000,3,2,0x27C,40,2,0,RaptureCasterManagedSchClip,2,,,,10000,,,,,05 00 a0 00 02 00 00 00 01 61 77 6c 31 5f 6f 6e 00 00 00 00 00 00 00 00 00 00 01 00 00 00 00 00,outer,4476a6c675929ff69b38a02d40e99bebede2d19cbbbfee815fd6ad9e309e2fdb,awl1_on
m049,2ms2f_dead,action,0x210,100000,3,0,0x250,20,0,0,BindActorClip,0,,,,0,,,,,05 00 80 02 00 00 00 00 00 01 00 00,outer,da3c236c0d3497ac6a7e57a80ad5b750e31eecec8884e63ec9d363dbff40a91d,
m049,2ms2f_dead,action,0x210,100000,3,1,0x264,24,1,0,ClipSyncClip,1,,,,0,,,,,05 00 ff 00 01 00 00 00 01 80 00 00 00 00 00 00,outer,da3c236c0d3497ac6a7e57a80ad5b750e31eecec8884e63ec9d363dbff40a91d,
m049,2ms2f_dead,action,0x210,100000,3,2,0x27C,40,2,0,RaptureCasterManagedSchClip,2,,,,10000,,,,,05 00 a0 00 02 00 00 00 01 61 77 6c 31 5f 6f 66 66 00 00 00 00 00 00 00 00 00 01 00 00 00 00 00,outer,da3c236c0d3497ac6a7e57a80ad5b750e31eecec8884e63ec9d363dbff40a91d,awl1_off
m049,2ms2b_dead,action,0x210,100000,3,0,0x250,20,0,0,BindActorClip,0,,,,0,,,,,05 00 80 02 00 00 00 00 00 01 00 00,outer,da3c236c0d3497ac6a7e57a80ad5b750e31eecec8884e63ec9d363dbff40a91d,
m049,2ms2b_dead,action,0x210,100000,3,1,0x264,24,1,0,ClipSyncClip,1,,,,0,,,,,05 00 ff 00 01 00 00 00 01 80 00 00 00 00 00 00,outer,da3c236c0d3497ac6a7e57a80ad5b750e31eecec8884e63ec9d363dbff40a91d,
m049,2ms2b_dead,action,0x210,100000,3,2,0x27C,40,2,0,RaptureCasterManagedSchClip,2,,,,10000,,,,,05 00 a0 00 02 00 00 00 01 61 77 6c 31 5f 6f 66 66 00 00 00 00 00 00 00 00 00 01 00 00 00 00 00,outer,da3c236c0d3497ac6a7e57a80ad5b750e31eecec8884e63ec9d363dbff40a91d,awl1_off
m049,awl1_on,action,0x210,300000,4,0,0x250,20,0,0,BindActorClip,0,,,,0,,,,,05 00 80 00 00 00 00 00 00 01 00 00,outer,bd5f30305c06a25d42289adfb24dcc0a5ad8441b9083e8a1db20d80820412f51,
m049,awl1_on,action,0x210,300000,4,1,0x264,40,1,0,ActionClip,1,1,awl01_on,bca,0,,,,,05 00 a0 02 01 00 00 00 01 00 00 00 80 ff 00 00 40 49 f9 ff 00 00 00 00 c0 b6 06 00 64 00 00 00,outer,bd5f30305c06a25d42289adfb24dcc0a5ad8441b9083e8a1db20d80820412f51,
m049,awl1_on,action,0x210,300000,4,2,0x28C,20,2,0,RaptureChantSyncClip,2,,,,30000,,,,,05 00 a0 00 02 00 00 00 00 00 00 00,outer,bd5f30305c06a25d42289adfb24dcc0a5ad8441b9083e8a1db20d80820412f51,
m049,awl1_on,action,0x210,300000,4,3,0x2A0,24,3,0,RaptureEffectEndClip,3,,,,50000,1,1,ActionClip,,05 00 a0 00 03 00 00 00 01 00 00 00 01 00 00 00,outer,bd5f30305c06a25d42289adfb24dcc0a5ad8441b9083e8a1db20d80820412f51,
m049,awl1_off,action,0x210,100000,2,0,0x250,20,0,0,BindActorClip,0,,,,0,,,,,05 00 80 00 00 00 00 00 00 01 00 00,outer,e673df397718b30a6eff38d528d09b1c9234a0729d548e878cd5030238a88659,
m049,awl1_off,action,0x210,100000,2,1,0x264,36,1,0,RaptureCancelChantSyncClip,1,,,,0,,,,,05 00 a0 00 01 00 00 00 01 61 77 6c 31 5f 6f 6e 00 00 00 00 00 00 00 00 00 00 00 00,outer,e673df397718b30a6eff38d528d09b1c9234a0729d548e878cd5030238a88659,awl1_on
m054,2nitf_idle,action,0x210,100000,3,0,0x250,20,0,0,BindActorClip,0,,,,0,,,,,05 00 80 02 00 00 00 00 00 01 00 00,outer,9b6783a22db7e3146ed81bf24b96cbeefb8372006c46671cea00bdcc10245519,
m054,2nitf_idle,action,0x210,100000,3,1,0x264,24,1,0,ClipSyncClip,1,,,,0,,,,,05 00 ff 00 01 00 00 00 01 80 00 00 00 00 00 00,outer,9b6783a22db7e3146ed81bf24b96cbeefb8372006c46671cea00bdcc10245519,
m054,2nitf_idle,action,0x210,100000,3,2,0x27C,40,2,0,RaptureCasterManagedSchClip,2,,,,10000,,,,,05 00 a0 00 02 00 00 00 01 61 77 6c 32 5f 6f 6e 00 00 00 00 00 00 00 00 00 00 01 00 00 00 00 00,outer,9b6783a22db7e3146ed81bf24b96cbeefb8372006c46671cea00bdcc10245519,awl2_on
m054,2nitb_idle,action,0x210,100000,3,0,0x250,20,0,0,BindActorClip,0,,,,0,,,,,05 00 80 02 00 00 00 00 00 01 00 00,outer,9b6783a22db7e3146ed81bf24b96cbeefb8372006c46671cea00bdcc10245519,
m054,2nitb_idle,action,0x210,100000,3,1,0x264,24,1,0,ClipSyncClip,1,,,,0,,,,,05 00 ff 00 01 00 00 00 01 80 00 00 00 00 00 00,outer,9b6783a22db7e3146ed81bf24b96cbeefb8372006c46671cea00bdcc10245519,
m054,2nitb_idle,action,0x210,100000,3,2,0x27C,40,2,0,RaptureCasterManagedSchClip,2,,,,10000,,,,,05 00 a0 00 02 00 00 00 01 61 77 6c 32 5f 6f 6e 00 00 00 00 00 00 00 00 00 00 01 00 00 00 00 00,outer,9b6783a22db7e3146ed81bf24b96cbeefb8372006c46671cea00bdcc10245519,awl2_on
m054,2ms2f_dead,action,0x210,100000,3,0,0x250,20,0,0,BindActorClip,0,,,,0,,,,,05 00 80 02 00 00 00 00 00 01 00 00,outer,15b249d9ed50c392ef1d1f57cd4c8b92f2523c652be5f23d5866c4d47bdc9e0d,
m054,2ms2f_dead,action,0x210,100000,3,1,0x264,24,1,0,ClipSyncClip,1,,,,0,,,,,05 00 ff 00 01 00 00 00 01 80 00 00 00 00 00 00,outer,15b249d9ed50c392ef1d1f57cd4c8b92f2523c652be5f23d5866c4d47bdc9e0d,
m054,2ms2f_dead,action,0x210,100000,3,2,0x27C,40,2,0,RaptureCasterManagedSchClip,2,,,,10000,,,,,05 00 a0 00 02 00 00 00 01 61 77 6c 32 5f 6f 66 66 00 00 00 00 00 00 00 00 00 01 00 00 00 00 00,outer,15b249d9ed50c392ef1d1f57cd4c8b92f2523c652be5f23d5866c4d47bdc9e0d,awl2_off
m054,2ms2b_dead,action,0x210,100000,3,0,0x250,20,0,0,BindActorClip,0,,,,0,,,,,05 00 80 02 00 00 00 00 00 01 00 00,outer,15b249d9ed50c392ef1d1f57cd4c8b92f2523c652be5f23d5866c4d47bdc9e0d,
m054,2ms2b_dead,action,0x210,100000,3,1,0x264,24,1,0,ClipSyncClip,1,,,,0,,,,,05 00 ff 00 01 00 00 00 01 80 00 00 00 00 00 00,outer,15b249d9ed50c392ef1d1f57cd4c8b92f2523c652be5f23d5866c4d47bdc9e0d,
m054,2ms2b_dead,action,0x210,100000,3,2,0x27C,40,2,0,RaptureCasterManagedSchClip,2,,,,10000,,,,,05 00 a0 00 02 00 00 00 01 61 77 6c 32 5f 6f 66 66 00 00 00 00 00 00 00 00 00 01 00 00 00 00 00,outer,15b249d9ed50c392ef1d1f57cd4c8b92f2523c652be5f23d5866c4d47bdc9e0d,awl2_off
m054,awl2_on,action,0x210,300000,4,0,0x250,20,0,0,BindActorClip,0,,,,0,,,,,05 00 80 00 00 00 00 00 00 01 00 00,outer,b799a0607d728cb9958f087dac9c02e63e973569a7cd1c599ac3d4216c93d25d,
m054,awl2_on,action,0x210,300000,4,1,0x264,40,1,0,ActionClip,1,1,awl02_on,bca,0,,,,,05 00 a0 02 01 00 00 00 01 00 00 00 80 ff 00 00 00 00 00 00 00 00 00 00 c0 b6 06 00 64 00 00 00,outer,b799a0607d728cb9958f087dac9c02e63e973569a7cd1c599ac3d4216c93d25d,
m054,awl2_on,action,0x210,300000,4,2,0x28C,20,2,0,RaptureChantSyncClip,2,,,,20000,,,,,05 00 a0 00 02 00 00 00 00 00 00 00,outer,b799a0607d728cb9958f087dac9c02e63e973569a7cd1c599ac3d4216c93d25d,
m054,awl2_on,action,0x210,300000,4,3,0x2A0,24,3,0,RaptureEffectEndClip,3,,,,40000,1,1,ActionClip,,05 00 a0 00 03 00 00 00 01 00 00 00 01 00 00 00,outer,b799a0607d728cb9958f087dac9c02e63e973569a7cd1c599ac3d4216c93d25d,
m054,awl2_off,action,0x210,100000,2,0,0x250,20,0,0,BindActorClip,0,,,,0,,,,,05 00 80 00 00 00 00 00 00 01 00 00,outer,d83fac9ae099c1b4c9bef0a2c584a63b8b0c6b4a62d9d3c0fc73062782ac9767,
m054,awl2_off,action,0x210,100000,2,1,0x264,36,1,0,RaptureCancelChantSyncClip,1,,,,0,,,,,05 00 a0 00 01 00 00 00 01 61 77 6c 32 5f 6f 6e 00 00 00 00 00 00 00 00 00 00 00 00,outer,d83fac9ae099c1b4c9bef0a2c584a63b8b0c6b4a62d9d3c0fc73062782ac9767,awl2_on
m505,2nitf_idle,action,0x210,100000,3,0,0x250,20,0,0,BindActorClip,0,,,,0,,,,,05 00 80 02 00 00 00 00 00 01 00 00,outer,d1075f086d7a975a63dbec5e5c8106fd033f92cf7a2c7158d35ddb2eacfc3bc7,
m505,2nitf_idle,action,0x210,100000,3,1,0x264,24,1,0,ClipSyncClip,1,,,,0,,,,,05 00 ff 00 01 00 00 00 01 80 00 00 00 00 00 00,outer,d1075f086d7a975a63dbec5e5c8106fd033f92cf7a2c7158d35ddb2eacfc3bc7,
m505,2nitf_idle,action,0x210,100000,3,2,0x27C,40,2,0,RaptureCasterManagedSchClip,2,,,,10000,,,,,05 00 a0 00 02 00 00 00 01 61 77 6c 30 5f 6f 6e 00 00 00 00 00 00 00 00 00 00 01 00 00 00 00 00,outer,d1075f086d7a975a63dbec5e5c8106fd033f92cf7a2c7158d35ddb2eacfc3bc7,awl0_on
m505,2nitb_idle,action,0x210,100000,3,0,0x250,20,0,0,BindActorClip,0,,,,0,,,,,05 00 80 02 00 00 00 00 00 01 00 00,outer,d1075f086d7a975a63dbec5e5c8106fd033f92cf7a2c7158d35ddb2eacfc3bc7,
m505,2nitb_idle,action,0x210,100000,3,1,0x264,24,1,0,ClipSyncClip,1,,,,0,,,,,05 00 ff 00 01 00 00 00 01 80 00 00 00 00 00 00,outer,d1075f086d7a975a63dbec5e5c8106fd033f92cf7a2c7158d35ddb2eacfc3bc7,
m505,2nitb_idle,action,0x210,100000,3,2,0x27C,40,2,0,RaptureCasterManagedSchClip,2,,,,10000,,,,,05 00 a0 00 02 00 00 00 01 61 77 6c 30 5f 6f 6e 00 00 00 00 00 00 00 00 00 00 01 00 00 00 00 00,outer,d1075f086d7a975a63dbec5e5c8106fd033f92cf7a2c7158d35ddb2eacfc3bc7,awl0_on
m505,2ms2f_dead,action,0x210,100000,3,0,0x250,20,0,0,BindActorClip,0,,,,0,,,,,05 00 80 02 00 00 00 00 00 01 00 00,outer,953d96eab57c569ec6da6a25286b65448a6e269b2a747a13ee7f2f4afd5ead51,
m505,2ms2f_dead,action,0x210,100000,3,1,0x264,24,1,0,ClipSyncClip,1,,,,0,,,,,05 00 ff 00 01 00 00 00 01 80 00 00 00 00 00 00,outer,953d96eab57c569ec6da6a25286b65448a6e269b2a747a13ee7f2f4afd5ead51,
m505,2ms2f_dead,action,0x210,100000,3,2,0x27C,40,2,0,RaptureCasterManagedSchClip,2,,,,10000,,,,,05 00 a0 00 02 00 00 00 01 61 77 6c 30 5f 6f 66 66 00 00 00 00 00 00 00 00 00 01 00 00 00 00 00,outer,953d96eab57c569ec6da6a25286b65448a6e269b2a747a13ee7f2f4afd5ead51,awl0_off
m505,2ms2b_dead,action,0x210,100000,3,0,0x250,20,0,0,BindActorClip,0,,,,0,,,,,05 00 80 02 00 00 00 00 00 01 00 00,outer,953d96eab57c569ec6da6a25286b65448a6e269b2a747a13ee7f2f4afd5ead51,
m505,2ms2b_dead,action,0x210,100000,3,1,0x264,24,1,0,ClipSyncClip,1,,,,0,,,,,05 00 ff 00 01 00 00 00 01 80 00 00 00 00 00 00,outer,953d96eab57c569ec6da6a25286b65448a6e269b2a747a13ee7f2f4afd5ead51,
m505,2ms2b_dead,action,0x210,100000,3,2,0x27C,40,2,0,RaptureCasterManagedSchClip,2,,,,10000,,,,,05 00 a0 00 02 00 00 00 01 61 77 6c 30 5f 6f 66 66 00 00 00 00 00 00 00 00 00 01 00 00 00 00 00,outer,953d96eab57c569ec6da6a25286b65448a6e269b2a747a13ee7f2f4afd5ead51,awl0_off
m505,awl0_on,action,0x210,300000,4,0,0x250,20,0,0,BindActorClip,0,,,,0,,,,,05 00 80 00 00 00 00 00 00 01 00 00,outer,ad1b8d23f921a986cc5aed2c6d4d01c484e1663f94e6a25f3378fb9f1ae7ff08,
m505,awl0_on,action,0x210,300000,4,1,0x264,40,1,0,ActionClip,1,1,awl0_on,bca,0,,,,,05 00 a0 02 01 00 00 00 01 00 00 00 80 ff 00 00 40 49 f9 ff 00 00 00 00 c0 b6 06 00 64 00 00 00,outer,ad1b8d23f921a986cc5aed2c6d4d01c484e1663f94e6a25f3378fb9f1ae7ff08,
m505,awl0_on,action,0x210,300000,4,2,0x28C,20,2,0,RaptureChantSyncClip,2,,,,30000,,,,,05 00 a0 00 02 00 00 00 00 00 00 00,outer,ad1b8d23f921a986cc5aed2c6d4d01c484e1663f94e6a25f3378fb9f1ae7ff08,
m505,awl0_on,action,0x210,300000,4,3,0x2A0,24,3,0,RaptureEffectEndClip,3,,,,50000,1,1,ActionClip,,05 00 a0 00 03 00 00 00 01 00 00 00 01 00 00 00,outer,ad1b8d23f921a986cc5aed2c6d4d01c484e1663f94e6a25f3378fb9f1ae7ff08,
m505,awl0_off,action,0x210,100000,2,0,0x250,20,0,0,BindActorClip,0,,,,0,,,,,05 00 80 00 00 00 00 00 00 01 00 00,outer,0518a01f3a2fa894e4913f75c74d1c81734896b15840e9800e9c7b92864fd9dc,
m505,awl0_off,action,0x210,100000,2,1,0x264,36,1,0,RaptureCancelChantSyncClip,1,,,,0,,,,,05 00 a0 00 01 00 00 00 01 61 77 6c 30 5f 6f 6e 00 00 00 00 00 00 00 00 00 00 00 00,outer,0518a01f3a2fa894e4913f75c74d1c81734896b15840e9800e9c7b92864fd9dc,awl0_on
