target,string_rows,string_xrefs,td_refs,valid_col_candidates,vtable_candidates,vtable_text_ptrs,vtable_xrefs,score
Application::Main::Element::Window::Widget::ItemSearchListWidget,0,0,4,3,3,45,6,78
Application::Main::Element::Window::Widget::ItemSearchListHelpWidget,0,0,3,2,2,43,4,65
Application::Scene::Cut::Clip::LayRaptureMaterial2Clip,0,0,3,2,2,43,4,65
Application::Scene::Cut::Clip::LayRaptureMaterialClip,0,0,3,2,2,43,4,65
Application::Scene::Cut::Clip::RaptureMaterial2Clip,0,0,3,2,2,43,4,65
Application::Scene::Cut::Clip::RaptureMaterialClip,0,0,3,2,2,43,4,65
Application::Scene::Cut::Clip::URaptureMaterial2_DATA_HEADER,0,0,3,2,2,43,4,65
Application::Scene::Cut::Clip::URaptureMaterial_DATA_HEADER,0,0,3,2,2,43,4,65
Application::Main::Menu::Bootup::Retainer::VRetainerNameChangeInputLoader,0,0,8,4,4,12,10,60
SQEX::CDev::Engine::Dw::Renderer::MaterialResourceNode,0,0,4,3,3,20,9,59
Application::Main::Element::Window::Widget::BazaarEditWidget,0,0,2,1,1,40,3,53
Application::Main::Element::Window::Widget::ItemSearchDirectPurchaseWidget,0,0,2,1,1,40,3,53
Application::Main::Element::Window::Widget::ItemSearchHistoryViewWidget,0,0,2,1,1,40,3,53
Application::Main::Element::Window::Widget::ItemSearchPriceViewWidget,0,0,2,1,1,40,3,53
Application::Main::Element::Window::Widget::RetainerListWidget,0,0,2,1,1,40,3,53
Application::Main::Menu::Bootup::Retainer::RetainerMenuPhase,0,0,3,2,2,24,4,46
SQEX::CDev::Engine::Dw::Renderer::VMaterialResourceNode,0,0,4,2,2,17,6,43
Application::Main::Menu::Bootup::Retainer::RetainerNameChangeInputLoader,0,0,3,2,2,12,4,34
Application::Main::Menu::Bootup::Retainer::VRetainerMenuPhase,0,0,4,2,2,6,5,30
SQEX::CDev::Engine::Dw::Renderer::MaterialInstanceNode,0,0,2,1,1,13,3,26
SQEX::CDev::Engine::Vfx::VfxResourceModel::Material::DataTableMap,0,0,2,1,1,12,3,25
SQEX::CDev::Engine::Dw::Renderer::MaterialInstanceNode::DefaultConstantParamHandleCache,0,0,2,1,1,3,5,20
SQEX::CDev::Engine::Vfx::VfxResourceFormat::VfxResourceModelAttribute::Material,0,0,2,1,1,6,3,19
SQEX::CDev::Engine::Dw::Renderer::MaterialResourceNodeFactory,0,0,2,1,1,7,2,18
SQEX::CDev::Engine::Vfx::VfxResourceFormat::VfxResourceModelAttribute::MaterialLibrary,0,0,2,1,1,7,1,16
Application::Lua::Script::Client::Control::?A0xfd906835::s_ItemSearchWidgetResumeChecker,0,0,2,1,1,3,2,14
SQEX::CDev::Engine::Dw::Renderer::MaterialInstanceNode::SamplerIndexCache,0,0,2,1,1,1,3,14
Application::Network::LobbyClient::CharaMakeParam::UUpdateRetainerSlotParam_,0,0,2,1,1,2,2,13
SQEX::CDev::Engine::Dw::Renderer::PRTMaterialBuffer,0,0,2,1,1,2,2,13
Application::Scene::Actor::Map::Layout::RaptureMaterialManager,0,0,2,1,1,1,2,12
SQEX::CDev::Engine::Dw::Renderer::Material,0,0,2,1,1,1,2,12
SQEX::CDev::Engine::Dw::Renderer::MaterialInstanceNode::PixelDefaultConstantParamHandleCache,0,0,2,1,1,3,1,12
SQEX::CDev::Engine::Dw::Renderer::MaterialInstanceNode::VertexDefaultConstantParamHandleCache,0,0,2,1,1,3,1,12
SQEX::CDev::Engine::Vfx::VfxResourceModel::VfxMaterialResource,0,0,2,1,1,1,2,12
SQEX::CDev::Engine::Dw::Renderer::CDevMaterialFactory,0,0,2,1,1,1,1,10
SQEX::CDev::Engine::Dw::Renderer::MaterialFactory,0,0,2,1,1,1,1,10
ItemSearchWidget,3,4,0,0,0,0,0,7
RetainerNameChangeInputLoader,5,2,0,0,0,0,0,7
ListBox_Retainer,2,4,0,0,0,0,0,6
marketItem,2,2,0,0,0,0,0,4
BazaarEditWidget,2,1,0,0,0,0,0,3
ItemSearchListWidget,2,1,0,0,0,0,0,3
RetainerListWidget,2,1,0,0,0,0,0,3
RetainerMenuPhase,3,0,0,0,0,0,0,3
ItemSearchHelpWidget,1,1,0,0,0,0,0,2
PrivateAreaMasterMarket,1,1,0,0,0,0,0,2
ItemSearchDirectPurchaseWidget,1,0,0,0,0,0,0,1
ItemSearchHistoryViewWidget,1,0,0,0,0,0,0,1
ItemSearchListHelpWidget,1,0,0,0,0,0,0,1
ItemSearchPriceViewWidget,1,0,0,0,0,0,0,1
UUpdateRetainerSlotParam,1,0,0,0,0,0,0,1
SQEX::CDev::Engine::Vfx::VfxResourceModel::IVfxMaterialResource,0,0,1,0,0,0,0,0
