class_guess,decorated_string,decorated_raw,decorated_va,type_descriptor_raw,type_descriptor_va,type_descriptor_section,p_vftable,spare,td_refs_total,col_candidates_total,valid_col_candidates
Application::Main::Element::Window::Widget::BazaarEditWidget,.?AVBazaarEditWidget@Widget@Window@Element@Main@Application@@,0xE6BE88,0x126BE88,0xE6BE80,0x126BE80,.data,0x1085D0C,0x0,2,2,1
Application::Main::Element::Window::Widget::ItemSearchListWidget,.?AVItemSearchListWidget@Widget@Window@Element@Main@Application@@,0xE6C3C0,0x126C3C0,0xE6C3B8,0x126C3B8,.data,0x1085D0C,0x0,4,4,3
Application::Main::Element::Window::Widget::ItemSearchPriceViewWidget,.?AVItemSearchPriceViewWidget@Widget@Window@Element@Main@Application@@,0xE6C410,0x126C410,0xE6C408,0x126C408,.data,0x1085D0C,0x0,2,2,1
Application::Main::Element::Window::Widget::RetainerListWidget,.?AVRetainerListWidget@Widget@Window@Element@Main@Application@@,0xE6C9B8,0x126C9B8,0xE6C9B0,0x126C9B0,.data,0x1085D0C,0x0,2,2,1
Application::Main::Element::Window::Widget::ItemSearchHistoryViewWidget,.?AVItemSearchHistoryViewWidget@Widget@Window@Element@Main@Application@@,0xE6CD78,0x126CD78,0xE6CD70,0x126CD70,.data,0x1085D0C,0x0,2,2,1
Application::Lua::Script::Client::Control::?A0xfd906835::s_ItemSearchWidgetResumeChecker,.?AVs_ItemSearchWidgetResumeChecker@?A0xfd906835@Control@Client@Script@Lua@Application@@,0xEC06D8,0x12C06D8,0xEC06D0,0x12C06D0,.data,0x1085D0C,0x0,2,2,1
Application::Main::Element::Window::Widget::ItemSearchListHelpWidget,.?AVItemSearchListHelpWidget@Widget@Window@Element@Main@Application@@,0xED1668,0x12D1668,0xED1660,0x12D1660,.data,0x1085D0C,0x0,3,3,2
Application::Main::Element::Window::Widget::ItemSearchDirectPurchaseWidget,.?AVItemSearchDirectPurchaseWidget@Widget@Window@Element@Main@Application@@,0xED16C0,0x12D16C0,0xED16B8,0x12D16B8,.data,0x1085D0C,0x0,2,2,1
Application::Main::Menu::Bootup::Retainer::RetainerMenuPhase,.?AVRetainerMenuPhase@Retainer@Bootup@Menu@Main@Application@@,0xED6DB0,0x12D6DB0,0xED6DA8,0x12D6DA8,.data,0x1085D0C,0x0,3,3,2
Application::Main::Menu::Bootup::Retainer::RetainerNameChangeInputLoader,.?AVRetainerNameChangeInputLoader@Retainer@Bootup@Menu@Main@Application@@,0xED6DF8,0x12D6DF8,0xED6DF0,0x12D6DF0,.data,0x1085D0C,0x0,3,3,2
Application::Main::Menu::Bootup::Retainer::VRetainerMenuPhase,.?AV?$EventHandler@VRetainerMenuPhase@Retainer@Bootup@Menu@Main@Application@@URoutedEventArgs@Sqwt@@@Sqwt@@,0xED6E80,0x12D6E80,0xED6E78,0x12D6E78,.data,0x1085D0C,0x0,2,2,1
Application::Main::Menu::Bootup::Retainer::VRetainerNameChangeInputLoader,.?AV?$EventHandler@VRetainerNameChangeInputLoader@Retainer@Bootup@Menu@Main@Application@@VTextChangedEventArgs@Controls@Sqwt@@@Sqwt@@,0xED6EF8,0x12D6EF8,0xED6EF0,0x12D6EF0,.data,0x1085D0C,0x0,2,2,1
Application::Main::Menu::Bootup::Retainer::VRetainerNameChangeInputLoader,.?AV?$EventHandler@VRetainerNameChangeInputLoader@Retainer@Bootup@Menu@Main@Application@@URoutedEventArgs@Sqwt@@@Sqwt@@,0xED6F88,0x12D6F88,0xED6F80,0x12D6F80,.data,0x1085D0C,0x0,2,2,1
Application::Main::Menu::Bootup::Retainer::VRetainerMenuPhase,.?AV?$RoutedEventHandler@VRetainerMenuPhase@Retainer@Bootup@Menu@Main@Application@@@Sqwt@@,0xED7008,0x12D7008,0xED7000,0x12D7000,.data,0x1085D0C,0x0,2,2,1
Application::Main::Menu::Bootup::Retainer::VRetainerNameChangeInputLoader,.?AV?$TextChangedEventHandler@VRetainerNameChangeInputLoader@Retainer@Bootup@Menu@Main@Application@@@Controls@Sqwt@@,0xED7070,0x12D7070,0xED7068,0x12D7068,.data,0x1085D0C,0x0,2,2,1
Application::Main::Menu::Bootup::Retainer::VRetainerNameChangeInputLoader,.?AV?$RoutedEventHandler@VRetainerNameChangeInputLoader@Retainer@Bootup@Menu@Main@Application@@@Sqwt@@,0xED70F0,0x12D70F0,0xED70E8,0x12D70E8,.data,0x1085D0C,0x0,2,2,1
Application::Network::LobbyClient::CharaMakeParam::UUpdateRetainerSlotParam_,.?AV?$CharaMakeParamTmpl@UUpdateRetainerSlotParam_@CharaMakeParam@LobbyClient@Network@Application@@$00@LobbyClient@Network@Application@@,0xF1A410,0x131A410,0xF1A408,0x131A408,.data,0x1085D0C,0x0,2,2,1
