class_guess,vtable_raw,vtable_va,vtable_section,complete_object_locator_va,text_function_pointer_prefix_count,first_non_text_entry_index,first_function_va,first_8_function_vas,refs_to_vtable_va
Application::Main::Element::Window::Widget::BazaarEditWidget,0xB9DA74,0xF9DA74,.rdata,0x1143190,40,40,0x5314E0,0x5314E0;0x4F53F0;0x4FFF30;0x4F5410;0x4F5F80;0x6CE2E0;0x6CE2E0;0x6CE2E0,3
Application::Main::Element::Window::Widget::ItemSearchListWidget,0xB9E66C,0xF9E66C,.rdata,0x1143758,40,40,0x531980,0x531980;0x4F53F0;0x4FFF30;0x4F5410;0x513660;0x525E50;0x6CE2E0;0x6CE2E0,2
Application::Main::Element::Window::Widget::ItemSearchListWidget,0xB9E65C,0xF9E65C,.rdata,0x11437CC,3,3,0x530E90,0x530E90;0x4EFE80;0x4F8220,2
Application::Main::Element::Window::Widget::ItemSearchListWidget,0xB9E650,0xF9E650,.rdata,0x11437E0,2,2,0x530E80,0x530E80;0x503750,2
Application::Main::Element::Window::Widget::ItemSearchPriceViewWidget,0xB9E71C,0xF9E71C,.rdata,0x11437F4,40,40,0x531A00,0x531A00;0x4F53F0;0x4FFF30;0x4F5410;0x50D9D0;0x4FA750;0x6CE2E0;0x6CE2E0,3
Application::Main::Element::Window::Widget::RetainerListWidget,0xB9F66C,0xF9F66C,.rdata,0x1144004,40,40,0x532020,0x532020;0x4F53F0;0x4FFF30;0x4F5410;0x5107D0;0x6CE2E0;0x6CE2E0;0x6CE2E0,3
Application::Main::Element::Window::Widget::ItemSearchHistoryViewWidget,0xBA030C,0xFA030C,.rdata,0x11443FC,40,40,0x532E20,0x532E20;0x4F53F0;0x4FFF30;0x4F5410;0x532BF0;0x532A40;0x6CE2E0;0x6CE2E0,3
Application::Lua::Script::Client::Control::?A0xfd906835::s_ItemSearchWidgetResumeChecker,0xBD537C,0xFD537C,.rdata,0x115D494,3,3,0x713E50,0x713E50;0x713E20;0xA72A20,2
Application::Main::Element::Window::Widget::ItemSearchListHelpWidget,0xC49794,0x1049794,.rdata,0x116EAA0,40,40,0x85D140,0x85D140;0x4F53F0;0x4FFF30;0x4F5410;0x859490;0x85D000;0x6CE2E0;0x6CE2E0,2
Application::Main::Element::Window::Widget::ItemSearchListHelpWidget,0xC49780,0x1049780,.rdata,0x116EAF4,3,3,0x85D130,0x85D130;0x8582F0;0x85B160,2
Application::Main::Element::Window::Widget::ItemSearchDirectPurchaseWidget,0xC49EDC,0x1049EDC,.rdata,0x116EB08,40,40,0x85E4D0,0x85E4D0;0x4F53F0;0x4FFF30;0x4F5410;0x85D330;0x6CE2E0;0x6CE2E0;0x6CE2E0,3
Application::Main::Menu::Bootup::Retainer::RetainerMenuPhase,0xC55264,0x1055264,.rdata,0x1171740,22,22,0x88A980,0x88A980;0xA72A20;0x776340;0x8D5BB0;0x88A520;0x6CE2E0;0x88A0C0;0x889660,2
Application::Main::Menu::Bootup::Retainer::RetainerMenuPhase,0xC55254,0x1055254,.rdata,0x1171798,2,2,0x88A970,0x88A970;0x6CE2E0,2
Application::Main::Menu::Bootup::Retainer::RetainerNameChangeInputLoader,0xC552CC,0x10552CC,.rdata,0x11717AC,10,10,0x88A9B0,0x88A9B0;0xA72A20;0x776340;0x56BB20;0x88A750;0x6CE2E0;0x889860;0x8898B0,2
Application::Main::Menu::Bootup::Retainer::RetainerNameChangeInputLoader,0xC552C0,0x10552C0,.rdata,0x1171820,2,2,0x88A9A0,0x88A9A0;0x8898C0,2
Application::Main::Menu::Bootup::Retainer::VRetainerMenuPhase,0xC552F8,0x10552F8,.rdata,0x1171834,3,3,0x88AB60,0x88AB60;0x94C3A0;0x88AB00,4
Application::Main::Menu::Bootup::Retainer::VRetainerNameChangeInputLoader,0xC55308,0x1055308,.rdata,0x117188C,3,3,0x88ABC0,0x88ABC0;0x94C3A0;0x88AB00,4
Application::Main::Menu::Bootup::Retainer::VRetainerNameChangeInputLoader,0xC55318,0x1055318,.rdata,0x11718E4,3,3,0x88AC20,0x88AC20;0x94C3A0;0x88AB00,4
Application::Main::Menu::Bootup::Retainer::VRetainerMenuPhase,0xC55328,0x1055328,.rdata,0x117193C,3,3,0x88AE40,0x88AE40;0x94C3A0;0x88AB00,1
Application::Main::Menu::Bootup::Retainer::VRetainerNameChangeInputLoader,0xC55338,0x1055338,.rdata,0x1171998,3,3,0x88AF20,0x88AF20;0x94C3A0;0x88AB00,1
Application::Main::Menu::Bootup::Retainer::VRetainerNameChangeInputLoader,0xC55348,0x1055348,.rdata,0x11719F4,3,3,0x88B000,0x88B000;0x94C3A0;0x88AB00,1
Application::Network::LobbyClient::CharaMakeParam::UUpdateRetainerSlotParam_,0xD28010,0x1128010,.rdata,0x11A1694,2,2,0xDA82B0,0xDA82B0;0xDA8780,2
