class_guess,vtable_va,entry_index,function_va,function_raw,function_window_start_va,function_window_end_va,window_size,nearest_prior_prologue_va,offset_from_prior_prologue,first_bytes,focus_string_refs_in_window,near_call_targets_in_window
Application::Main::Element::Window::Widget::BazaarEditWidget,0xF9DA74,0,0x5314E0,0x1314E0,0x5314E0,0x531CE0,2048,0x530CD0,2064,6a ff 68 78 73 e6 00 64 a1 00 00 00 00 50 51 56 a1 b0 a8 2e 01 33 c4 50,0,55
Application::Main::Element::Window::Widget::BazaarEditWidget,0xF9DA74,1,0x4F53F0,0xF53F0,0x4F53F0,0x4F5BF0,2048,0x4EAB20,43216,8b 81 24 02 00 00 c1 e8 1e 24 01 3c 01 0f 95 c0 c3 cc cc cc cc cc cc cc,0,45
Application::Main::Element::Window::Widget::BazaarEditWidget,0xF9DA74,2,0x4FFF30,0xFFF30,0x4FFF30,0x500650,1824,0x4FA750,22496,80 b9 2c 02 00 00 00 8b 44 24 04 76 0e 85 c0 74 0a 83 f8 11 77 05 b0 01,0,30
Application::Main::Element::Window::Widget::BazaarEditWidget,0xF9DA74,3,0x4F5410,0xF5410,0x4F5410,0x4F5C10,2048,0x4EAB20,43248,0f b6 44 24 04 83 e8 47 53 b3 01 74 1f 83 e8 02 74 06 32 c0 5b c2 04 00,0,48
Application::Main::Element::Window::Widget::BazaarEditWidget,0xF9DA74,4,0x4F5F80,0xF5F80,0x4F5F80,0x4F6000,128,0x4EAB20,46176,8b 89 a0 01 00 00 6a 01 6a 00 6a 01 e8 3f e4 42 00 b0 01 c3 cc cc cc cc,0,4
Application::Main::Element::Window::Widget::BazaarEditWidget,0xF9DA74,5,0x6CE2E0,0x2CE2E0,0x6CE2E0,0x6CEAE0,2048,0x6CC5B0,7472,c3 cc cc cc cc cc cc cc cc cc cc cc cc cc cc cc 8b 54 24 04 8b 02 56 8b,0,23
Application::Main::Element::Window::Widget::BazaarEditWidget,0xF9DA74,6,0x6CE2E0,0x2CE2E0,0x6CE2E0,0x6CEAE0,2048,0x6CC5B0,7472,c3 cc cc cc cc cc cc cc cc cc cc cc cc cc cc cc 8b 54 24 04 8b 02 56 8b,0,23
Application::Main::Element::Window::Widget::BazaarEditWidget,0xF9DA74,7,0x6CE2E0,0x2CE2E0,0x6CE2E0,0x6CEAE0,2048,0x6CC5B0,7472,c3 cc cc cc cc cc cc cc cc cc cc cc cc cc cc cc 8b 54 24 04 8b 02 56 8b,0,23
Application::Main::Element::Window::Widget::BazaarEditWidget,0xF9DA74,8,0x6CE2E0,0x2CE2E0,0x6CE2E0,0x6CEAE0,2048,0x6CC5B0,7472,c3 cc cc cc cc cc cc cc cc cc cc cc cc cc cc cc 8b 54 24 04 8b 02 56 8b,0,23
Application::Main::Element::Window::Widget::BazaarEditWidget,0xF9DA74,9,0x6CE2E0,0x2CE2E0,0x6CE2E0,0x6CEAE0,2048,0x6CC5B0,7472,c3 cc cc cc cc cc cc cc cc cc cc cc cc cc cc cc 8b 54 24 04 8b 02 56 8b,0,23
Application::Main::Element::Window::Widget::BazaarEditWidget,0xF9DA74,10,0x6CE2E0,0x2CE2E0,0x6CE2E0,0x6CEAE0,2048,0x6CC5B0,7472,c3 cc cc cc cc cc cc cc cc cc cc cc cc cc cc cc 8b 54 24 04 8b 02 56 8b,0,23
Application::Main::Element::Window::Widget::BazaarEditWidget,0xF9DA74,11,0x712B40,0x312B40,0x712B40,0x713340,2048,0x6FC5F0,91472,c2 08 00 cc cc cc cc cc cc cc cc cc cc cc cc cc 6a ff 68 48 55 e9 00 64,0,32
Application::Main::Element::Window::Widget::BazaarEditWidget,0xF9DA74,12,0x4F5450,0xF5450,0x4F5450,0x4F5C50,2048,0x4EAB20,43312,8b 01 8b 40 34 ff e0 cc cc cc cc cc cc cc cc cc 56 8b f1 8b 06 8b 50 28,0,51
Application::Main::Element::Window::Widget::BazaarEditWidget,0xF9DA74,13,0x4F5460,0xF5460,0x4F5460,0x4F5C60,2048,0x4EAB20,43328,56 8b f1 8b 06 8b 50 28 ff d2 8b 86 28 02 00 00 8b 4e 2c 50 e8 a7 a1 17,0,52
Application::Main::Element::Window::Widget::BazaarEditWidget,0xF9DA74,14,0xA72A20,0x672A20,0xA72A20,0xA73220,2048,0xA72990,144,c2 0c 00 cc cc cc cc cc cc cc cc cc cc cc cc cc c2 10 00 cc cc cc cc cc,0,29
Application::Main::Element::Window::Widget::BazaarEditWidget,0xF9DA74,15,0xA72A20,0x672A20,0xA72A20,0xA73220,2048,0xA72990,144,c2 0c 00 cc cc cc cc cc cc cc cc cc cc cc cc cc c2 10 00 cc cc cc cc cc,0,29
Application::Main::Element::Window::Widget::BazaarEditWidget,0xF9DA74,16,0x530870,0x130870,0x530870,0x530CD0,1120,0x530520,848,8b 01 8b 40 50 ff e0 cc cc cc cc cc cc cc cc cc 8b 01 8b 40 60 ff e0 cc,0,31
Application::Main::Element::Window::Widget::BazaarEditWidget,0xF9DA74,17,0x68FA60,0x28FA60,0x68FA60,0x68FB60,256,0x68E720,4928,8b 01 8b 40 54 ff e0 cc cc cc cc cc cc cc cc cc 32 c0 c2 0c 00 cc cc cc,0,3
Application::Main::Element::Window::Widget::BazaarEditWidget,0xF9DA74,18,0x530870,0x130870,0x530870,0x530CD0,1120,0x530520,848,8b 01 8b 40 50 ff e0 cc cc cc cc cc cc cc cc cc 8b 01 8b 40 60 ff e0 cc,0,31
Application::Main::Element::Window::Widget::BazaarEditWidget,0xF9DA74,19,0x68FA60,0x28FA60,0x68FA60,0x68FB60,256,0x68E720,4928,8b 01 8b 40 54 ff e0 cc cc cc cc cc cc cc cc cc 32 c0 c2 0c 00 cc cc cc,0,3
Application::Main::Element::Window::Widget::BazaarEditWidget,0xF9DA74,20,0x712B40,0x312B40,0x712B40,0x713340,2048,0x6FC5F0,91472,c2 08 00 cc cc cc cc cc cc cc cc cc cc cc cc cc 6a ff 68 48 55 e9 00 64,0,32
Application::Main::Element::Window::Widget::BazaarEditWidget,0xF9DA74,21,0x712B40,0x312B40,0x712B40,0x713340,2048,0x6FC5F0,91472,c2 08 00 cc cc cc cc cc cc cc cc cc cc cc cc cc 6a ff 68 48 55 e9 00 64,0,32
Application::Main::Element::Window::Widget::BazaarEditWidget,0xF9DA74,22,0x530880,0x130880,0x530880,0x530CD0,1104,0x530520,864,8b 01 8b 40 60 ff e0 cc cc cc cc cc cc cc cc cc c2 14 00 cc cc cc cc cc,0,31
Application::Main::Element::Window::Widget::BazaarEditWidget,0xF9DA74,23,0x530880,0x130880,0x530880,0x530CD0,1104,0x530520,864,8b 01 8b 40 60 ff e0 cc cc cc cc cc cc cc cc cc c2 14 00 cc cc cc cc cc,0,31
Application::Main::Element::Window::Widget::BazaarEditWidget,0xF9DA74,24,0xA72A20,0x672A20,0xA72A20,0xA73220,2048,0xA72990,144,c2 0c 00 cc cc cc cc cc cc cc cc cc cc cc cc cc c2 10 00 cc cc cc cc cc,0,29
Application::Main::Element::Window::Widget::BazaarEditWidget,0xF9DA74,25,0x712B40,0x312B40,0x712B40,0x713340,2048,0x6FC5F0,91472,c2 08 00 cc cc cc cc cc cc cc cc cc cc cc cc cc 6a ff 68 48 55 e9 00 64,0,32
Application::Main::Element::Window::Widget::BazaarEditWidget,0xF9DA74,26,0x712B40,0x312B40,0x712B40,0x713340,2048,0x6FC5F0,91472,c2 08 00 cc cc cc cc cc cc cc cc cc cc cc cc cc 6a ff 68 48 55 e9 00 64,0,32
Application::Main::Element::Window::Widget::BazaarEditWidget,0xF9DA74,27,0x530890,0x130890,0x530890,0x530CD0,1088,0x530520,880,c2 14 00 cc cc cc cc cc cc cc cc cc cc cc cc cc 83 ec 08 56 8b f1 8b 56,0,31
Application::Main::Element::Window::Widget::BazaarEditWidget,0xF9DA74,28,0x712B40,0x312B40,0x712B40,0x713340,2048,0x6FC5F0,91472,c2 08 00 cc cc cc cc cc cc cc cc cc cc cc cc cc 6a ff 68 48 55 e9 00 64,0,32
Application::Main::Element::Window::Widget::BazaarEditWidget,0xF9DA74,29,0x712B40,0x312B40,0x712B40,0x713340,2048,0x6FC5F0,91472,c2 08 00 cc cc cc cc cc cc cc cc cc cc cc cc cc 6a ff 68 48 55 e9 00 64,0,32
Application::Main::Element::Window::Widget::BazaarEditWidget,0xF9DA74,30,0x68FA70,0x28FA70,0x68FA70,0x68FB60,240,0x68E720,4944,32 c0 c2 0c 00 cc cc cc cc cc cc cc cc cc cc cc 56 8b f1 e8 38 ee ff ff,0,3
Application::Main::Element::Window::Widget::BazaarEditWidget,0xF9DA74,31,0x712B40,0x312B40,0x712B40,0x713340,2048,0x6FC5F0,91472,c2 08 00 cc cc cc cc cc cc cc cc cc cc cc cc cc 6a ff 68 48 55 e9 00 64,0,32
Application::Main::Element::Window::Widget::BazaarEditWidget,0xF9DA74,32,0xA72A20,0x672A20,0xA72A20,0xA73220,2048,0xA72990,144,c2 0c 00 cc cc cc cc cc cc cc cc cc cc cc cc cc c2 10 00 cc cc cc cc cc,0,29
Application::Main::Element::Window::Widget::BazaarEditWidget,0xF9DA74,33,0x776340,0x376340,0x776340,0x776B40,2048,0x76E270,32976,c2 04 00 cc cc cc cc cc cc cc cc cc cc cc cc cc 56 8b f1 e8 18 ff ff ff,0,31
Application::Main::Element::Window::Widget::BazaarEditWidget,0xF9DA74,34,0x776340,0x376340,0x776340,0x776B40,2048,0x76E270,32976,c2 04 00 cc cc cc cc cc cc cc cc cc cc cc cc cc 56 8b f1 e8 18 ff ff ff,0,31
Application::Main::Element::Window::Widget::BazaarEditWidget,0xF9DA74,35,0x712B40,0x312B40,0x712B40,0x713340,2048,0x6FC5F0,91472,c2 08 00 cc cc cc cc cc cc cc cc cc cc cc cc cc 6a ff 68 48 55 e9 00 64,0,32
Application::Main::Element::Window::Widget::BazaarEditWidget,0xF9DA74,36,0x712B40,0x312B40,0x712B40,0x713340,2048,0x6FC5F0,91472,c2 08 00 cc cc cc cc cc cc cc cc cc cc cc cc cc 6a ff 68 48 55 e9 00 64,0,32
Application::Main::Element::Window::Widget::BazaarEditWidget,0xF9DA74,37,0x712B40,0x312B40,0x712B40,0x713340,2048,0x6FC5F0,91472,c2 08 00 cc cc cc cc cc cc cc cc cc cc cc cc cc 6a ff 68 48 55 e9 00 64,0,32
Application::Main::Element::Window::Widget::BazaarEditWidget,0xF9DA74,38,0x776340,0x376340,0x776340,0x776B40,2048,0x76E270,32976,c2 04 00 cc cc cc cc cc cc cc cc cc cc cc cc cc 56 8b f1 e8 18 ff ff ff,0,31
Application::Main::Element::Window::Widget::BazaarEditWidget,0xF9DA74,39,0x4F5390,0xF5390,0x4F5390,0x4F5B90,2048,0x4EAB20,43120,53 8b d9 8b 83 24 02 00 00 8b c8 c1 e9 1e f6 c1 01 75 43 c1 e8 1c a8 01,0,43
Application::Main::Element::Window::Widget::ItemSearchListWidget,0xF9E66C,0,0x531980,0x131980,0x531980,0x532180,2048,0x530CD0,3248,56 8b f1 e8 b8 9c fe ff f6 44 24 08 01 74 09 56 e8 82 01 4a 00 83 c4 04,0,57
Application::Main::Element::Window::Widget::ItemSearchListWidget,0xF9E66C,1,0x4F53F0,0xF53F0,0x4F53F0,0x4F5BF0,2048,0x4EAB20,43216,8b 81 24 02 00 00 c1 e8 1e 24 01 3c 01 0f 95 c0 c3 cc cc cc cc cc cc cc,0,45
Application::Main::Element::Window::Widget::ItemSearchListWidget,0xF9E66C,2,0x4FFF30,0xFFF30,0x4FFF30,0x500650,1824,0x4FA750,22496,80 b9 2c 02 00 00 00 8b 44 24 04 76 0e 85 c0 74 0a 83 f8 11 77 05 b0 01,0,30
Application::Main::Element::Window::Widget::ItemSearchListWidget,0xF9E66C,3,0x4F5410,0xF5410,0x4F5410,0x4F5C10,2048,0x4EAB20,43248,0f b6 44 24 04 83 e8 47 53 b3 01 74 1f 83 e8 02 74 06 32 c0 5b c2 04 00,0,48
Application::Main::Element::Window::Widget::ItemSearchListWidget,0xF9E66C,4,0x513660,0x113660,0x513660,0x513E60,2048,0x50EDF0,18544,6a ff 68 0f 34 e6 00 64 a1 00 00 00 00 50 81 ec b0 01 00 00 a1 b0 a8 2e,0,71
Application::Main::Element::Window::Widget::ItemSearchListWidget,0xF9E66C,5,0x525E50,0x125E50,0x525E50,0x526650,2048,0x5200F0,23904,56 8b f1 8b 86 c4 03 00 00 8b 50 04 8d 8e c4 03 00 00 ff d2 8d 8e d8 08,0,81
Application::Main::Element::Window::Widget::ItemSearchListWidget,0xF9E66C,6,0x6CE2E0,0x2CE2E0,0x6CE2E0,0x6CEAE0,2048,0x6CC5B0,7472,c3 cc cc cc cc cc cc cc cc cc cc cc cc cc cc cc 8b 54 24 04 8b 02 56 8b,0,23
Application::Main::Element::Window::Widget::ItemSearchListWidget,0xF9E66C,7,0x6CE2E0,0x2CE2E0,0x6CE2E0,0x6CEAE0,2048,0x6CC5B0,7472,c3 cc cc cc cc cc cc cc cc cc cc cc cc cc cc cc 8b 54 24 04 8b 02 56 8b,0,23
Application::Main::Element::Window::Widget::ItemSearchListWidget,0xF9E66C,8,0x4EFCE0,0xEFCE0,0x4EFCE0,0x4F04E0,2048,0x4EAB20,20928,c3 cc cc cc cc cc cc cc cc cc cc cc cc cc cc cc 6a ff 68 86 ff e5 00 64,0,64
Application::Main::Element::Window::Widget::ItemSearchListWidget,0xF9E66C,9,0x6CE2E0,0x2CE2E0,0x6CE2E0,0x6CEAE0,2048,0x6CC5B0,7472,c3 cc cc cc cc cc cc cc cc cc cc cc cc cc cc cc 8b 54 24 04 8b 02 56 8b,0,23
Application::Main::Element::Window::Widget::ItemSearchListWidget,0xF9E66C,10,0x6CE2E0,0x2CE2E0,0x6CE2E0,0x6CEAE0,2048,0x6CC5B0,7472,c3 cc cc cc cc cc cc cc cc cc cc cc cc cc cc cc 8b 54 24 04 8b 02 56 8b,0,23
Application::Main::Element::Window::Widget::ItemSearchListWidget,0xF9E66C,11,0x52C5A0,0x12C5A0,0x52C5A0,0x52CDA0,2048,0x5200F0,50352,8b 44 24 04 3b 81 bc 0e 00 00 75 05 e8 2f fe ff ff c2 08 00 cc cc cc cc,0,43
Application::Main::Element::Window::Widget::ItemSearchListWidget,0xF9E66C,12,0x51B710,0x11B710,0x51B710,0x51BA90,896,0x51AAC0,3152,e9 9b ed ff ff cc cc cc cc cc cc cc cc cc cc cc e9 8b ed ff ff cc cc cc,2,26
Application::Main::Element::Window::Widget::ItemSearchListWidget,0xF9E66C,13,0x51B720,0x11B720,0x51B720,0x51BA90,880,0x51AAC0,3168,e9 8b ed ff ff cc cc cc cc cc cc cc cc cc cc cc 6a ff 68 b0 45 e6 00 64,2,26
Application::Main::Element::Window::Widget::ItemSearchListWidget,0xF9E66C,14,0x52C5E0,0x12C5E0,0x52C5E0,0x52CDE0,2048,0x5200F0,50416,6a ff 68 cf 6d e6 00 64 a1 00 00 00 00 50 81 ec ac 00 00 00 a1 b0 a8 2e,0,42
Application::Main::Element::Window::Widget::ItemSearchListWidget,0xF9E66C,15,0xA72A20,0x672A20,0xA72A20,0xA73220,2048,0xA72990,144,c2 0c 00 cc cc cc cc cc cc cc cc cc cc cc cc cc c2 10 00 cc cc cc cc cc,0,29
Application::Main::Element::Window::Widget::ItemSearchListWidget,0xF9E66C,16,0x530870,0x130870,0x530870,0x530CD0,1120,0x530520,848,8b 01 8b 40 50 ff e0 cc cc cc cc cc cc cc cc cc 8b 01 8b 40 60 ff e0 cc,0,31
Application::Main::Element::Window::Widget::ItemSearchListWidget,0xF9E66C,17,0x68FA60,0x28FA60,0x68FA60,0x68FB60,256,0x68E720,4928,8b 01 8b 40 54 ff e0 cc cc cc cc cc cc cc cc cc 32 c0 c2 0c 00 cc cc cc,0,3
Application::Main::Element::Window::Widget::ItemSearchListWidget,0xF9E66C,18,0x530870,0x130870,0x530870,0x530CD0,1120,0x530520,848,8b 01 8b 40 50 ff e0 cc cc cc cc cc cc cc cc cc 8b 01 8b 40 60 ff e0 cc,0,31
Application::Main::Element::Window::Widget::ItemSearchListWidget,0xF9E66C,19,0x68FA60,0x28FA60,0x68FA60,0x68FB60,256,0x68E720,4928,8b 01 8b 40 54 ff e0 cc cc cc cc cc cc cc cc cc 32 c0 c2 0c 00 cc cc cc,0,3
Application::Main::Element::Window::Widget::ItemSearchListWidget,0xF9E66C,20,0x712B40,0x312B40,0x712B40,0x713340,2048,0x6FC5F0,91472,c2 08 00 cc cc cc cc cc cc cc cc cc cc cc cc cc 6a ff 68 48 55 e9 00 64,0,32
Application::Main::Element::Window::Widget::ItemSearchListWidget,0xF9E66C,21,0x712B40,0x312B40,0x712B40,0x713340,2048,0x6FC5F0,91472,c2 08 00 cc cc cc cc cc cc cc cc cc cc cc cc cc 6a ff 68 48 55 e9 00 64,0,32
Application::Main::Element::Window::Widget::ItemSearchListWidget,0xF9E66C,22,0x530880,0x130880,0x530880,0x530CD0,1104,0x530520,864,8b 01 8b 40 60 ff e0 cc cc cc cc cc cc cc cc cc c2 14 00 cc cc cc cc cc,0,31
Application::Main::Element::Window::Widget::ItemSearchListWidget,0xF9E66C,23,0x530880,0x130880,0x530880,0x530CD0,1104,0x530520,864,8b 01 8b 40 60 ff e0 cc cc cc cc cc cc cc cc cc c2 14 00 cc cc cc cc cc,0,31
Application::Main::Element::Window::Widget::ItemSearchListWidget,0xF9E66C,24,0xA72A20,0x672A20,0xA72A20,0xA73220,2048,0xA72990,144,c2 0c 00 cc cc cc cc cc cc cc cc cc cc cc cc cc c2 10 00 cc cc cc cc cc,0,29
Application::Main::Element::Window::Widget::ItemSearchListWidget,0xF9E66C,25,0x712B40,0x312B40,0x712B40,0x713340,2048,0x6FC5F0,91472,c2 08 00 cc cc cc cc cc cc cc cc cc cc cc cc cc 6a ff 68 48 55 e9 00 64,0,32
Application::Main::Element::Window::Widget::ItemSearchListWidget,0xF9E66C,26,0x712B40,0x312B40,0x712B40,0x713340,2048,0x6FC5F0,91472,c2 08 00 cc cc cc cc cc cc cc cc cc cc cc cc cc 6a ff 68 48 55 e9 00 64,0,32
Application::Main::Element::Window::Widget::ItemSearchListWidget,0xF9E66C,27,0x530890,0x130890,0x530890,0x530CD0,1088,0x530520,880,c2 14 00 cc cc cc cc cc cc cc cc cc cc cc cc cc 83 ec 08 56 8b f1 8b 56,0,31
Application::Main::Element::Window::Widget::ItemSearchListWidget,0xF9E66C,28,0x712B40,0x312B40,0x712B40,0x713340,2048,0x6FC5F0,91472,c2 08 00 cc cc cc cc cc cc cc cc cc cc cc cc cc 6a ff 68 48 55 e9 00 64,0,32
Application::Main::Element::Window::Widget::ItemSearchListWidget,0xF9E66C,29,0x52C5C0,0x12C5C0,0x52C5C0,0x52CDC0,2048,0x5200F0,50384,8b 44 24 04 3b 81 b8 0e 00 00 75 05 e8 0f fe ff ff c2 08 00 cc cc cc cc,0,42
Application::Main::Element::Window::Widget::ItemSearchListWidget,0xF9E66C,30,0x68FA70,0x28FA70,0x68FA70,0x68FB60,240,0x68E720,4944,32 c0 c2 0c 00 cc cc cc cc cc cc cc cc cc cc cc 56 8b f1 e8 38 ee ff ff,0,3
Application::Main::Element::Window::Widget::ItemSearchListWidget,0xF9E66C,31,0x712B40,0x312B40,0x712B40,0x713340,2048,0x6FC5F0,91472,c2 08 00 cc cc cc cc cc cc cc cc cc cc cc cc cc 6a ff 68 48 55 e9 00 64,0,32
Application::Main::Element::Window::Widget::ItemSearchListWidget,0xF9E66C,32,0xA72A20,0x672A20,0xA72A20,0xA73220,2048,0xA72990,144,c2 0c 00 cc cc cc cc cc cc cc cc cc cc cc cc cc c2 10 00 cc cc cc cc cc,0,29
Application::Main::Element::Window::Widget::ItemSearchListWidget,0xF9E66C,33,0x4F80F0,0xF80F0,0x4F80F0,0x4F88F0,2048,0x4F6270,7808,81 ec 04 01 00 00 a1 b0 a8 2e 01 33 c4 89 84 24 00 01 00 00 53 8b 9c 24,0,65
Application::Main::Element::Window::Widget::ItemSearchListWidget,0xF9E66C,34,0x4EFCF0,0xEFCF0,0x4EFCF0,0x4F04F0,2048,0x4EAB20,20944,6a ff 68 86 ff e5 00 64 a1 00 00 00 00 50 81 ec ac 01 00 00 a1 b0 a8 2e,0,64
Application::Main::Element::Window::Widget::ItemSearchListWidget,0xF9E66C,35,0x4F8190,0xF8190,0x4F8190,0x4F8990,2048,0x4F6270,7968,81 ec 04 01 00 00 a1 b0 a8 2e 01 33 c4 89 84 24 00 01 00 00 8b 84 24 08,0,65
Application::Main::Element::Window::Widget::ItemSearchListWidget,0xF9E66C,36,0x51A480,0x11A480,0x51A480,0x51A970,1264,0x519440,4160,e9 bb ef ff ff cc cc cc cc cc cc cc cc cc cc cc e9 ab ef ff ff cc cc cc,0,41
Application::Main::Element::Window::Widget::ItemSearchListWidget,0xF9E66C,37,0x51A490,0x11A490,0x51A490,0x51A970,1248,0x519440,4176,e9 ab ef ff ff cc cc cc cc cc cc cc cc cc cc cc 8b 44 24 04 50 6a 01 e8,0,41
Application::Main::Element::Window::Widget::ItemSearchListWidget,0xF9E66C,38,0x51A4A0,0x11A4A0,0x51A4A0,0x51A970,1232,0x519440,4192,8b 44 24 04 50 6a 01 e8 94 ef ff ff c2 04 00 cc 56 8b f1 8b 86 14 12 00,0,41
Application::Main::Element::Window::Widget::ItemSearchListWidget,0xF9E66C,39,0x4F5390,0xF5390,0x4F5390,0x4F5B90,2048,0x4EAB20,43120,53 8b d9 8b 83 24 02 00 00 8b c8 c1 e9 1e f6 c1 01 75 43 c1 e8 1c a8 01,0,43
Application::Main::Element::Window::Widget::ItemSearchListWidget,0xF9E65C,0,0x530E90,0x130E90,0x530E90,0x531690,2048,0x530CD0,448,81 e9 30 02 00 00 e9 e5 0a 00 00 cc cc cc cc cc 81 e9 30 02 00 00 e9 75,0,41
Application::Main::Element::Window::Widget::ItemSearchListWidget,0xF9E65C,1,0x4EFE80,0xEFE80,0x4EFE80,0x4F0680,2048,0x4EAB20,21344,c2 04 00 cc cc cc cc cc cc cc cc cc cc cc cc cc 81 ec 08 01 00 00 a1 b0,0,53
Application::Main::Element::Window::Widget::ItemSearchListWidget,0xF9E65C,2,0x4F8220,0xF8220,0x4F8220,0x4F8A20,2048,0x4F6270,8112,6a ff 68 2d 10 e6 00 64 a1 00 00 00 00 50 81 ec 14 0b 00 00 a1 b0 a8 2e,0,65
Application::Main::Element::Window::Widget::ItemSearchListWidget,0xF9E650,0,0x530E80,0x130E80,0x530E80,0x531680,2048,0x530CD0,432,81 e9 34 02 00 00 e9 f5 0a 00 00 cc cc cc cc cc 81 e9 30 02 00 00 e9 e5,0,41
Application::Main::Element::Window::Widget::ItemSearchListWidget,0xF9E650,1,0x503750,0x103750,0x503750,0x503F50,2048,0x503180,1488,8b 44 24 0c 8b 54 24 08 50 52 81 c1 cc fd ff ff e8 1b 6a ff ff c2 0c 00,0,61
Application::Main::Element::Window::Widget::ItemSearchPriceViewWidget,0xF9E71C,0,0x531A00,0x131A00,0x531A00,0x532200,2048,0x530CD0,3376,6a ff 68 78 73 e6 00 64 a1 00 00 00 00 50 51 56 a1 b0 a8 2e 01 33 c4 50,0,57
Application::Main::Element::Window::Widget::ItemSearchPriceViewWidget,0xF9E71C,1,0x4F53F0,0xF53F0,0x4F53F0,0x4F5BF0,2048,0x4EAB20,43216,8b 81 24 02 00 00 c1 e8 1e 24 01 3c 01 0f 95 c0 c3 cc cc cc cc cc cc cc,0,45
Application::Main::Element::Window::Widget::ItemSearchPriceViewWidget,0xF9E71C,2,0x4FFF30,0xFFF30,0x4FFF30,0x500650,1824,0x4FA750,22496,80 b9 2c 02 00 00 00 8b 44 24 04 76 0e 85 c0 74 0a 83 f8 11 77 05 b0 01,0,30
Application::Main::Element::Window::Widget::ItemSearchPriceViewWidget,0xF9E71C,3,0x4F5410,0xF5410,0x4F5410,0x4F5C10,2048,0x4EAB20,43248,0f b6 44 24 04 83 e8 47 53 b3 01 74 1f 83 e8 02 74 06 32 c0 5b c2 04 00,0,48
Application::Main::Element::Window::Widget::ItemSearchPriceViewWidget,0xF9E71C,4,0x50D9D0,0x10D9D0,0x50D9D0,0x50E1D0,2048,0x503180,43088,6a ff 68 13 2b e6 00 64 a1 00 00 00 00 50 81 ec b0 01 00 00 a1 b0 a8 2e,1,74
Application::Main::Element::Window::Widget::ItemSearchPriceViewWidget,0xF9E71C,5,0x4FA750,0xFA750,0x4FA750,0x4FAF50,2048,0x4FA750,0,55 8b ec 83 e4 f8 81 ec ac 08 00 00 a1 b0 a8 2e 01 33 c4 89 84 24 a8 08,0,69
Application::Main::Element::Window::Widget::ItemSearchPriceViewWidget,0xF9E71C,6,0x6CE2E0,0x2CE2E0,0x6CE2E0,0x6CEAE0,2048,0x6CC5B0,7472,c3 cc cc cc cc cc cc cc cc cc cc cc cc cc cc cc 8b 54 24 04 8b 02 56 8b,0,23
Application::Main::Element::Window::Widget::ItemSearchPriceViewWidget,0xF9E71C,7,0x6CE2E0,0x2CE2E0,0x6CE2E0,0x6CEAE0,2048,0x6CC5B0,7472,c3 cc cc cc cc cc cc cc cc cc cc cc cc cc cc cc 8b 54 24 04 8b 02 56 8b,0,23
Application::Main::Element::Window::Widget::ItemSearchPriceViewWidget,0xF9E71C,8,0x6CE2E0,0x2CE2E0,0x6CE2E0,0x6CEAE0,2048,0x6CC5B0,7472,c3 cc cc cc cc cc cc cc cc cc cc cc cc cc cc cc 8b 54 24 04 8b 02 56 8b,0,23
Application::Main::Element::Window::Widget::ItemSearchPriceViewWidget,0xF9E71C,9,0x6CE2E0,0x2CE2E0,0x6CE2E0,0x6CEAE0,2048,0x6CC5B0,7472,c3 cc cc cc cc cc cc cc cc cc cc cc cc cc cc cc 8b 54 24 04 8b 02 56 8b,0,23
Application::Main::Element::Window::Widget::ItemSearchPriceViewWidget,0xF9E71C,10,0x6CE2E0,0x2CE2E0,0x6CE2E0,0x6CEAE0,2048,0x6CC5B0,7472,c3 cc cc cc cc cc cc cc cc cc cc cc cc cc cc cc 8b 54 24 04 8b 02 56 8b,0,23
Application::Main::Element::Window::Widget::ItemSearchPriceViewWidget,0xF9E71C,11,0x4F1260,0xF1260,0x4F1260,0x4F1A60,2048,0x4EAB20,26432,8b 54 24 04 8b c1 3b 90 38 02 00 00 8b 88 a4 01 00 00 75 12 8b 01 8b 80,0,24
Application::Main::Element::Window::Widget::ItemSearchPriceViewWidget,0xF9E71C,12,0x4F12B0,0xF12B0,0x4F12B0,0x4F1AB0,2048,0x4EAB20,26512,8b 89 a4 01 00 00 8b 01 8b 54 24 08 8b 80 98 00 00 00 52 ff d0 c2 08 00,0,25
Application::Main::Element::Window::Widget::ItemSearchPriceViewWidget,0xF9E71C,13,0x4F5460,0xF5460,0x4F5460,0x4F5C60,2048,0x4EAB20,43328,56 8b f1 8b 06 8b 50 28 ff d2 8b 86 28 02 00 00 8b 4e 2c 50 e8 a7 a1 17,0,52
Application::Main::Element::Window::Widget::ItemSearchPriceViewWidget,0xF9E71C,14,0x4FA6B0,0xFA6B0,0x4FA6B0,0x4FA750,160,0x4F6270,17472,8b 44 24 04 56 8b f1 3b 86 34 02 00 00 75 31 8b 4c 24 10 6a 01 6a 00 89,0,6
Application::Main::Element::Window::Widget::ItemSearchPriceViewWidget,0xF9E71C,15,0xA72A20,0x672A20,0xA72A20,0xA73220,2048,0xA72990,144,c2 0c 00 cc cc cc cc cc cc cc cc cc cc cc cc cc c2 10 00 cc cc cc cc cc,0,29
Application::Main::Element::Window::Widget::ItemSearchPriceViewWidget,0xF9E71C,16,0x530870,0x130870,0x530870,0x530CD0,1120,0x530520,848,8b 01 8b 40 50 ff e0 cc cc cc cc cc cc cc cc cc 8b 01 8b 40 60 ff e0 cc,0,31
Application::Main::Element::Window::Widget::ItemSearchPriceViewWidget,0xF9E71C,17,0x4F12D0,0xF12D0,0x4F12D0,0x4F1AD0,2048,0x4EAB20,26544,c7 81 58 0c 00 00 ff ff ff ff c2 08 00 cc cc cc c7 81 58 0c 00 00 ff ff,0,27
Application::Main::Element::Window::Widget::ItemSearchPriceViewWidget,0xF9E71C,18,0x530870,0x130870,0x530870,0x530CD0,1120,0x530520,848,8b 01 8b 40 50 ff e0 cc cc cc cc cc cc cc cc cc 8b 01 8b 40 60 ff e0 cc,0,31
Application::Main::Element::Window::Widget::ItemSearchPriceViewWidget,0xF9E71C,19,0x4F12E0,0xF12E0,0x4F12E0,0x4F1AE0,2048,0x4EAB20,26560,c7 81 58 0c 00 00 ff ff ff ff c2 08 00 cc cc cc 8b 44 24 0c 89 81 58 0c,0,28
Application::Main::Element::Window::Widget::ItemSearchPriceViewWidget,0xF9E71C,20,0x712B40,0x312B40,0x712B40,0x713340,2048,0x6FC5F0,91472,c2 08 00 cc cc cc cc cc cc cc cc cc cc cc cc cc 6a ff 68 48 55 e9 00 64,0,32
Application::Main::Element::Window::Widget::ItemSearchPriceViewWidget,0xF9E71C,21,0x712B40,0x312B40,0x712B40,0x713340,2048,0x6FC5F0,91472,c2 08 00 cc cc cc cc cc cc cc cc cc cc cc cc cc 6a ff 68 48 55 e9 00 64,0,32
Application::Main::Element::Window::Widget::ItemSearchPriceViewWidget,0xF9E71C,22,0x530880,0x130880,0x530880,0x530CD0,1104,0x530520,864,8b 01 8b 40 60 ff e0 cc cc cc cc cc cc cc cc cc c2 14 00 cc cc cc cc cc,0,31
Application::Main::Element::Window::Widget::ItemSearchPriceViewWidget,0xF9E71C,23,0x530880,0x130880,0x530880,0x530CD0,1104,0x530520,864,8b 01 8b 40 60 ff e0 cc cc cc cc cc cc cc cc cc c2 14 00 cc cc cc cc cc,0,31
Application::Main::Element::Window::Widget::ItemSearchPriceViewWidget,0xF9E71C,24,0x4F12F0,0xF12F0,0x4F12F0,0x4F1AF0,2048,0x4EAB20,26576,8b 44 24 0c 89 81 58 0c 00 00 c2 0c 00 cc cc cc 8b 4c 24 04 81 c1 c0 bd,0,28
Application::Main::Element::Window::Widget::ItemSearchPriceViewWidget,0xF9E71C,25,0x712B40,0x312B40,0x712B40,0x713340,2048,0x6FC5F0,91472,c2 08 00 cc cc cc cc cc cc cc cc cc cc cc cc cc 6a ff 68 48 55 e9 00 64,0,32
Application::Main::Element::Window::Widget::ItemSearchPriceViewWidget,0xF9E71C,26,0x712B40,0x312B40,0x712B40,0x713340,2048,0x6FC5F0,91472,c2 08 00 cc cc cc cc cc cc cc cc cc cc cc cc cc 6a ff 68 48 55 e9 00 64,0,32
Application::Main::Element::Window::Widget::ItemSearchPriceViewWidget,0xF9E71C,27,0x530890,0x130890,0x530890,0x530CD0,1088,0x530520,880,c2 14 00 cc cc cc cc cc cc cc cc cc cc cc cc cc 83 ec 08 56 8b f1 8b 56,0,31
Application::Main::Element::Window::Widget::ItemSearchPriceViewWidget,0xF9E71C,28,0x712B40,0x312B40,0x712B40,0x713340,2048,0x6FC5F0,91472,c2 08 00 cc cc cc cc cc cc cc cc cc cc cc cc cc 6a ff 68 48 55 e9 00 64,0,32
Application::Main::Element::Window::Widget::ItemSearchPriceViewWidget,0xF9E71C,29,0x712B40,0x312B40,0x712B40,0x713340,2048,0x6FC5F0,91472,c2 08 00 cc cc cc cc cc cc cc cc cc cc cc cc cc 6a ff 68 48 55 e9 00 64,0,32
Application::Main::Element::Window::Widget::ItemSearchPriceViewWidget,0xF9E71C,30,0x68FA70,0x28FA70,0x68FA70,0x68FB60,240,0x68E720,4944,32 c0 c2 0c 00 cc cc cc cc cc cc cc cc cc cc cc 56 8b f1 e8 38 ee ff ff,0,3
Application::Main::Element::Window::Widget::ItemSearchPriceViewWidget,0xF9E71C,31,0x712B40,0x312B40,0x712B40,0x713340,2048,0x6FC5F0,91472,c2 08 00 cc cc cc cc cc cc cc cc cc cc cc cc cc 6a ff 68 48 55 e9 00 64,0,32
Application::Main::Element::Window::Widget::ItemSearchPriceViewWidget,0xF9E71C,32,0xA72A20,0x672A20,0xA72A20,0xA73220,2048,0xA72990,144,c2 0c 00 cc cc cc cc cc cc cc cc cc cc cc cc cc c2 10 00 cc cc cc cc cc,0,29
Application::Main::Element::Window::Widget::ItemSearchPriceViewWidget,0xF9E71C,33,0x776340,0x376340,0x776340,0x776B40,2048,0x76E270,32976,c2 04 00 cc cc cc cc cc cc cc cc cc cc cc cc cc 56 8b f1 e8 18 ff ff ff,0,31
Application::Main::Element::Window::Widget::ItemSearchPriceViewWidget,0xF9E71C,34,0x776340,0x376340,0x776340,0x776B40,2048,0x76E270,32976,c2 04 00 cc cc cc cc cc cc cc cc cc cc cc cc cc 56 8b f1 e8 18 ff ff ff,0,31
Application::Main::Element::Window::Widget::ItemSearchPriceViewWidget,0xF9E71C,35,0x712B40,0x312B40,0x712B40,0x713340,2048,0x6FC5F0,91472,c2 08 00 cc cc cc cc cc cc cc cc cc cc cc cc cc 6a ff 68 48 55 e9 00 64,0,32
Application::Main::Element::Window::Widget::ItemSearchPriceViewWidget,0xF9E71C,36,0x4FA700,0xFA700,0x4FA700,0x4FA750,80,0x4F6270,17552,56 6a 01 8b f1 8b 8e a0 01 00 00 6a 00 6a 01 e8 ac 9e 42 00 8b 46 2c 8b,0,3
Application::Main::Element::Window::Widget::ItemSearchPriceViewWidget,0xF9E71C,37,0x712B40,0x312B40,0x712B40,0x713340,2048,0x6FC5F0,91472,c2 08 00 cc cc cc cc cc cc cc cc cc cc cc cc cc 6a ff 68 48 55 e9 00 64,0,32
Application::Main::Element::Window::Widget::ItemSearchPriceViewWidget,0xF9E71C,38,0x776340,0x376340,0x776340,0x776B40,2048,0x76E270,32976,c2 04 00 cc cc cc cc cc cc cc cc cc cc cc cc cc 56 8b f1 e8 18 ff ff ff,0,31
Application::Main::Element::Window::Widget::ItemSearchPriceViewWidget,0xF9E71C,39,0x4F5390,0xF5390,0x4F5390,0x4F5B90,2048,0x4EAB20,43120,53 8b d9 8b 83 24 02 00 00 8b c8 c1 e9 1e f6 c1 01 75 43 c1 e8 1c a8 01,0,43
Application::Main::Element::Window::Widget::RetainerListWidget,0xF9F66C,0,0x532020,0x132020,0x532020,0x532820,2048,0x530CD0,4944,6a ff 68 78 73 e6 00 64 a1 00 00 00 00 50 51 56 a1 b0 a8 2e 01 33 c4 50,0,43
Application::Main::Element::Window::Widget::RetainerListWidget,0xF9F66C,1,0x4F53F0,0xF53F0,0x4F53F0,0x4F5BF0,2048,0x4EAB20,43216,8b 81 24 02 00 00 c1 e8 1e 24 01 3c 01 0f 95 c0 c3 cc cc cc cc cc cc cc,0,45
Application::Main::Element::Window::Widget::RetainerListWidget,0xF9F66C,2,0x4FFF30,0xFFF30,0x4FFF30,0x500650,1824,0x4FA750,22496,80 b9 2c 02 00 00 00 8b 44 24 04 76 0e 85 c0 74 0a 83 f8 11 77 05 b0 01,0,30
Application::Main::Element::Window::Widget::RetainerListWidget,0xF9F66C,3,0x4F5410,0xF5410,0x4F5410,0x4F5C10,2048,0x4EAB20,43248,0f b6 44 24 04 83 e8 47 53 b3 01 74 1f 83 e8 02 74 06 32 c0 5b c2 04 00,0,48
Application::Main::Element::Window::Widget::RetainerListWidget,0xF9F66C,4,0x5107D0,0x1107D0,0x5107D0,0x510FD0,2048,0x50EDF0,6624,6a ff 68 d5 2e e6 00 64 a1 00 00 00 00 50 81 ec fc 00 00 00 56 57 a1 b0,0,78
Application::Main::Element::Window::Widget::RetainerListWidget,0xF9F66C,5,0x6CE2E0,0x2CE2E0,0x6CE2E0,0x6CEAE0,2048,0x6CC5B0,7472,c3 cc cc cc cc cc cc cc cc cc cc cc cc cc cc cc 8b 54 24 04 8b 02 56 8b,0,23
Application::Main::Element::Window::Widget::RetainerListWidget,0xF9F66C,6,0x6CE2E0,0x2CE2E0,0x6CE2E0,0x6CEAE0,2048,0x6CC5B0,7472,c3 cc cc cc cc cc cc cc cc cc cc cc cc cc cc cc 8b 54 24 04 8b 02 56 8b,0,23
Application::Main::Element::Window::Widget::RetainerListWidget,0xF9F66C,7,0x6CE2E0,0x2CE2E0,0x6CE2E0,0x6CEAE0,2048,0x6CC5B0,7472,c3 cc cc cc cc cc cc cc cc cc cc cc cc cc cc cc 8b 54 24 04 8b 02 56 8b,0,23
Application::Main::Element::Window::Widget::RetainerListWidget,0xF9F66C,8,0x514D50,0x114D50,0x514D50,0x515550,2048,0x50EDF0,24416,56 8b f1 80 be 48 02 00 00 00 75 1c 83 be 3c 02 00 00 00 74 13 e8 b6 f6,0,83
Application::Main::Element::Window::Widget::RetainerListWidget,0xF9F66C,9,0x6CE2E0,0x2CE2E0,0x6CE2E0,0x6CEAE0,2048,0x6CC5B0,7472,c3 cc cc cc cc cc cc cc cc cc cc cc cc cc cc cc 8b 54 24 04 8b 02 56 8b,0,23
Application::Main::Element::Window::Widget::RetainerListWidget,0xF9F66C,10,0x6CE2E0,0x2CE2E0,0x6CE2E0,0x6CEAE0,2048,0x6CC5B0,7472,c3 cc cc cc cc cc cc cc cc cc cc cc cc cc cc cc 8b 54 24 04 8b 02 56 8b,0,23
Application::Main::Element::Window::Widget::RetainerListWidget,0xF9F66C,11,0x712B40,0x312B40,0x712B40,0x713340,2048,0x6FC5F0,91472,c2 08 00 cc cc cc cc cc cc cc cc cc cc cc cc cc 6a ff 68 48 55 e9 00 64,0,32
Application::Main::Element::Window::Widget::RetainerListWidget,0xF9F66C,12,0x505B50,0x105B50,0x505B50,0x506350,2048,0x503180,10704,56 8b f1 83 be 3c 02 00 00 02 75 0e c7 86 44 02 00 00 00 00 00 00 5e c2,0,63
Application::Main::Element::Window::Widget::RetainerListWidget,0xF9F66C,13,0x505B90,0x105B90,0x505B90,0x506390,2048,0x503180,10768,56 8b f1 83 be 3c 02 00 00 02 75 0e c7 86 44 02 00 00 00 00 00 00 5e c2,0,64
Application::Main::Element::Window::Widget::RetainerListWidget,0xF9F66C,14,0x4F43F0,0xF43F0,0x4F43F0,0x4F4BF0,2048,0x4EAB20,39120,83 b9 3c 02 00 00 02 75 16 8b 44 24 04 3b 81 34 02 00 00 75 0a 8b 54 24,0,29
Application::Main::Element::Window::Widget::RetainerListWidget,0xF9F66C,15,0xA72A20,0x672A20,0xA72A20,0xA73220,2048,0xA72990,144,c2 0c 00 cc cc cc cc cc cc cc cc cc cc cc cc cc c2 10 00 cc cc cc cc cc,0,29
Application::Main::Element::Window::Widget::RetainerListWidget,0xF9F66C,16,0x530870,0x130870,0x530870,0x530CD0,1120,0x530520,848,8b 01 8b 40 50 ff e0 cc cc cc cc cc cc cc cc cc 8b 01 8b 40 60 ff e0 cc,0,31
Application::Main::Element::Window::Widget::RetainerListWidget,0xF9F66C,17,0x68FA60,0x28FA60,0x68FA60,0x68FB60,256,0x68E720,4928,8b 01 8b 40 54 ff e0 cc cc cc cc cc cc cc cc cc 32 c0 c2 0c 00 cc cc cc,0,3
Application::Main::Element::Window::Widget::RetainerListWidget,0xF9F66C,18,0x530870,0x130870,0x530870,0x530CD0,1120,0x530520,848,8b 01 8b 40 50 ff e0 cc cc cc cc cc cc cc cc cc 8b 01 8b 40 60 ff e0 cc,0,31
Application::Main::Element::Window::Widget::RetainerListWidget,0xF9F66C,19,0x68FA60,0x28FA60,0x68FA60,0x68FB60,256,0x68E720,4928,8b 01 8b 40 54 ff e0 cc cc cc cc cc cc cc cc cc 32 c0 c2 0c 00 cc cc cc,0,3
Application::Main::Element::Window::Widget::RetainerListWidget,0xF9F66C,20,0x712B40,0x312B40,0x712B40,0x713340,2048,0x6FC5F0,91472,c2 08 00 cc cc cc cc cc cc cc cc cc cc cc cc cc 6a ff 68 48 55 e9 00 64,0,32
Application::Main::Element::Window::Widget::RetainerListWidget,0xF9F66C,21,0x712B40,0x312B40,0x712B40,0x713340,2048,0x6FC5F0,91472,c2 08 00 cc cc cc cc cc cc cc cc cc cc cc cc cc 6a ff 68 48 55 e9 00 64,0,32
Application::Main::Element::Window::Widget::RetainerListWidget,0xF9F66C,22,0x530880,0x130880,0x530880,0x530CD0,1104,0x530520,864,8b 01 8b 40 60 ff e0 cc cc cc cc cc cc cc cc cc c2 14 00 cc cc cc cc cc,0,31
Application::Main::Element::Window::Widget::RetainerListWidget,0xF9F66C,23,0x530880,0x130880,0x530880,0x530CD0,1104,0x530520,864,8b 01 8b 40 60 ff e0 cc cc cc cc cc cc cc cc cc c2 14 00 cc cc cc cc cc,0,31
Application::Main::Element::Window::Widget::RetainerListWidget,0xF9F66C,24,0xA72A20,0x672A20,0xA72A20,0xA73220,2048,0xA72990,144,c2 0c 00 cc cc cc cc cc cc cc cc cc cc cc cc cc c2 10 00 cc cc cc cc cc,0,29
Application::Main::Element::Window::Widget::RetainerListWidget,0xF9F66C,25,0x712B40,0x312B40,0x712B40,0x713340,2048,0x6FC5F0,91472,c2 08 00 cc cc cc cc cc cc cc cc cc cc cc cc cc 6a ff 68 48 55 e9 00 64,0,32
Application::Main::Element::Window::Widget::RetainerListWidget,0xF9F66C,26,0x712B40,0x312B40,0x712B40,0x713340,2048,0x6FC5F0,91472,c2 08 00 cc cc cc cc cc cc cc cc cc cc cc cc cc 6a ff 68 48 55 e9 00 64,0,32
Application::Main::Element::Window::Widget::RetainerListWidget,0xF9F66C,27,0x530890,0x130890,0x530890,0x530CD0,1088,0x530520,880,c2 14 00 cc cc cc cc cc cc cc cc cc cc cc cc cc 83 ec 08 56 8b f1 8b 56,0,31
Application::Main::Element::Window::Widget::RetainerListWidget,0xF9F66C,28,0x712B40,0x312B40,0x712B40,0x713340,2048,0x6FC5F0,91472,c2 08 00 cc cc cc cc cc cc cc cc cc cc cc cc cc 6a ff 68 48 55 e9 00 64,0,32
Application::Main::Element::Window::Widget::RetainerListWidget,0xF9F66C,29,0x712B40,0x312B40,0x712B40,0x713340,2048,0x6FC5F0,91472,c2 08 00 cc cc cc cc cc cc cc cc cc cc cc cc cc 6a ff 68 48 55 e9 00 64,0,32
Application::Main::Element::Window::Widget::RetainerListWidget,0xF9F66C,30,0x68FA70,0x28FA70,0x68FA70,0x68FB60,240,0x68E720,4944,32 c0 c2 0c 00 cc cc cc cc cc cc cc cc cc cc cc 56 8b f1 e8 38 ee ff ff,0,3
Application::Main::Element::Window::Widget::RetainerListWidget,0xF9F66C,31,0x712B40,0x312B40,0x712B40,0x713340,2048,0x6FC5F0,91472,c2 08 00 cc cc cc cc cc cc cc cc cc cc cc cc cc 6a ff 68 48 55 e9 00 64,0,32
Application::Main::Element::Window::Widget::RetainerListWidget,0xF9F66C,32,0xA72A20,0x672A20,0xA72A20,0xA73220,2048,0xA72990,144,c2 0c 00 cc cc cc cc cc cc cc cc cc cc cc cc cc c2 10 00 cc cc cc cc cc,0,29
Application::Main::Element::Window::Widget::RetainerListWidget,0xF9F66C,33,0x776340,0x376340,0x776340,0x776B40,2048,0x76E270,32976,c2 04 00 cc cc cc cc cc cc cc cc cc cc cc cc cc 56 8b f1 e8 18 ff ff ff,0,31
Application::Main::Element::Window::Widget::RetainerListWidget,0xF9F66C,34,0x776340,0x376340,0x776340,0x776B40,2048,0x76E270,32976,c2 04 00 cc cc cc cc cc cc cc cc cc cc cc cc cc 56 8b f1 e8 18 ff ff ff,0,31
Application::Main::Element::Window::Widget::RetainerListWidget,0xF9F66C,35,0x712B40,0x312B40,0x712B40,0x713340,2048,0x6FC5F0,91472,c2 08 00 cc cc cc cc cc cc cc cc cc cc cc cc cc 6a ff 68 48 55 e9 00 64,0,32
Application::Main::Element::Window::Widget::RetainerListWidget,0xF9F66C,36,0x712B40,0x312B40,0x712B40,0x713340,2048,0x6FC5F0,91472,c2 08 00 cc cc cc cc cc cc cc cc cc cc cc cc cc 6a ff 68 48 55 e9 00 64,0,32
Application::Main::Element::Window::Widget::RetainerListWidget,0xF9F66C,37,0x712B40,0x312B40,0x712B40,0x713340,2048,0x6FC5F0,91472,c2 08 00 cc cc cc cc cc cc cc cc cc cc cc cc cc 6a ff 68 48 55 e9 00 64,0,32
Application::Main::Element::Window::Widget::RetainerListWidget,0xF9F66C,38,0x776340,0x376340,0x776340,0x776B40,2048,0x76E270,32976,c2 04 00 cc cc cc cc cc cc cc cc cc cc cc cc cc 56 8b f1 e8 18 ff ff ff,0,31
Application::Main::Element::Window::Widget::RetainerListWidget,0xF9F66C,39,0x4F5390,0xF5390,0x4F5390,0x4F5B90,2048,0x4EAB20,43120,53 8b d9 8b 83 24 02 00 00 8b c8 c1 e9 1e f6 c1 01 75 43 c1 e8 1c a8 01,0,43
Application::Main::Element::Window::Widget::ItemSearchHistoryViewWidget,0xFA030C,0,0x532E20,0x132E20,0x532E20,0x533620,2048,0x532A40,992,6a ff 68 78 73 e6 00 64 a1 00 00 00 00 50 51 56 a1 b0 a8 2e 01 33 c4 50,0,30
Application::Main::Element::Window::Widget::ItemSearchHistoryViewWidget,0xFA030C,1,0x4F53F0,0xF53F0,0x4F53F0,0x4F5BF0,2048,0x4EAB20,43216,8b 81 24 02 00 00 c1 e8 1e 24 01 3c 01 0f 95 c0 c3 cc cc cc cc cc cc cc,0,45
Application::Main::Element::Window::Widget::ItemSearchHistoryViewWidget,0xFA030C,2,0x4FFF30,0xFFF30,0x4FFF30,0x500650,1824,0x4FA750,22496,80 b9 2c 02 00 00 00 8b 44 24 04 76 0e 85 c0 74 0a 83 f8 11 77 05 b0 01,0,30
Application::Main::Element::Window::Widget::ItemSearchHistoryViewWidget,0xFA030C,3,0x4F5410,0xF5410,0x4F5410,0x4F5C10,2048,0x4EAB20,43248,0f b6 44 24 04 83 e8 47 53 b3 01 74 1f 83 e8 02 74 06 32 c0 5b c2 04 00,0,48
Application::Main::Element::Window::Widget::ItemSearchHistoryViewWidget,0xFA030C,4,0x532BF0,0x132BF0,0x532BF0,0x5333F0,2048,0x532A40,432,6a ff 68 86 7c e6 00 64 a1 00 00 00 00 50 81 ec 5c 01 00 00 a1 b0 a8 2e,0,38
Application::Main::Element::Window::Widget::ItemSearchHistoryViewWidget,0xFA030C,5,0x532A40,0x132A40,0x532A40,0x533240,2048,0x532A40,0,55 8b ec 83 e4 f8 81 ec ac 08 00 00 a1 b0 a8 2e 01 33 c4 89 84 24 a8 08,0,42
Application::Main::Element::Window::Widget::ItemSearchHistoryViewWidget,0xFA030C,6,0x6CE2E0,0x2CE2E0,0x6CE2E0,0x6CEAE0,2048,0x6CC5B0,7472,c3 cc cc cc cc cc cc cc cc cc cc cc cc cc cc cc 8b 54 24 04 8b 02 56 8b,0,23
Application::Main::Element::Window::Widget::ItemSearchHistoryViewWidget,0xFA030C,7,0x6CE2E0,0x2CE2E0,0x6CE2E0,0x6CEAE0,2048,0x6CC5B0,7472,c3 cc cc cc cc cc cc cc cc cc cc cc cc cc cc cc 8b 54 24 04 8b 02 56 8b,0,23
Application::Main::Element::Window::Widget::ItemSearchHistoryViewWidget,0xFA030C,8,0x6CE2E0,0x2CE2E0,0x6CE2E0,0x6CEAE0,2048,0x6CC5B0,7472,c3 cc cc cc cc cc cc cc cc cc cc cc cc cc cc cc 8b 54 24 04 8b 02 56 8b,0,23
Application::Main::Element::Window::Widget::ItemSearchHistoryViewWidget,0xFA030C,9,0x6CE2E0,0x2CE2E0,0x6CE2E0,0x6CEAE0,2048,0x6CC5B0,7472,c3 cc cc cc cc cc cc cc cc cc cc cc cc cc cc cc 8b 54 24 04 8b 02 56 8b,0,23
Application::Main::Element::Window::Widget::ItemSearchHistoryViewWidget,0xFA030C,10,0x6CE2E0,0x2CE2E0,0x6CE2E0,0x6CEAE0,2048,0x6CC5B0,7472,c3 cc cc cc cc cc cc cc cc cc cc cc cc cc cc cc 8b 54 24 04 8b 02 56 8b,0,23
Application::Main::Element::Window::Widget::ItemSearchHistoryViewWidget,0xFA030C,11,0x532DC0,0x132DC0,0x532DC0,0x5335C0,2048,0x532A40,896,8b 44 24 04 3b 81 34 02 00 00 75 18 8b 89 a4 01 00 00 8b 11 8b 92 90 00,0,28
Application::Main::Element::Window::Widget::ItemSearchHistoryViewWidget,0xFA030C,12,0x532DF0,0x132DF0,0x532DF0,0x5335F0,2048,0x532A40,944,8b 44 24 04 3b 81 34 02 00 00 75 18 8b 89 a4 01 00 00 8b 11 8b 92 90 00,0,29
Application::Main::Element::Window::Widget::ItemSearchHistoryViewWidget,0xFA030C,13,0x4F5460,0xF5460,0x4F5460,0x4F5C60,2048,0x4EAB20,43328,56 8b f1 8b 06 8b 50 28 ff d2 8b 86 28 02 00 00 8b 4e 2c 50 e8 a7 a1 17,0,52
Application::Main::Element::Window::Widget::ItemSearchHistoryViewWidget,0xFA030C,14,0xA72A20,0x672A20,0xA72A20,0xA73220,2048,0xA72990,144,c2 0c 00 cc cc cc cc cc cc cc cc cc cc cc cc cc c2 10 00 cc cc cc cc cc,0,29
Application::Main::Element::Window::Widget::ItemSearchHistoryViewWidget,0xFA030C,15,0xA72A20,0x672A20,0xA72A20,0xA73220,2048,0xA72990,144,c2 0c 00 cc cc cc cc cc cc cc cc cc cc cc cc cc c2 10 00 cc cc cc cc cc,0,29
Application::Main::Element::Window::Widget::ItemSearchHistoryViewWidget,0xFA030C,16,0x530870,0x130870,0x530870,0x530CD0,1120,0x530520,848,8b 01 8b 40 50 ff e0 cc cc cc cc cc cc cc cc cc 8b 01 8b 40 60 ff e0 cc,0,31
Application::Main::Element::Window::Widget::ItemSearchHistoryViewWidget,0xFA030C,17,0x68FA60,0x28FA60,0x68FA60,0x68FB60,256,0x68E720,4928,8b 01 8b 40 54 ff e0 cc cc cc cc cc cc cc cc cc 32 c0 c2 0c 00 cc cc cc,0,3
Application::Main::Element::Window::Widget::ItemSearchHistoryViewWidget,0xFA030C,18,0x530870,0x130870,0x530870,0x530CD0,1120,0x530520,848,8b 01 8b 40 50 ff e0 cc cc cc cc cc cc cc cc cc 8b 01 8b 40 60 ff e0 cc,0,31
Application::Main::Element::Window::Widget::ItemSearchHistoryViewWidget,0xFA030C,19,0x68FA60,0x28FA60,0x68FA60,0x68FB60,256,0x68E720,4928,8b 01 8b 40 54 ff e0 cc cc cc cc cc cc cc cc cc 32 c0 c2 0c 00 cc cc cc,0,3
Application::Main::Element::Window::Widget::ItemSearchHistoryViewWidget,0xFA030C,20,0x712B40,0x312B40,0x712B40,0x713340,2048,0x6FC5F0,91472,c2 08 00 cc cc cc cc cc cc cc cc cc cc cc cc cc 6a ff 68 48 55 e9 00 64,0,32
Application::Main::Element::Window::Widget::ItemSearchHistoryViewWidget,0xFA030C,21,0x712B40,0x312B40,0x712B40,0x713340,2048,0x6FC5F0,91472,c2 08 00 cc cc cc cc cc cc cc cc cc cc cc cc cc 6a ff 68 48 55 e9 00 64,0,32
Application::Main::Element::Window::Widget::ItemSearchHistoryViewWidget,0xFA030C,22,0x530880,0x130880,0x530880,0x530CD0,1104,0x530520,864,8b 01 8b 40 60 ff e0 cc cc cc cc cc cc cc cc cc c2 14 00 cc cc cc cc cc,0,31
Application::Main::Element::Window::Widget::ItemSearchHistoryViewWidget,0xFA030C,23,0x530880,0x130880,0x530880,0x530CD0,1104,0x530520,864,8b 01 8b 40 60 ff e0 cc cc cc cc cc cc cc cc cc c2 14 00 cc cc cc cc cc,0,31
Application::Main::Element::Window::Widget::ItemSearchHistoryViewWidget,0xFA030C,24,0xA72A20,0x672A20,0xA72A20,0xA73220,2048,0xA72990,144,c2 0c 00 cc cc cc cc cc cc cc cc cc cc cc cc cc c2 10 00 cc cc cc cc cc,0,29
Application::Main::Element::Window::Widget::ItemSearchHistoryViewWidget,0xFA030C,25,0x712B40,0x312B40,0x712B40,0x713340,2048,0x6FC5F0,91472,c2 08 00 cc cc cc cc cc cc cc cc cc cc cc cc cc 6a ff 68 48 55 e9 00 64,0,32
Application::Main::Element::Window::Widget::ItemSearchHistoryViewWidget,0xFA030C,26,0x712B40,0x312B40,0x712B40,0x713340,2048,0x6FC5F0,91472,c2 08 00 cc cc cc cc cc cc cc cc cc cc cc cc cc 6a ff 68 48 55 e9 00 64,0,32
Application::Main::Element::Window::Widget::ItemSearchHistoryViewWidget,0xFA030C,27,0x530890,0x130890,0x530890,0x530CD0,1088,0x530520,880,c2 14 00 cc cc cc cc cc cc cc cc cc cc cc cc cc 83 ec 08 56 8b f1 8b 56,0,31
Application::Main::Element::Window::Widget::ItemSearchHistoryViewWidget,0xFA030C,28,0x712B40,0x312B40,0x712B40,0x713340,2048,0x6FC5F0,91472,c2 08 00 cc cc cc cc cc cc cc cc cc cc cc cc cc 6a ff 68 48 55 e9 00 64,0,32
Application::Main::Element::Window::Widget::ItemSearchHistoryViewWidget,0xFA030C,29,0x712B40,0x312B40,0x712B40,0x713340,2048,0x6FC5F0,91472,c2 08 00 cc cc cc cc cc cc cc cc cc cc cc cc cc 6a ff 68 48 55 e9 00 64,0,32
Application::Main::Element::Window::Widget::ItemSearchHistoryViewWidget,0xFA030C,30,0x68FA70,0x28FA70,0x68FA70,0x68FB60,240,0x68E720,4944,32 c0 c2 0c 00 cc cc cc cc cc cc cc cc cc cc cc 56 8b f1 e8 38 ee ff ff,0,3
Application::Main::Element::Window::Widget::ItemSearchHistoryViewWidget,0xFA030C,31,0x712B40,0x312B40,0x712B40,0x713340,2048,0x6FC5F0,91472,c2 08 00 cc cc cc cc cc cc cc cc cc cc cc cc cc 6a ff 68 48 55 e9 00 64,0,32
Application::Main::Element::Window::Widget::ItemSearchHistoryViewWidget,0xFA030C,32,0xA72A20,0x672A20,0xA72A20,0xA73220,2048,0xA72990,144,c2 0c 00 cc cc cc cc cc cc cc cc cc cc cc cc cc c2 10 00 cc cc cc cc cc,0,29
Application::Main::Element::Window::Widget::ItemSearchHistoryViewWidget,0xFA030C,33,0x776340,0x376340,0x776340,0x776B40,2048,0x76E270,32976,c2 04 00 cc cc cc cc cc cc cc cc cc cc cc cc cc 56 8b f1 e8 18 ff ff ff,0,31
Application::Main::Element::Window::Widget::ItemSearchHistoryViewWidget,0xFA030C,34,0x776340,0x376340,0x776340,0x776B40,2048,0x76E270,32976,c2 04 00 cc cc cc cc cc cc cc cc cc cc cc cc cc 56 8b f1 e8 18 ff ff ff,0,31
Application::Main::Element::Window::Widget::ItemSearchHistoryViewWidget,0xFA030C,35,0x712B40,0x312B40,0x712B40,0x713340,2048,0x6FC5F0,91472,c2 08 00 cc cc cc cc cc cc cc cc cc cc cc cc cc 6a ff 68 48 55 e9 00 64,0,32
Application::Main::Element::Window::Widget::ItemSearchHistoryViewWidget,0xFA030C,36,0x712B40,0x312B40,0x712B40,0x713340,2048,0x6FC5F0,91472,c2 08 00 cc cc cc cc cc cc cc cc cc cc cc cc cc 6a ff 68 48 55 e9 00 64,0,32
Application::Main::Element::Window::Widget::ItemSearchHistoryViewWidget,0xFA030C,37,0x712B40,0x312B40,0x712B40,0x713340,2048,0x6FC5F0,91472,c2 08 00 cc cc cc cc cc cc cc cc cc cc cc cc cc 6a ff 68 48 55 e9 00 64,0,32
Application::Main::Element::Window::Widget::ItemSearchHistoryViewWidget,0xFA030C,38,0x776340,0x376340,0x776340,0x776B40,2048,0x76E270,32976,c2 04 00 cc cc cc cc cc cc cc cc cc cc cc cc cc 56 8b f1 e8 18 ff ff ff,0,31
Application::Main::Element::Window::Widget::ItemSearchHistoryViewWidget,0xFA030C,39,0x4F5390,0xF5390,0x4F5390,0x4F5B90,2048,0x4EAB20,43120,53 8b d9 8b 83 24 02 00 00 8b c8 c1 e9 1e f6 c1 01 75 43 c1 e8 1c a8 01,0,43
Application::Lua::Script::Client::Control::?A0xfd906835::s_ItemSearchWidgetResumeChecker,0xFD537C,0,0x713E50,0x313E50,0x713E50,0x714650,2048,0x6FC5F0,96352,56 8b f1 e8 58 ff ff ff f6 44 24 08 01 74 09 56 e8 b2 dc 2b 00 83 c4 04,0,17
Application::Lua::Script::Client::Control::?A0xfd906835::s_ItemSearchWidgetResumeChecker,0xFD537C,1,0x713E20,0x313E20,0x713E20,0x714620,2048,0x6FC5F0,96304,8b 49 04 e8 28 7d 04 00 84 c0 8b 44 24 04 74 0b 8b 0d cc ce 30 01 89 08,0,18
Application::Lua::Script::Client::Control::?A0xfd906835::s_ItemSearchWidgetResumeChecker,0xFD537C,2,0xA72A20,0x672A20,0xA72A20,0xA73220,2048,0xA72990,144,c2 0c 00 cc cc cc cc cc cc cc cc cc cc cc cc cc c2 10 00 cc cc cc cc cc,0,29
Application::Main::Element::Window::Widget::ItemSearchListHelpWidget,0x1049794,0,0x85D140,0x45D140,0x85D140,0x85D330,496,0x858A50,18160,56 8b f1 e8 28 b1 ff ff f6 44 24 08 01 74 09 56 e8 c2 49 17 00 83 c4 04,0,7
Application::Main::Element::Window::Widget::ItemSearchListHelpWidget,0x1049794,1,0x4F53F0,0xF53F0,0x4F53F0,0x4F5BF0,2048,0x4EAB20,43216,8b 81 24 02 00 00 c1 e8 1e 24 01 3c 01 0f 95 c0 c3 cc cc cc cc cc cc cc,0,45
Application::Main::Element::Window::Widget::ItemSearchListHelpWidget,0x1049794,2,0x4FFF30,0xFFF30,0x4FFF30,0x500650,1824,0x4FA750,22496,80 b9 2c 02 00 00 00 8b 44 24 04 76 0e 85 c0 74 0a 83 f8 11 77 05 b0 01,0,30
Application::Main::Element::Window::Widget::ItemSearchListHelpWidget,0x1049794,3,0x4F5410,0xF5410,0x4F5410,0x4F5C10,2048,0x4EAB20,43248,0f b6 44 24 04 83 e8 47 53 b3 01 74 1f 83 e8 02 74 06 32 c0 5b c2 04 00,0,48
Application::Main::Element::Window::Widget::ItemSearchListHelpWidget,0x1049794,4,0x859490,0x459490,0x859490,0x859C90,2048,0x858A50,2624,6a ff 68 3c 62 eb 00 64 a1 00 00 00 00 50 81 ec d0 05 00 00 a1 b0 a8 2e,0,76
Application::Main::Element::Window::Widget::ItemSearchListHelpWidget,0x1049794,5,0x85D000,0x45D000,0x85D000,0x85D330,816,0x858A50,17840,56 8b f1 8b 86 c0 03 00 00 8b 50 04 8d 8e c0 03 00 00 ff d2 80 be 74 0d,0,17
Application::Main::Element::Window::Widget::ItemSearchListHelpWidget,0x1049794,6,0x6CE2E0,0x2CE2E0,0x6CE2E0,0x6CEAE0,2048,0x6CC5B0,7472,c3 cc cc cc cc cc cc cc cc cc cc cc cc cc cc cc 8b 54 24 04 8b 02 56 8b,0,23
Application::Main::Element::Window::Widget::ItemSearchListHelpWidget,0x1049794,7,0x6CE2E0,0x2CE2E0,0x6CE2E0,0x6CEAE0,2048,0x6CC5B0,7472,c3 cc cc cc cc cc cc cc cc cc cc cc cc cc cc cc 8b 54 24 04 8b 02 56 8b,0,23
Application::Main::Element::Window::Widget::ItemSearchListHelpWidget,0x1049794,8,0x6CE2E0,0x2CE2E0,0x6CE2E0,0x6CEAE0,2048,0x6CC5B0,7472,c3 cc cc cc cc cc cc cc cc cc cc cc cc cc cc cc 8b 54 24 04 8b 02 56 8b,0,23
Application::Main::Element::Window::Widget::ItemSearchListHelpWidget,0x1049794,9,0x6CE2E0,0x2CE2E0,0x6CE2E0,0x6CEAE0,2048,0x6CC5B0,7472,c3 cc cc cc cc cc cc cc cc cc cc cc cc cc cc cc 8b 54 24 04 8b 02 56 8b,0,23
Application::Main::Element::Window::Widget::ItemSearchListHelpWidget,0x1049794,10,0x6CE2E0,0x2CE2E0,0x6CE2E0,0x6CEAE0,2048,0x6CC5B0,7472,c3 cc cc cc cc cc cc cc cc cc cc cc cc cc cc cc 8b 54 24 04 8b 02 56 8b,0,23
Application::Main::Element::Window::Widget::ItemSearchListHelpWidget,0x1049794,11,0x85B120,0x45B120,0x85B120,0x85B920,2048,0x858A50,9936,8b 89 a4 01 00 00 8b 01 8b 80 90 00 00 00 c7 44 24 04 01 00 00 00 ff e0,0,66
Application::Main::Element::Window::Widget::ItemSearchListHelpWidget,0x1049794,12,0x85B140,0x45B140,0x85B140,0x85B940,2048,0x858A50,9968,8b 89 a4 01 00 00 8b 01 8b 80 90 00 00 00 c7 44 24 04 01 00 00 00 ff e0,0,66
Application::Main::Element::Window::Widget::ItemSearchListHelpWidget,0x1049794,13,0x4F5460,0xF5460,0x4F5460,0x4F5C60,2048,0x4EAB20,43328,56 8b f1 8b 06 8b 50 28 ff d2 8b 86 28 02 00 00 8b 4e 2c 50 e8 a7 a1 17,0,52
Application::Main::Element::Window::Widget::ItemSearchListHelpWidget,0x1049794,14,0xA72A20,0x672A20,0xA72A20,0xA73220,2048,0xA72990,144,c2 0c 00 cc cc cc cc cc cc cc cc cc cc cc cc cc c2 10 00 cc cc cc cc cc,0,29
Application::Main::Element::Window::Widget::ItemSearchListHelpWidget,0x1049794,15,0xA72A20,0x672A20,0xA72A20,0xA73220,2048,0xA72990,144,c2 0c 00 cc cc cc cc cc cc cc cc cc cc cc cc cc c2 10 00 cc cc cc cc cc,0,29
Application::Main::Element::Window::Widget::ItemSearchListHelpWidget,0x1049794,16,0x530870,0x130870,0x530870,0x530CD0,1120,0x530520,848,8b 01 8b 40 50 ff e0 cc cc cc cc cc cc cc cc cc 8b 01 8b 40 60 ff e0 cc,0,31
Application::Main::Element::Window::Widget::ItemSearchListHelpWidget,0x1049794,17,0x68FA60,0x28FA60,0x68FA60,0x68FB60,256,0x68E720,4928,8b 01 8b 40 54 ff e0 cc cc cc cc cc cc cc cc cc 32 c0 c2 0c 00 cc cc cc,0,3
Application::Main::Element::Window::Widget::ItemSearchListHelpWidget,0x1049794,18,0x530870,0x130870,0x530870,0x530CD0,1120,0x530520,848,8b 01 8b 40 50 ff e0 cc cc cc cc cc cc cc cc cc 8b 01 8b 40 60 ff e0 cc,0,31
Application::Main::Element::Window::Widget::ItemSearchListHelpWidget,0x1049794,19,0x68FA60,0x28FA60,0x68FA60,0x68FB60,256,0x68E720,4928,8b 01 8b 40 54 ff e0 cc cc cc cc cc cc cc cc cc 32 c0 c2 0c 00 cc cc cc,0,3
Application::Main::Element::Window::Widget::ItemSearchListHelpWidget,0x1049794,20,0x712B40,0x312B40,0x712B40,0x713340,2048,0x6FC5F0,91472,c2 08 00 cc cc cc cc cc cc cc cc cc cc cc cc cc 6a ff 68 48 55 e9 00 64,0,32
Application::Main::Element::Window::Widget::ItemSearchListHelpWidget,0x1049794,21,0x712B40,0x312B40,0x712B40,0x713340,2048,0x6FC5F0,91472,c2 08 00 cc cc cc cc cc cc cc cc cc cc cc cc cc 6a ff 68 48 55 e9 00 64,0,32
Application::Main::Element::Window::Widget::ItemSearchListHelpWidget,0x1049794,22,0x530880,0x130880,0x530880,0x530CD0,1104,0x530520,864,8b 01 8b 40 60 ff e0 cc cc cc cc cc cc cc cc cc c2 14 00 cc cc cc cc cc,0,31
Application::Main::Element::Window::Widget::ItemSearchListHelpWidget,0x1049794,23,0x530880,0x130880,0x530880,0x530CD0,1104,0x530520,864,8b 01 8b 40 60 ff e0 cc cc cc cc cc cc cc cc cc c2 14 00 cc cc cc cc cc,0,31
Application::Main::Element::Window::Widget::ItemSearchListHelpWidget,0x1049794,24,0xA72A20,0x672A20,0xA72A20,0xA73220,2048,0xA72990,144,c2 0c 00 cc cc cc cc cc cc cc cc cc cc cc cc cc c2 10 00 cc cc cc cc cc,0,29
Application::Main::Element::Window::Widget::ItemSearchListHelpWidget,0x1049794,25,0x712B40,0x312B40,0x712B40,0x713340,2048,0x6FC5F0,91472,c2 08 00 cc cc cc cc cc cc cc cc cc cc cc cc cc 6a ff 68 48 55 e9 00 64,0,32
Application::Main::Element::Window::Widget::ItemSearchListHelpWidget,0x1049794,26,0x712B40,0x312B40,0x712B40,0x713340,2048,0x6FC5F0,91472,c2 08 00 cc cc cc cc cc cc cc cc cc cc cc cc cc 6a ff 68 48 55 e9 00 64,0,32
Application::Main::Element::Window::Widget::ItemSearchListHelpWidget,0x1049794,27,0x530890,0x130890,0x530890,0x530CD0,1088,0x530520,880,c2 14 00 cc cc cc cc cc cc cc cc cc cc cc cc cc 83 ec 08 56 8b f1 8b 56,0,31
Application::Main::Element::Window::Widget::ItemSearchListHelpWidget,0x1049794,28,0x712B40,0x312B40,0x712B40,0x713340,2048,0x6FC5F0,91472,c2 08 00 cc cc cc cc cc cc cc cc cc cc cc cc cc 6a ff 68 48 55 e9 00 64,0,32
Application::Main::Element::Window::Widget::ItemSearchListHelpWidget,0x1049794,29,0x712B40,0x312B40,0x712B40,0x713340,2048,0x6FC5F0,91472,c2 08 00 cc cc cc cc cc cc cc cc cc cc cc cc cc 6a ff 68 48 55 e9 00 64,0,32
Application::Main::Element::Window::Widget::ItemSearchListHelpWidget,0x1049794,30,0x68FA70,0x28FA70,0x68FA70,0x68FB60,240,0x68E720,4944,32 c0 c2 0c 00 cc cc cc cc cc cc cc cc cc cc cc 56 8b f1 e8 38 ee ff ff,0,3
Application::Main::Element::Window::Widget::ItemSearchListHelpWidget,0x1049794,31,0x712B40,0x312B40,0x712B40,0x713340,2048,0x6FC5F0,91472,c2 08 00 cc cc cc cc cc cc cc cc cc cc cc cc cc 6a ff 68 48 55 e9 00 64,0,32
Application::Main::Element::Window::Widget::ItemSearchListHelpWidget,0x1049794,32,0xA72A20,0x672A20,0xA72A20,0xA73220,2048,0xA72990,144,c2 0c 00 cc cc cc cc cc cc cc cc cc cc cc cc cc c2 10 00 cc cc cc cc cc,0,29
Application::Main::Element::Window::Widget::ItemSearchListHelpWidget,0x1049794,33,0x776340,0x376340,0x776340,0x776B40,2048,0x76E270,32976,c2 04 00 cc cc cc cc cc cc cc cc cc cc cc cc cc 56 8b f1 e8 18 ff ff ff,0,31
Application::Main::Element::Window::Widget::ItemSearchListHelpWidget,0x1049794,34,0x776340,0x376340,0x776340,0x776B40,2048,0x76E270,32976,c2 04 00 cc cc cc cc cc cc cc cc cc cc cc cc cc 56 8b f1 e8 18 ff ff ff,0,31
Application::Main::Element::Window::Widget::ItemSearchListHelpWidget,0x1049794,35,0x712B40,0x312B40,0x712B40,0x713340,2048,0x6FC5F0,91472,c2 08 00 cc cc cc cc cc cc cc cc cc cc cc cc cc 6a ff 68 48 55 e9 00 64,0,32
Application::Main::Element::Window::Widget::ItemSearchListHelpWidget,0x1049794,36,0x712B40,0x312B40,0x712B40,0x713340,2048,0x6FC5F0,91472,c2 08 00 cc cc cc cc cc cc cc cc cc cc cc cc cc 6a ff 68 48 55 e9 00 64,0,32
Application::Main::Element::Window::Widget::ItemSearchListHelpWidget,0x1049794,37,0x712B40,0x312B40,0x712B40,0x713340,2048,0x6FC5F0,91472,c2 08 00 cc cc cc cc cc cc cc cc cc cc cc cc cc 6a ff 68 48 55 e9 00 64,0,32
Application::Main::Element::Window::Widget::ItemSearchListHelpWidget,0x1049794,38,0x776340,0x376340,0x776340,0x776B40,2048,0x76E270,32976,c2 04 00 cc cc cc cc cc cc cc cc cc cc cc cc cc 56 8b f1 e8 18 ff ff ff,0,31
Application::Main::Element::Window::Widget::ItemSearchListHelpWidget,0x1049794,39,0x4F5390,0xF5390,0x4F5390,0x4F5B90,2048,0x4EAB20,43120,53 8b d9 8b 83 24 02 00 00 8b c8 c1 e9 1e f6 c1 01 75 43 c1 e8 1c a8 01,0,43
Application::Main::Element::Window::Widget::ItemSearchListHelpWidget,0x1049780,0,0x85D130,0x45D130,0x85D130,0x85D330,512,0x858A50,18144,81 e9 30 02 00 00 e9 05 00 00 00 cc cc cc cc cc 56 8b f1 e8 28 b1 ff ff,0,7
Application::Main::Element::Window::Widget::ItemSearchListHelpWidget,0x1049780,1,0x8582F0,0x4582F0,0x8582F0,0x858A50,1888,0x857E10,1248,c2 04 00 cc cc cc cc cc cc cc cc cc cc cc cc cc 8a 44 24 04 88 81 74 0d,0,14
Application::Main::Element::Window::Widget::ItemSearchListHelpWidget,0x1049780,2,0x85B160,0x45B160,0x85B160,0x85B960,2048,0x858A50,10000,6a ff 68 d8 62 eb 00 64 a1 00 00 00 00 50 81 ec 8c 01 00 00 a1 b0 a8 2e,0,66
Application::Main::Element::Window::Widget::ItemSearchDirectPurchaseWidget,0x1049EDC,0,0x85E4D0,0x45E4D0,0x85E4D0,0x85ECD0,2048,0x85E1B0,800,6a ff 68 78 73 e6 00 64 a1 00 00 00 00 50 51 56 a1 b0 a8 2e 01 33 c4 50,0,45
Application::Main::Element::Window::Widget::ItemSearchDirectPurchaseWidget,0x1049EDC,1,0x4F53F0,0xF53F0,0x4F53F0,0x4F5BF0,2048,0x4EAB20,43216,8b 81 24 02 00 00 c1 e8 1e 24 01 3c 01 0f 95 c0 c3 cc cc cc cc cc cc cc,0,45
Application::Main::Element::Window::Widget::ItemSearchDirectPurchaseWidget,0x1049EDC,2,0x4FFF30,0xFFF30,0x4FFF30,0x500650,1824,0x4FA750,22496,80 b9 2c 02 00 00 00 8b 44 24 04 76 0e 85 c0 74 0a 83 f8 11 77 05 b0 01,0,30
Application::Main::Element::Window::Widget::ItemSearchDirectPurchaseWidget,0x1049EDC,3,0x4F5410,0xF5410,0x4F5410,0x4F5C10,2048,0x4EAB20,43248,0f b6 44 24 04 83 e8 47 53 b3 01 74 1f 83 e8 02 74 06 32 c0 5b c2 04 00,0,48
Application::Main::Element::Window::Widget::ItemSearchDirectPurchaseWidget,0x1049EDC,4,0x85D330,0x45D330,0x85D330,0x85DB30,2048,0x85D330,0,55 8b ec 83 e4 f8 6a ff 68 67 65 eb 00 64 a1 00 00 00 00 50 81 ec 50 02,0,84
Application::Main::Element::Window::Widget::ItemSearchDirectPurchaseWidget,0x1049EDC,5,0x6CE2E0,0x2CE2E0,0x6CE2E0,0x6CEAE0,2048,0x6CC5B0,7472,c3 cc cc cc cc cc cc cc cc cc cc cc cc cc cc cc 8b 54 24 04 8b 02 56 8b,0,23
Application::Main::Element::Window::Widget::ItemSearchDirectPurchaseWidget,0x1049EDC,6,0x6CE2E0,0x2CE2E0,0x6CE2E0,0x6CEAE0,2048,0x6CC5B0,7472,c3 cc cc cc cc cc cc cc cc cc cc cc cc cc cc cc 8b 54 24 04 8b 02 56 8b,0,23
Application::Main::Element::Window::Widget::ItemSearchDirectPurchaseWidget,0x1049EDC,7,0x6CE2E0,0x2CE2E0,0x6CE2E0,0x6CEAE0,2048,0x6CC5B0,7472,c3 cc cc cc cc cc cc cc cc cc cc cc cc cc cc cc 8b 54 24 04 8b 02 56 8b,0,23
Application::Main::Element::Window::Widget::ItemSearchDirectPurchaseWidget,0x1049EDC,8,0x6CE2E0,0x2CE2E0,0x6CE2E0,0x6CEAE0,2048,0x6CC5B0,7472,c3 cc cc cc cc cc cc cc cc cc cc cc cc cc cc cc 8b 54 24 04 8b 02 56 8b,0,23
Application::Main::Element::Window::Widget::ItemSearchDirectPurchaseWidget,0x1049EDC,9,0x6CE2E0,0x2CE2E0,0x6CE2E0,0x6CEAE0,2048,0x6CC5B0,7472,c3 cc cc cc cc cc cc cc cc cc cc cc cc cc cc cc 8b 54 24 04 8b 02 56 8b,0,23
Application::Main::Element::Window::Widget::ItemSearchDirectPurchaseWidget,0x1049EDC,10,0x6CE2E0,0x2CE2E0,0x6CE2E0,0x6CEAE0,2048,0x6CC5B0,7472,c3 cc cc cc cc cc cc cc cc cc cc cc cc cc cc cc 8b 54 24 04 8b 02 56 8b,0,23
Application::Main::Element::Window::Widget::ItemSearchDirectPurchaseWidget,0x1049EDC,11,0x85E1B0,0x45E1B0,0x85E1B0,0x85E9B0,2048,0x85E1B0,0,55 8b ec 83 e4 f8 81 ec b4 08 00 00 a1 b0 a8 2e 01 33 c4 89 84 24 b0 08,0,43
Application::Main::Element::Window::Widget::ItemSearchDirectPurchaseWidget,0x1049EDC,12,0x85E300,0x45E300,0x85E300,0x85EB00,2048,0x85E1B0,336,56 8b f1 8b 8e 30 02 00 00 85 c9 57 74 5d e8 7d dd e3 ff 85 c0 74 54 8b,0,39
Application::Main::Element::Window::Widget::ItemSearchDirectPurchaseWidget,0x1049EDC,13,0x4F5460,0xF5460,0x4F5460,0x4F5C60,2048,0x4EAB20,43328,56 8b f1 8b 06 8b 50 28 ff d2 8b 86 28 02 00 00 8b 4e 2c 50 e8 a7 a1 17,0,52
Application::Main::Element::Window::Widget::ItemSearchDirectPurchaseWidget,0x1049EDC,14,0xA72A20,0x672A20,0xA72A20,0xA73220,2048,0xA72990,144,c2 0c 00 cc cc cc cc cc cc cc cc cc cc cc cc cc c2 10 00 cc cc cc cc cc,0,29
Application::Main::Element::Window::Widget::ItemSearchDirectPurchaseWidget,0x1049EDC,15,0xA72A20,0x672A20,0xA72A20,0xA73220,2048,0xA72990,144,c2 0c 00 cc cc cc cc cc cc cc cc cc cc cc cc cc c2 10 00 cc cc cc cc cc,0,29
Application::Main::Element::Window::Widget::ItemSearchDirectPurchaseWidget,0x1049EDC,16,0x530870,0x130870,0x530870,0x530CD0,1120,0x530520,848,8b 01 8b 40 50 ff e0 cc cc cc cc cc cc cc cc cc 8b 01 8b 40 60 ff e0 cc,0,31
Application::Main::Element::Window::Widget::ItemSearchDirectPurchaseWidget,0x1049EDC,17,0x68FA60,0x28FA60,0x68FA60,0x68FB60,256,0x68E720,4928,8b 01 8b 40 54 ff e0 cc cc cc cc cc cc cc cc cc 32 c0 c2 0c 00 cc cc cc,0,3
Application::Main::Element::Window::Widget::ItemSearchDirectPurchaseWidget,0x1049EDC,18,0x530870,0x130870,0x530870,0x530CD0,1120,0x530520,848,8b 01 8b 40 50 ff e0 cc cc cc cc cc cc cc cc cc 8b 01 8b 40 60 ff e0 cc,0,31
Application::Main::Element::Window::Widget::ItemSearchDirectPurchaseWidget,0x1049EDC,19,0x68FA60,0x28FA60,0x68FA60,0x68FB60,256,0x68E720,4928,8b 01 8b 40 54 ff e0 cc cc cc cc cc cc cc cc cc 32 c0 c2 0c 00 cc cc cc,0,3
Application::Main::Element::Window::Widget::ItemSearchDirectPurchaseWidget,0x1049EDC,20,0x712B40,0x312B40,0x712B40,0x713340,2048,0x6FC5F0,91472,c2 08 00 cc cc cc cc cc cc cc cc cc cc cc cc cc 6a ff 68 48 55 e9 00 64,0,32
Application::Main::Element::Window::Widget::ItemSearchDirectPurchaseWidget,0x1049EDC,21,0x712B40,0x312B40,0x712B40,0x713340,2048,0x6FC5F0,91472,c2 08 00 cc cc cc cc cc cc cc cc cc cc cc cc cc 6a ff 68 48 55 e9 00 64,0,32
Application::Main::Element::Window::Widget::ItemSearchDirectPurchaseWidget,0x1049EDC,22,0x530880,0x130880,0x530880,0x530CD0,1104,0x530520,864,8b 01 8b 40 60 ff e0 cc cc cc cc cc cc cc cc cc c2 14 00 cc cc cc cc cc,0,31
Application::Main::Element::Window::Widget::ItemSearchDirectPurchaseWidget,0x1049EDC,23,0x530880,0x130880,0x530880,0x530CD0,1104,0x530520,864,8b 01 8b 40 60 ff e0 cc cc cc cc cc cc cc cc cc c2 14 00 cc cc cc cc cc,0,31
Application::Main::Element::Window::Widget::ItemSearchDirectPurchaseWidget,0x1049EDC,24,0xA72A20,0x672A20,0xA72A20,0xA73220,2048,0xA72990,144,c2 0c 00 cc cc cc cc cc cc cc cc cc cc cc cc cc c2 10 00 cc cc cc cc cc,0,29
Application::Main::Element::Window::Widget::ItemSearchDirectPurchaseWidget,0x1049EDC,25,0x712B40,0x312B40,0x712B40,0x713340,2048,0x6FC5F0,91472,c2 08 00 cc cc cc cc cc cc cc cc cc cc cc cc cc 6a ff 68 48 55 e9 00 64,0,32
Application::Main::Element::Window::Widget::ItemSearchDirectPurchaseWidget,0x1049EDC,26,0x712B40,0x312B40,0x712B40,0x713340,2048,0x6FC5F0,91472,c2 08 00 cc cc cc cc cc cc cc cc cc cc cc cc cc 6a ff 68 48 55 e9 00 64,0,32
Application::Main::Element::Window::Widget::ItemSearchDirectPurchaseWidget,0x1049EDC,27,0x530890,0x130890,0x530890,0x530CD0,1088,0x530520,880,c2 14 00 cc cc cc cc cc cc cc cc cc cc cc cc cc 83 ec 08 56 8b f1 8b 56,0,31
Application::Main::Element::Window::Widget::ItemSearchDirectPurchaseWidget,0x1049EDC,28,0x85E3A0,0x45E3A0,0x85E3A0,0x85EBA0,2048,0x85E1B0,496,81 ec 10 01 00 00 a1 b0 a8 2e 01 33 c4 89 84 24 0c 01 00 00 56 8b f1 8b,0,42
Application::Main::Element::Window::Widget::ItemSearchDirectPurchaseWidget,0x1049EDC,29,0x712B40,0x312B40,0x712B40,0x713340,2048,0x6FC5F0,91472,c2 08 00 cc cc cc cc cc cc cc cc cc cc cc cc cc 6a ff 68 48 55 e9 00 64,0,32
Application::Main::Element::Window::Widget::ItemSearchDirectPurchaseWidget,0x1049EDC,30,0x68FA70,0x28FA70,0x68FA70,0x68FB60,240,0x68E720,4944,32 c0 c2 0c 00 cc cc cc cc cc cc cc cc cc cc cc 56 8b f1 e8 38 ee ff ff,0,3
Application::Main::Element::Window::Widget::ItemSearchDirectPurchaseWidget,0x1049EDC,31,0x712B40,0x312B40,0x712B40,0x713340,2048,0x6FC5F0,91472,c2 08 00 cc cc cc cc cc cc cc cc cc cc cc cc cc 6a ff 68 48 55 e9 00 64,0,32
Application::Main::Element::Window::Widget::ItemSearchDirectPurchaseWidget,0x1049EDC,32,0xA72A20,0x672A20,0xA72A20,0xA73220,2048,0xA72990,144,c2 0c 00 cc cc cc cc cc cc cc cc cc cc cc cc cc c2 10 00 cc cc cc cc cc,0,29
Application::Main::Element::Window::Widget::ItemSearchDirectPurchaseWidget,0x1049EDC,33,0x776340,0x376340,0x776340,0x776B40,2048,0x76E270,32976,c2 04 00 cc cc cc cc cc cc cc cc cc cc cc cc cc 56 8b f1 e8 18 ff ff ff,0,31
Application::Main::Element::Window::Widget::ItemSearchDirectPurchaseWidget,0x1049EDC,34,0x776340,0x376340,0x776340,0x776B40,2048,0x76E270,32976,c2 04 00 cc cc cc cc cc cc cc cc cc cc cc cc cc 56 8b f1 e8 18 ff ff ff,0,31
Application::Main::Element::Window::Widget::ItemSearchDirectPurchaseWidget,0x1049EDC,35,0x712B40,0x312B40,0x712B40,0x713340,2048,0x6FC5F0,91472,c2 08 00 cc cc cc cc cc cc cc cc cc cc cc cc cc 6a ff 68 48 55 e9 00 64,0,32
Application::Main::Element::Window::Widget::ItemSearchDirectPurchaseWidget,0x1049EDC,36,0x712B40,0x312B40,0x712B40,0x713340,2048,0x6FC5F0,91472,c2 08 00 cc cc cc cc cc cc cc cc cc cc cc cc cc 6a ff 68 48 55 e9 00 64,0,32
Application::Main::Element::Window::Widget::ItemSearchDirectPurchaseWidget,0x1049EDC,37,0x712B40,0x312B40,0x712B40,0x713340,2048,0x6FC5F0,91472,c2 08 00 cc cc cc cc cc cc cc cc cc cc cc cc cc 6a ff 68 48 55 e9 00 64,0,32
Application::Main::Element::Window::Widget::ItemSearchDirectPurchaseWidget,0x1049EDC,38,0x776340,0x376340,0x776340,0x776B40,2048,0x76E270,32976,c2 04 00 cc cc cc cc cc cc cc cc cc cc cc cc cc 56 8b f1 e8 18 ff ff ff,0,31
Application::Main::Element::Window::Widget::ItemSearchDirectPurchaseWidget,0x1049EDC,39,0x4F5390,0xF5390,0x4F5390,0x4F5B90,2048,0x4EAB20,43120,53 8b d9 8b 83 24 02 00 00 8b c8 c1 e9 1e f6 c1 01 75 43 c1 e8 1c a8 01,0,43
Application::Main::Menu::Bootup::Retainer::RetainerMenuPhase,0x1055264,0,0x88A980,0x48A980,0x88A980,0x88B180,2048,0x889250,5936,56 8b f1 e8 28 ec ff ff f6 44 24 08 01 74 09 56 e8 82 71 14 00 83 c4 04,0,36
Application::Main::Menu::Bootup::Retainer::RetainerMenuPhase,0x1055264,1,0xA72A20,0x672A20,0xA72A20,0xA73220,2048,0xA72990,144,c2 0c 00 cc cc cc cc cc cc cc cc cc cc cc cc cc c2 10 00 cc cc cc cc cc,0,29
Application::Main::Menu::Bootup::Retainer::RetainerMenuPhase,0x1055264,2,0x776340,0x376340,0x776340,0x776B40,2048,0x76E270,32976,c2 04 00 cc cc cc cc cc cc cc cc cc cc cc cc cc 56 8b f1 e8 18 ff ff ff,0,31
Application::Main::Menu::Bootup::Retainer::RetainerMenuPhase,0x1055264,3,0x8D5BB0,0x4D5BB0,0x8D5BB0,0x8D5E70,704,0x8D3990,8736,8a 41 34 c3 cc cc cc cc cc cc cc cc cc cc cc cc 56 6a ff 6a ff 8b f1 6a,0,17
Application::Main::Menu::Bootup::Retainer::RetainerMenuPhase,0x1055264,4,0x88A520,0x48A520,0x88A520,0x88AD20,2048,0x889250,4816,6a ff 68 04 c8 eb 00 64 a1 00 00 00 00 50 81 ec d4 00 00 00 a1 b0 a8 2e,1,53
Application::Main::Menu::Bootup::Retainer::RetainerMenuPhase,0x1055264,5,0x6CE2E0,0x2CE2E0,0x6CE2E0,0x6CEAE0,2048,0x6CC5B0,7472,c3 cc cc cc cc cc cc cc cc cc cc cc cc cc cc cc 8b 54 24 04 8b 02 56 8b,0,23
Application::Main::Menu::Bootup::Retainer::RetainerMenuPhase,0x1055264,6,0x88A0C0,0x48A0C0,0x88A0C0,0x88A8C0,2048,0x889250,3696,83 ec 1c 53 55 56 57 8b f1 68 50 87 01 00 c6 86 b9 03 00 00 01 e8 76 bf,2,61
Application::Main::Menu::Bootup::Retainer::RetainerMenuPhase,0x1055264,7,0x889660,0x489660,0x889660,0x889E60,2048,0x889250,1040,56 8b f1 e8 88 c6 04 00 8b 8e 24 02 00 00 5e e9 8c 08 e2 ff cc cc cc cc,1,62
Application::Main::Menu::Bootup::Retainer::RetainerMenuPhase,0x1055264,8,0x889680,0x489680,0x889680,0x889E80,2048,0x889250,1072,83 ec 14 56 8b f1 8b 4c 24 1c 68 fc 4f 05 01 e8 cc c6 bb ff 84 c0 74 5b,1,61
Application::Main::Menu::Bootup::Retainer::RetainerMenuPhase,0x1055264,9,0x8D5BC0,0x4D5BC0,0x8D5BC0,0x8D5E70,688,0x8D3990,8752,56 6a ff 6a ff 8b f1 6a ff 6a ff 8d 8e d8 01 00 00 e8 ea 15 0b 00 8b 44,0,17
Application::Main::Menu::Bootup::Retainer::RetainerMenuPhase,0x1055264,10,0x8D5BF0,0x4D5BF0,0x8D5BF0,0x8D5E70,640,0x8D3990,8800,8b 44 24 04 6a 00 6a 01 6a 01 89 81 1c 02 00 00 e8 5b f1 dc ff c2 04 00,0,15
Application::Main::Menu::Bootup::Retainer::RetainerMenuPhase,0x1055264,11,0x6CE2E0,0x2CE2E0,0x6CE2E0,0x6CEAE0,2048,0x6CC5B0,7472,c3 cc cc cc cc cc cc cc cc cc cc cc cc cc cc cc 8b 54 24 04 8b 02 56 8b,0,23
Application::Main::Menu::Bootup::Retainer::RetainerMenuPhase,0x1055264,12,0x8D5C10,0x4D5C10,0x8D5C10,0x8D5E70,608,0x8D3990,8832,56 8b f1 8b 86 a8 02 00 00 85 c0 74 0b 68 70 87 01 00 50 e8 d8 e7 dc ff,0,14
Application::Main::Menu::Bootup::Retainer::RetainerMenuPhase,0x1055264,13,0x6CE2E0,0x2CE2E0,0x6CE2E0,0x6CEAE0,2048,0x6CC5B0,7472,c3 cc cc cc cc cc cc cc cc cc cc cc cc cc cc cc 8b 54 24 04 8b 02 56 8b,0,23
Application::Main::Menu::Bootup::Retainer::RetainerMenuPhase,0x1055264,14,0x776340,0x376340,0x776340,0x776B40,2048,0x76E270,32976,c2 04 00 cc cc cc cc cc cc cc cc cc cc cc cc cc 56 8b f1 e8 18 ff ff ff,0,31
Application::Main::Menu::Bootup::Retainer::RetainerMenuPhase,0x1055264,15,0x776340,0x376340,0x776340,0x776B40,2048,0x76E270,32976,c2 04 00 cc cc cc cc cc cc cc cc cc cc cc cc cc 56 8b f1 e8 18 ff ff ff,0,31
Application::Main::Menu::Bootup::Retainer::RetainerMenuPhase,0x1055264,16,0x776340,0x376340,0x776340,0x776B40,2048,0x76E270,32976,c2 04 00 cc cc cc cc cc cc cc cc cc cc cc cc cc 56 8b f1 e8 18 ff ff ff,0,31
Application::Main::Menu::Bootup::Retainer::RetainerMenuPhase,0x1055264,17,0x8D5D10,0x4D5D10,0x8D5D10,0x8D5E70,352,0x8D3990,9088,33 c0 c3 cc cc cc cc cc cc cc cc cc cc cc cc cc b8 01 00 00 00 c3 cc cc,0,3
Application::Main::Menu::Bootup::Retainer::RetainerMenuPhase,0x1055264,18,0x8D5D20,0x4D5D20,0x8D5D20,0x8D5E70,336,0x8D3990,9104,b8 01 00 00 00 c3 cc cc cc cc cc cc cc cc cc cc b8 02 00 00 00 c3 cc cc,0,3
Application::Main::Menu::Bootup::Retainer::RetainerMenuPhase,0x1055264,19,0x8D5D30,0x4D5D30,0x8D5D30,0x8D5E70,320,0x8D3990,9120,b8 02 00 00 00 c3 cc cc cc cc cc cc cc cc cc cc c2 04 00 cc cc cc cc cc,0,3
Application::Main::Menu::Bootup::Retainer::RetainerMenuPhase,0x1055264,20,0x8899B0,0x4899B0,0x8899B0,0x88A1B0,2048,0x889250,1888,81 ec 60 04 00 00 a1 b0 a8 2e 01 33 c4 89 84 24 5c 04 00 00 56 8b f1 80,1,65
Application::Main::Menu::Bootup::Retainer::RetainerMenuPhase,0x1055264,21,0x776340,0x376340,0x776340,0x776B40,2048,0x76E270,32976,c2 04 00 cc cc cc cc cc cc cc cc cc cc cc cc cc 56 8b f1 e8 18 ff ff ff,0,31
Application::Main::Menu::Bootup::Retainer::RetainerMenuPhase,0x1055254,0,0x88A970,0x48A970,0x88A970,0x88B170,2048,0x889250,5920,81 e9 b8 01 00 00 e9 05 00 00 00 cc cc cc cc cc 56 8b f1 e8 28 ec ff ff,0,36
Application::Main::Menu::Bootup::Retainer::RetainerMenuPhase,0x1055254,1,0x6CE2E0,0x2CE2E0,0x6CE2E0,0x6CEAE0,2048,0x6CC5B0,7472,c3 cc cc cc cc cc cc cc cc cc cc cc cc cc cc cc 8b 54 24 04 8b 02 56 8b,0,23
Application::Main::Menu::Bootup::Retainer::RetainerNameChangeInputLoader,0x10552CC,0,0x88A9B0,0x48A9B0,0x88A9B0,0x88B1B0,2048,0x889250,5984,56 8b f1 e8 f8 f1 ff ff f6 44 24 08 01 74 09 56 e8 52 71 14 00 83 c4 04,0,35
Application::Main::Menu::Bootup::Retainer::RetainerNameChangeInputLoader,0x10552CC,1,0xA72A20,0x672A20,0xA72A20,0xA73220,2048,0xA72990,144,c2 0c 00 cc cc cc cc cc cc cc cc cc cc cc cc cc c2 10 00 cc cc cc cc cc,0,29
Application::Main::Menu::Bootup::Retainer::RetainerNameChangeInputLoader,0x10552CC,2,0x776340,0x376340,0x776340,0x776B40,2048,0x76E270,32976,c2 04 00 cc cc cc cc cc cc cc cc cc cc cc cc cc 56 8b f1 e8 18 ff ff ff,0,31
Application::Main::Menu::Bootup::Retainer::RetainerNameChangeInputLoader,0x10552CC,3,0x56BB20,0x16BB20,0x56BB20,0x56C320,2048,0x569700,9248,8a 41 34 c3 cc cc cc cc cc cc cc cc cc cc cc cc 81 e9 b8 01 00 00 e9 75,0,40
Application::Main::Menu::Bootup::Retainer::RetainerNameChangeInputLoader,0x10552CC,4,0x88A750,0x48A750,0x88A750,0x88AF50,2048,0x889250,5376,6a ff 68 73 c8 eb 00 64 a1 00 00 00 00 50 83 ec 54 53 55 56 57 a1 b0 a8,0,44
Application::Main::Menu::Bootup::Retainer::RetainerNameChangeInputLoader,0x10552CC,5,0x6CE2E0,0x2CE2E0,0x6CE2E0,0x6CEAE0,2048,0x6CC5B0,7472,c3 cc cc cc cc cc cc cc cc cc cc cc cc cc cc cc 8b 54 24 04 8b 02 56 8b,0,23
Application::Main::Menu::Bootup::Retainer::RetainerNameChangeInputLoader,0x10552CC,6,0x889860,0x489860,0x889860,0x88A060,2048,0x889250,1552,56 8b f1 8b 8e 24 02 00 00 e8 c2 06 e2 ff 8b 8e 2c 02 00 00 8d 86 3c 02,1,66
Application::Main::Menu::Bootup::Retainer::RetainerNameChangeInputLoader,0x10552CC,7,0x8898B0,0x4898B0,0x8898B0,0x88A0B0,2048,0x889250,1632,c3 cc cc cc cc cc cc cc cc cc cc cc cc cc cc cc 56 8d b1 40 fe ff ff 8b,1,65
Application::Main::Menu::Bootup::Retainer::RetainerNameChangeInputLoader,0x10552CC,8,0x776340,0x376340,0x776340,0x776B40,2048,0x76E270,32976,c2 04 00 cc cc cc cc cc cc cc cc cc cc cc cc cc 56 8b f1 e8 18 ff ff ff,0,31
Application::Main::Menu::Bootup::Retainer::RetainerNameChangeInputLoader,0x10552CC,9,0x6CE2E0,0x2CE2E0,0x6CE2E0,0x6CEAE0,2048,0x6CC5B0,7472,c3 cc cc cc cc cc cc cc cc cc cc cc cc cc cc cc 8b 54 24 04 8b 02 56 8b,0,23
Application::Main::Menu::Bootup::Retainer::RetainerNameChangeInputLoader,0x10552C0,0,0x88A9A0,0x48A9A0,0x88A9A0,0x88B1A0,2048,0x889250,5968,81 e9 c0 01 00 00 e9 05 00 00 00 cc cc cc cc cc 56 8b f1 e8 f8 f1 ff ff,0,34
Application::Main::Menu::Bootup::Retainer::RetainerNameChangeInputLoader,0x10552C0,1,0x8898C0,0x4898C0,0x8898C0,0x88A0C0,2048,0x889250,1648,56 8d b1 40 fe ff ff 8b ce e8 e2 b5 e1 ff 84 c0 75 08 8b ce 5e e9 b6 b5,1,66
Application::Main::Menu::Bootup::Retainer::VRetainerMenuPhase,0x10552F8,0,0x88AB60,0x48AB60,0x88AB60,0x88B360,2048,0x889250,6416,6a ff 68 b8 87 eb 00 64 a1 00 00 00 00 50 51 56 a1 b0 a8 2e 01 33 c4 50,0,39
Application::Main::Menu::Bootup::Retainer::VRetainerMenuPhase,0x10552F8,1,0x94C3A0,0x54C3A0,0x94C3A0,0x94CA70,1744,0x94AAB0,6384,83 ec 08 53 55 56 8b e9 8b 5d 0c 39 5d 08 57 8d 7d 04 76 05 e8 fb 5e 08,0,34
Application::Main::Menu::Bootup::Retainer::VRetainerMenuPhase,0x10552F8,2,0x88AB00,0x48AB00,0x88AB00,0x88B300,2048,0x889250,6320,8b c1 8b 48 2c 03 48 20 8b 40 28 ff e0 cc cc cc 6a ff 68 b8 95 e6 00 64,0,35
Application::Main::Menu::Bootup::Retainer::VRetainerNameChangeInputLoader,0x1055308,0,0x88ABC0,0x48ABC0,0x88ABC0,0x88B3C0,2048,0x889250,6512,6a ff 68 b8 87 eb 00 64 a1 00 00 00 00 50 51 56 a1 b0 a8 2e 01 33 c4 50,0,41
Application::Main::Menu::Bootup::Retainer::VRetainerNameChangeInputLoader,0x1055308,1,0x94C3A0,0x54C3A0,0x94C3A0,0x94CA70,1744,0x94AAB0,6384,83 ec 08 53 55 56 8b e9 8b 5d 0c 39 5d 08 57 8d 7d 04 76 05 e8 fb 5e 08,0,34
Application::Main::Menu::Bootup::Retainer::VRetainerNameChangeInputLoader,0x1055308,2,0x88AB00,0x48AB00,0x88AB00,0x88B300,2048,0x889250,6320,8b c1 8b 48 2c 03 48 20 8b 40 28 ff e0 cc cc cc 6a ff 68 b8 95 e6 00 64,0,35
Application::Main::Menu::Bootup::Retainer::VRetainerNameChangeInputLoader,0x1055318,0,0x88AC20,0x48AC20,0x88AC20,0x88B420,2048,0x889250,6608,6a ff 68 b8 87 eb 00 64 a1 00 00 00 00 50 51 56 a1 b0 a8 2e 01 33 c4 50,0,44
Application::Main::Menu::Bootup::Retainer::VRetainerNameChangeInputLoader,0x1055318,1,0x94C3A0,0x54C3A0,0x94C3A0,0x94CA70,1744,0x94AAB0,6384,83 ec 08 53 55 56 8b e9 8b 5d 0c 39 5d 08 57 8d 7d 04 76 05 e8 fb 5e 08,0,34
Application::Main::Menu::Bootup::Retainer::VRetainerNameChangeInputLoader,0x1055318,2,0x88AB00,0x48AB00,0x88AB00,0x88B300,2048,0x889250,6320,8b c1 8b 48 2c 03 48 20 8b 40 28 ff e0 cc cc cc 6a ff 68 b8 95 e6 00 64,0,35
Application::Main::Menu::Bootup::Retainer::VRetainerMenuPhase,0x1055328,0,0x88AE40,0x48AE40,0x88AE40,0x88B640,2048,0x889250,7152,6a ff 68 d0 c8 eb 00 64 a1 00 00 00 00 50 51 56 a1 b0 a8 2e 01 33 c4 50,0,54
Application::Main::Menu::Bootup::Retainer::VRetainerMenuPhase,0x1055328,1,0x94C3A0,0x54C3A0,0x94C3A0,0x94CA70,1744,0x94AAB0,6384,83 ec 08 53 55 56 8b e9 8b 5d 0c 39 5d 08 57 8d 7d 04 76 05 e8 fb 5e 08,0,34
Application::Main::Menu::Bootup::Retainer::VRetainerMenuPhase,0x1055328,2,0x88AB00,0x48AB00,0x88AB00,0x88B300,2048,0x889250,6320,8b c1 8b 48 2c 03 48 20 8b 40 28 ff e0 cc cc cc 6a ff 68 b8 95 e6 00 64,0,35
Application::Main::Menu::Bootup::Retainer::VRetainerNameChangeInputLoader,0x1055338,0,0x88AF20,0x48AF20,0x88AF20,0x88B720,2048,0x889250,7376,6a ff 68 30 c9 eb 00 64 a1 00 00 00 00 50 51 56 a1 b0 a8 2e 01 33 c4 50,0,60
Application::Main::Menu::Bootup::Retainer::VRetainerNameChangeInputLoader,0x1055338,1,0x94C3A0,0x54C3A0,0x94C3A0,0x94CA70,1744,0x94AAB0,6384,83 ec 08 53 55 56 8b e9 8b 5d 0c 39 5d 08 57 8d 7d 04 76 05 e8 fb 5e 08,0,34
Application::Main::Menu::Bootup::Retainer::VRetainerNameChangeInputLoader,0x1055338,2,0x88AB00,0x48AB00,0x88AB00,0x88B300,2048,0x889250,6320,8b c1 8b 48 2c 03 48 20 8b 40 28 ff e0 cc cc cc 6a ff 68 b8 95 e6 00 64,0,35
Application::Main::Menu::Bootup::Retainer::VRetainerNameChangeInputLoader,0x1055348,0,0x88B000,0x48B000,0x88B000,0x88B800,2048,0x889250,7600,6a ff 68 90 c9 eb 00 64 a1 00 00 00 00 50 51 56 a1 b0 a8 2e 01 33 c4 50,0,63
Application::Main::Menu::Bootup::Retainer::VRetainerNameChangeInputLoader,0x1055348,1,0x94C3A0,0x54C3A0,0x94C3A0,0x94CA70,1744,0x94AAB0,6384,83 ec 08 53 55 56 8b e9 8b 5d 0c 39 5d 08 57 8d 7d 04 76 05 e8 fb 5e 08,0,34
Application::Main::Menu::Bootup::Retainer::VRetainerNameChangeInputLoader,0x1055348,2,0x88AB00,0x48AB00,0x88AB00,0x88B300,2048,0x889250,6320,8b c1 8b 48 2c 03 48 20 8b 40 28 ff e0 cc cc cc 6a ff 68 b8 95 e6 00 64,0,35
Application::Network::LobbyClient::CharaMakeParam::UUpdateRetainerSlotParam_,0x1128010,0,0xDA82B0,0x9A82B0,0xDA82B0,0xDA8AB0,2048,0xDA79D0,2272,f6 44 24 04 01 56 8b f1 c7 06 2c 7f 12 01 74 09 56 e8 51 98 c2 ff 83 c4,0,46
Application::Network::LobbyClient::CharaMakeParam::UUpdateRetainerSlotParam_,0x1128010,1,0xDA8780,0x9A8780,0xDA8780,0xDA8F80,2048,0xDA79D0,3504,56 68 98 00 00 00 8b f1 e8 a8 93 c2 ff 83 c4 04 85 c0 74 1e 57 83 c6 08,0,41
