code,quest_id,quest_name,category,local_status,marker_rows,actor_rows,unknown_marker_display_rows,actor_missing_sql_rows,spawn_backed_actor_rows,area_marker_rows,marker_display_ids,marker_display_names,actor_class_ids,actor_display_names,map_places,spawn_samples,coverage_classification,helper_hint
alc200,110420,"Sleep, Cousin of Death",class,data_or_stub,20,0,1,0,0,3,1500091; 1600179; 1200017; 1900021; 4000257,Nomomo; Sthalmann; Nogeloix; S'lyhhia; ???,,,Limsa Lominsa; Lower Decks,,marker_actor_gap_review,marker/actor lookup gap helper
alc300,110421,The Boy and the Dragon Gay,class,data_or_stub,20,0,3,0,0,2,4000257; 1200030; 4000330; 1200017; 1100404; 1600179,???; Damielliot; sickly child; Nogeloix; Penelope; Sthalmann,,,Limsa Lominsa; Lower Decks,,marker_actor_gap_review,marker/actor lookup gap helper
alc306,110422,"Dream On, Dream Away",class,data_or_stub,20,0,0,0,0,1,1900021; 1200030; 1200017; 1600179,S'lyhhia; Damielliot; Nogeloix; Sthalmann,,,Limsa Lominsa; Lower Decks,,marker_actor_resolved,resolved marker/actor evidence helper
arc200,110160,Filling the Quiver,class,data_or_stub,20,0,2,0,0,0,1100199; 4000257; 1400007; 1600179,Keelty; ???; Nonolato; Sthalmann,,,Limsa Lominsa; Lower Decks,,marker_actor_gap_review,marker/actor lookup gap helper
arc300,110161,The Foreboding Forest,class,data_or_stub,20,0,2,0,0,0,1100199; 4000257; 1200019; 1400007; 1600179,Keelty; ???; Vairemont; Nonolato; Sthalmann,,,Limsa Lominsa; Lower Decks,,marker_actor_gap_review,marker/actor lookup gap helper
arc306,110162,There Can Be Only One,class,data_or_stub,20,0,4,0,0,0,4000257; 1100199; 1400007; 1600179,???; Keelty; Nonolato; Sthalmann,,,Limsa Lominsa; Lower Decks,,marker_actor_gap_review,marker/actor lookup gap helper
bsm200,110320,An Ear for Quality,class,data_or_stub,20,0,0,0,0,9,1400012; 1100138; 1000073; 1500071; 1300093; 1600195; 1500052; 1600179,Mimidoa; Iofa; Colson; Sosoze; Trinne; Syngsmyd; Hihine; Sthalmann,,,Limsa Lominsa; Lower Decks,,marker_actor_resolved,resolved marker/actor evidence helper
bsm300,110321,Song of the Sirens,class,data_or_stub,20,0,3,0,0,3,1400012; 1100016; 1900018; 4000212; 4000257; 4000209; 4000204; 4000205; 1600179,Mimidoa; Linette; Z'ssapa; full-maned ferry captain; ???; melancholy miner; tear-struck miner; disconcerted miner; Sthalmann,,,Limsa Lominsa; Lower Decks,,marker_actor_gap_review,marker/actor lookup gap helper
bsm306,110322,The Sound of Silence,class,data_or_stub,20,0,1,0,0,4,1400012; 1600179; 4000257,Mimidoa; Sthalmann; ???,,,Limsa Lominsa; Lower Decks,,marker_actor_gap_review,marker/actor lookup gap helper
cnj200,110260,Dendrological Duties,class,data_or_stub,20,0,1,0,0,0,1000415; 4000257; 1300064; 1600179,Telent; ???; Soileine; Sthalmann,,,Limsa Lominsa; Lower Decks,,marker_actor_gap_review,marker/actor lookup gap helper
cnj300,110261,"Good Knight, Sweet Dreams",class,data_or_stub,20,0,4,0,0,0,4000257; 1300064; 4000470; 1600179,???; Soileine; newly outfitted knight; Sthalmann,,,Limsa Lominsa; Lower Decks,,marker_actor_gap_review,marker/actor lookup gap helper
cnj306,110262,The Call of Nature,class,data_or_stub,20,0,4,0,0,0,1000141; 4000257; 1000175; 1300064; 1600179,Ingram; ???; Morys; Soileine; Sthalmann,,,Limsa Lominsa; Lower Decks,,marker_actor_gap_review,marker/actor lookup gap helper
cul200,110440,Showdown,class,data_or_stub,20,0,1,0,0,8,1100450; 1100408; 4000257; 1600179,Prudentia; Pulmia; ???; Sthalmann,,,Limsa Lominsa; Lower Decks,,marker_actor_gap_review,marker/actor lookup gap helper
cul300,110441,Mystery of the Gastronome Gone Home,class,data_or_stub,20,0,1,0,0,5,1100450; 1000066; 1300034; 4000063; 4000257; 1600179,Prudentia; Charlys; Deaustie; thickset tailor; ???; Sthalmann,,,Limsa Lominsa; Lower Decks,,marker_actor_gap_review,marker/actor lookup gap helper
cul306,110442,Something in the Soup,class,data_or_stub,20,0,5,0,0,8,1100450; 4000257; 1000066; 2200116; 1900042; 1300040; 1600179,Prudentia; ???; Charlys; Gerulf; R'sushmo; Frailoise; Sthalmann,,,Limsa Lominsa; Lower Decks,,marker_actor_gap_review,marker/actor lookup gap helper
exc200,110100,Bloody Baptism,class,data_or_stub,20,0,1,0,0,0,1500015; 4000257; 1600179,Nunuba; ???; Sthalmann,,,Limsa Lominsa; Lower Decks; Western La Noscea; Skull Valley,,marker_actor_gap_review,marker/actor lookup gap helper
exc300,110101,Two-man Crew,class,data_or_stub,20,0,2,0,0,1,1600150; 4000257; 1400067; 1600217; 1600179,Rostnsthal; ???; Rorojaru; Waekbyrt; Sthalmann,,,Limsa Lominsa; Lower Decks,,marker_actor_gap_review,marker/actor lookup gap helper
exc306,110102,Captain's Orders,class,data_or_stub,20,0,7,0,0,0,4000257; 1600150; 1600217; 1600179,???; Rostnsthal; Waekbyrt; Sthalmann,,,Limsa Lominsa; Lower Decks,,marker_actor_gap_review,marker/actor lookup gap helper
fsh200,110500,To Fight a Fishback,class,data_or_stub,20,0,6,0,0,0,1100206; 4000257; 1600179,Maisie; ???; Sthalmann,,,Limsa Lominsa; Lower Decks; Lower La Noscea; Bearded Rock; Western La Noscea; Skull Valley; Eastern La Noscea; Bloodshore,,marker_actor_gap_review,marker/actor lookup gap helper
fsh300,110501,The Beast of the Barrel,class,data_or_stub,20,0,5,0,0,0,1500024; 1400074; 4000257; 1400067; 1600179; 1400010; 1900011,Sisipu; Rerenasu; ???; Rorojaru; Sthalmann; Wawalago; N'nmulika,,,Limsa Lominsa; Lower Decks,,marker_actor_gap_review,marker/actor lookup gap helper
fsh306,110502,Polishing the Mast,class,data_or_stub,20,0,1,0,0,0,4000257; 1900011; 1600179; 1500024; 1100206; 1400074,???; N'nmulika; Sthalmann; Sisipu; Maisie; Rerenasu,,,Limsa Lominsa; Lower Decks,,marker_actor_gap_review,marker/actor lookup gap helper
gla200,110080,All Bark and No Bite,class,data_or_stub,20,0,1,0,0,0,4000257; 1500022; 1600179,???; Lulutsu; Sthalmann,,,Limsa Lominsa; Lower Decks,,marker_actor_gap_review,marker/actor lookup gap helper
gla300,110081,Unalienable Rights,class,data_or_stub,20,0,0,0,0,0,1300018; 1100014; 1900046; 1500022; 1400023; 1300015; 1600179,Miounne; Willelda; J'moldva; Lulutsu; Yoyobina; Cherlinaie; Sthalmann,,,Limsa Lominsa; Lower Decks,,marker_actor_resolved,resolved marker/actor evidence helper
gla306,110082,Thrill of the Fight,class,data_or_stub,20,0,2,0,0,0,1400023; 4000191; 4000257; 1500022; 1600179,Yoyobina; Ala Mhigan challenger; ???; Lulutsu; Sthalmann,,,Limsa Lominsa; Lower Decks,,marker_actor_gap_review,marker/actor lookup gap helper
gld200,110360,She Walks in Beauty,class,data_or_stub,20,0,0,0,0,0,1200166; 1900018; 1900054; 1300001; 4000209; 4000210; 4000205; 1600179,Colbernoux; Z'ssapa; F'lhaminn; Elecotte; melancholy miner; sprightly miner; disconcerted miner; Sthalmann,,,Limsa Lominsa; Lower Decks,,marker_actor_resolved,resolved marker/actor evidence helper
gld300,110361,F'lhaminn's Flower,class,data_or_stub,20,0,2,0,0,0,1600132; 1900110; 4000257; 1300001; 1200166; 1900054; 1600179,Opyltyl; V'korolon; ???; Elecotte; Colbernoux; F'lhaminn; Sthalmann,,,Limsa Lominsa; Lower Decks,,marker_actor_gap_review,marker/actor lookup gap helper
gld306,110362,Struck Through the Heart,class,data_or_stub,20,0,2,0,0,0,4000257; 1200166; 1300001; 1100422; 1600179,???; Colbernoux; Elecotte; Sence; Sthalmann,,,Limsa Lominsa; Lower Decks,,marker_actor_gap_review,marker/actor lookup gap helper
hrv200,110480,Gridanian Roots,class,data_or_stub,20,0,2,0,0,0,1100263; 4000257; 1600132; 1600179,Cicely; ???; Opyltyl; Sthalmann,,,Limsa Lominsa; Lower Decks,,marker_actor_gap_review,marker/actor lookup gap helper
hrv300,110481,The Grass is Always Greener,class,data_or_stub,20,0,3,0,0,3,1100263; 1100404; 1600179; 1200017; 1100016; 4000257; 1600132,Cicely; Penelope; Sthalmann; Nogeloix; Linette; ???; Opyltyl,,,Limsa Lominsa; Lower Decks,,marker_actor_gap_review,marker/actor lookup gap helper
hrv306,110482,A Moogle Bouquet,class,data_or_stub,20,0,4,0,0,0,1100416; 4000257; 1600179; 1100263; 1600132,Rychyld; ???; Sthalmann; Cicely; Opyltyl,,,Limsa Lominsa; Lower Decks,,marker_actor_gap_review,marker/actor lookup gap helper
lnc200,110180,A Wailing Welcome,class,data_or_stub,20,0,1,0,0,0,1900046; 4000257; 1100014; 1600179,J'moldva; ???; Willelda; Sthalmann,,,Limsa Lominsa; Lower Decks,,marker_actor_gap_review,marker/actor lookup gap helper
lnc300,110181,Culture Shock,class,data_or_stub,20,0,1,0,0,0,1400019; 1900046; 4000257; 4000135; 1100014; 2200071; 1600179,Gagaruna; J'moldva; ???; brazen-faced broker; Willelda; Dreues; Sthalmann,,,Limsa Lominsa; Lower Decks,,marker_actor_gap_review,marker/actor lookup gap helper
lnc306,110182,Necessary Evils,class,data_or_stub,20,0,1,0,0,0,1900046; 4000257; 4000135; 1100014; 1600179,J'moldva; ???; brazen-faced broker; Willelda; Sthalmann,,,Limsa Lominsa; Lower Decks,,marker_actor_gap_review,marker/actor lookup gap helper
min200,110460,A Piece of History,class,data_or_stub,20,0,4,0,0,3,1900018; 4000257; 1500080; 1100016; 1600179,Z'ssapa; ???; Nenekko; Linette; Sthalmann,,,Limsa Lominsa; Lower Decks,,marker_actor_gap_review,marker/actor lookup gap helper
min300,110461,Little Saboteurs,class,data_or_stub,20,0,5,0,0,0,1900110; 4000257; 1600179; 4000559; 1100016; 1500080; 1400080; 1400081,V'korolon; ???; Sthalmann; chocobo carriage driver; Linette; Nenekko; Popokkuli; Seserukka,,,Limsa Lominsa; Lower Decks,,marker_actor_gap_review,marker/actor lookup gap helper
min306,110462,Runaway Little Girl,class,data_or_stub,20,0,3,0,0,0,1500014; 1600179; 4000257; 1100016,Momodi; Sthalmann; ???; Linette,,,Limsa Lominsa; Lower Decks,,marker_actor_gap_review,marker/actor lookup gap helper
pgl200,110060,The House Always Wins,class,handwritten_event_driver,20,36,2,0,36,0,1400021; 4000257; 1000104; 1400111; 1000229; 1600179,Titinin; ???; Esperaunce; Naida Zamaida; Singleton; Sthalmann,1000862; 1000934; 1001009; 1001256; 1001012; 1001007; 1001257; 1001260; 1000952; 1000953; 1000954; 1090058; 1290002; 1000955; 1090042; 1001445,Gagaruna; Titinin; Melisie; Gunnulf; Shamani Lohmani; Halstein; Heibert; I'paghlo; sultry strumpet; beauteous beauty; Esperaunce; ???; Naida Zamaida; Singleton,Limsa Lominsa; Lower Decks,"gagaruna@zone175 -184.94,190.55,108.87; titinin@zone175 -170.63,190.01,117.15; melisie@zone175 -171.69,190,123.84; gunnulf@zone175 -173.16,188.7,106.58; shamani_lohmani@zone175 -168.34,188.7,116.06; halstein@zone175 -160.78,188.7,117.31; heibert@zone175 -158.15,188.7,107.36; ipaghlo@zone175 -145.89,185.45,122.34; pgl200_sultry_strumpet@zone209 PrivateAreaMasterPast:5 -123.53,200.2,268.689; pgl200_beauteous_beauty@zone209 PrivateAreaMasterPast:5 -124.549,200.2,269.3; pgl200_esperaunce@zone209 PrivateAreaMasterPast:5 -124.351,200.2,268.694; @zone209 -121.99,201.5,257.62",marker_actor_gap_review,marker/actor lookup gap helper
pgl300,110061,Here There Be Pirates,class,data_or_stub,20,0,1,0,0,2,1600217; 1600123; 4000257; 1400021; 2200172; 1300104; 1000134; 1400019; 1600179,Waekbyrt; Mytesyn; ???; Titinin; Hurrey; Melisie; Halstein; Gagaruna; Sthalmann,,,Limsa Lominsa; Lower Decks,,marker_actor_gap_review,marker/actor lookup gap helper
pgl306,110062,Two Sides to Every Chip,class,data_or_stub,20,0,2,0,0,0,4000257; 2200172; 4000515; 1400019; 1400021; 1600179,???; Hurrey; Lewena's handmaiden; Gagaruna; Titinin; Sthalmann,,,Limsa Lominsa; Lower Decks,,marker_actor_gap_review,marker/actor lookup gap helper
tan200,110380,The Silent Partners,class,data_or_stub,20,0,4,0,0,0,4000257; 1500065; 1600179; 1000130; 1000324; 1000164,???; Lalatta; Sthalmann; Gylbart; Hereward; Lefwyne,,,Limsa Lominsa; Lower Decks,,marker_actor_gap_review,marker/actor lookup gap helper
tan300,110381,Design Imposters,class,data_or_stub,20,0,3,0,0,0,4000257; 1600179; 1300094; 1000324,???; Sthalmann; Vielle; Hereward,,,Limsa Lominsa; Lower Decks,,marker_actor_gap_review,marker/actor lookup gap helper
tan306,110382,Head of the Class,class,data_or_stub,20,0,3,0,0,0,1000324; 1000362; 1100372; 1600061; 1400114; 4000149; 4000153; 4000154; 4000257; 1500065; 1600179,Hereward; Beli; Maddeline; Dyrstbrod; Tatagoi; upstanding adventurer; mischievous adventurer; elderly adventurer; ???; Lalatta; Sthalmann,,,Limsa Lominsa; Lower Decks,,marker_actor_gap_review,marker/actor lookup gap helper
thm200,110240,The Big Payback,class,data_or_stub,20,0,1,0,0,0,1900025; 4000257; 1600179,I'llofii; ???; Sthalmann,,,Limsa Lominsa; Lower Decks,,marker_actor_gap_review,marker/actor lookup gap helper
thm300,110241,Revelry in Rivalry,class,data_or_stub,20,0,1,0,0,4,4000189; 1000015; 4000257; 2200064; 1500017; 1600179,overweening thaumaturge; Baderon; ???; Bodenolf; Yayake; Sthalmann,,,Limsa Lominsa; Lower Decks; Lower La Noscea; Bearded Rock,,marker_actor_gap_review,marker/actor lookup gap helper
thm306,110242,Law and the Order,class,data_or_stub,20,0,0,0,0,0,1900025; 4000189; 1600179,I'llofii; overweening thaumaturge; Sthalmann,,,Limsa Lominsa; Lower Decks,,marker_actor_resolved,resolved marker/actor evidence helper
wdk200,110300,The Mouths of Babes,class,data_or_stub,20,0,3,0,0,0,4000257; 1100118; 1900034; 1600179,???; Wybir; A'naidjaa; Sthalmann,,,Limsa Lominsa; Lower Decks,,marker_actor_gap_review,marker/actor lookup gap helper
wdk300,110301,Hide and Seek Shenanigans,class,data_or_stub,20,0,4,0,0,1,4000257; 1600179; 1900034; 1100014; 1200017; 1900110,???; Sthalmann; A'naidjaa; Willelda; Nogeloix; V'korolon,,,Limsa Lominsa; Lower Decks,,marker_actor_gap_review,marker/actor lookup gap helper
wdk306,110302,Spanning the Spectrum,class,data_or_stub,20,0,4,0,0,0,4000257; 1400007; 1100118; 1600179; 1900034; 1200064; 1000414,???; Nonolato; Wybir; Sthalmann; A'naidjaa; Marcelloix; Ryd,,,Limsa Lominsa; Lower Decks,,marker_actor_gap_review,marker/actor lookup gap helper
wvr200,110400,Hoodwinked,class,data_or_stub,20,0,3,0,0,0,4000257; 1300034; 1600179,???; Deaustie; Sthalmann,,,Limsa Lominsa; Lower Decks,,marker_actor_gap_review,marker/actor lookup gap helper
wvr300,110401,Dance the Night Away,class,data_or_stub,20,0,1,0,0,1,1500042; 1300064; 1100110; 1300034; 4000257; 1100263; 1100394; 1100199; 1300018; 1600179,Chuchumu; Soileine; Theldry; Deaustie; ???; Cicely; Nesta; Keelty; Miounne; Sthalmann,,,Limsa Lominsa; Lower Decks,,marker_actor_gap_review,marker/actor lookup gap helper
wvr306,110402,A Fruitful Murder,class,data_or_stub,20,0,3,0,0,0,4000257; 1300034; 1500042; 1600179,???; Deaustie; Chuchumu; Sthalmann,,,Limsa Lominsa; Lower Decks,,marker_actor_gap_review,marker/actor lookup gap helper
dftfst,110541,Small Talk,default_talk,handwritten_event_driver,0,0,0,0,0,0,,,,,,,no_marker_actor_surface,no marker/actor surface in current data
dftlak,110545,Small Talk,default_talk,handwritten_event_driver,0,0,0,0,0,0,,,,,,,no_marker_actor_surface,no marker/actor surface in current data
dftroc,110542,Small Talk,default_talk,handwritten_event_driver,0,0,0,0,0,0,,,,,,,no_marker_actor_surface,no marker/actor surface in current data
dftsea,110540,Small Talk,default_talk,handwritten_event_driver,0,0,0,0,0,0,,,,,,,no_marker_actor_surface,no marker/actor surface in current data
dftsrt,110544,Small Talk,default_talk,present_unknown,0,0,0,0,0,0,,,,,,,no_marker_actor_surface,no marker/actor surface in current data
dftwil,110543,Small Talk,default_talk,handwritten_event_driver,0,0,0,0,0,0,,,,,,,no_marker_actor_surface,no marker/actor surface in current data
com0g1,111601,Breaking the Seals,grand_company,handwritten_event_driver,10,6,0,0,2,0,1600179,Sthalmann,1500200; 1001628; 1500314; 2202206,Serpent Lieutenant Fulke; Ailith; Urianger; drake familiar,Limsa Lominsa; Lower Decks,"serpent_fulke@zone234 169,0,-174.7",spawn_backed_actor_routes,spawn-backed NPC route helper
com0g2,111602,Why Did It Have to Be Snakes,grand_company,handwritten_event_driver,10,1,0,0,1,0,1600179,Sthalmann,1500200,Serpent Lieutenant Fulke,Limsa Lominsa; Lower Decks,"serpent_fulke@zone234 169,0,-174.7",spawn_backed_actor_routes,spawn-backed NPC route helper
com0g3,111603,Adder's Nest Egg,grand_company,handwritten_event_driver,10,3,2,0,3,1,1000114; 2200199; 4000257; 1600179,Serpent Lieutenant Fulke; Radulf; ???; Sthalmann,1500200; 1500203,Serpent Lieutenant Fulke; Serpent Sergeant Haurtelle,Limsa Lominsa; Lower Decks,"serpent_fulke@zone234 169,0,-174.7; serpent_haurtelle@zone234 169,0,-177.3",marker_actor_gap_review,marker/actor lookup gap helper
com0g4,111604,The Mail Must Get Through,grand_company,handwritten_event_driver,10,3,2,0,3,0,4000257; 1400004; 1200023; 1600179,???; Papalymo; Urianger; Sthalmann,1500200; 1001334,Serpent Lieutenant Fulke; Radulf,Limsa Lominsa; Lower Decks,"serpent_fulke@zone234 169,0,-174.7; radulf@zone171 1131.96,251.29,207.868",marker_actor_gap_review,marker/actor lookup gap helper
com0g5,111605,Their Finest Hour,grand_company,handwritten_event_driver,10,6,3,0,6,0,4000257; 1000016; 2700004; 1600179,???; Lewin; Cid; Sthalmann,1500200; 1001150; 1000016,Serpent Lieutenant Fulke; Bloisirant; N'golbb,Limsa Lominsa; Lower Decks,"serpent_fulke@zone234 169,0,-174.7; bloisirant_totorak_entrance@zone154 835.642,-12.682,643.485; man2g0_seq040_ngolbb@zone206 PrivateAreaMasterPast:12 -87.731,13.397,-1622.742",marker_actor_gap_review,marker/actor lookup gap helper
com0g6,111606,Appetite for Destruction,grand_company,handwritten_event_driver,10,4,0,0,4,0,1600179,Sthalmann,1500200; 1001150,Serpent Lieutenant Fulke; Bloisirant,Limsa Lominsa; Lower Decks,"serpent_fulke@zone234 169,0,-174.7; bloisirant_totorak_entrance@zone154 835.642,-12.682,643.485",spawn_backed_actor_routes,spawn-backed NPC route helper
com0g7,111607,"Serenity, Purity, Sanctity",grand_company,handwritten_event_driver,10,1,0,0,1,0,1600179,Sthalmann,1500200,Serpent Lieutenant Fulke,Limsa Lominsa; Lower Decks,"serpent_fulke@zone234 169,0,-174.7",spawn_backed_actor_routes,spawn-backed NPC route helper
com0l1,111401,The Price of Integrity,grand_company,handwritten_event_driver,20,6,0,0,4,0,1600179,Sthalmann,1500199; 1001629; 1500204; 2200708,Storm Lieutenant Guincum; Walcher; Urianger; peiste familiar,Limsa Lominsa; Lower Decks,"storm_guincum@zone232 168.9,0,-175.7; Q_walcher@zone130 622.041,53.794,-1206.78",spawn_backed_actor_routes,spawn-backed NPC route helper
com0l2,111402,Testing the Waters,grand_company,handwritten_event_driver,20,1,0,0,1,0,1600179,Sthalmann,1500199,Storm Lieutenant Guincum,Limsa Lominsa; Lower Decks,"storm_guincum@zone232 168.9,0,-175.7",spawn_backed_actor_routes,spawn-backed NPC route helper
com0l3,111403,Seals for the Whorl,grand_company,handwritten_event_driver,20,3,0,0,3,0,1600179,Sthalmann,1500199; 1500202,Storm Lieutenant Guincum; Storm Sergeant Grizzly Gnat,Limsa Lominsa; Lower Decks,"storm_guincum@zone232 168.9,0,-175.7; storm_grizzlygnat@zone232 168.9,0,-178.5",spawn_backed_actor_routes,spawn-backed NPC route helper
com0l4,111404,Engineering Victory,grand_company,handwritten_event_driver,20,3,0,0,2,0,1600179,Sthalmann,1500199; 1060011,Storm Lieutenant Guincum; Ebrelnaux,Limsa Lominsa; Lower Decks,"storm_guincum@zone232 168.9,0,-175.7",spawn_backed_actor_routes,spawn-backed NPC route helper
com0l5,111405,An Officer and a Wise Man,grand_company,handwritten_event_driver,20,5,0,0,5,0,1600179,Sthalmann,1500199; 1001150,Storm Lieutenant Guincum; Bloisirant,Limsa Lominsa; Lower Decks,"storm_guincum@zone232 168.9,0,-175.7; bloisirant_totorak_entrance@zone154 835.642,-12.682,643.485",spawn_backed_actor_routes,spawn-backed NPC route helper
com0l6,111406,Ceruleum Shock,grand_company,handwritten_event_driver,0,4,0,0,4,0,,,1500199; 1001150,Storm Lieutenant Guincum; Bloisirant,,"storm_guincum@zone232 168.9,0,-175.7; bloisirant_totorak_entrance@zone154 835.642,-12.682,643.485",spawn_backed_actor_routes,spawn-backed NPC route helper
com0l7,111407,Till Sea Swallows All,grand_company,handwritten_event_driver,0,1,0,0,1,0,,,1500199,Storm Lieutenant Guincum,,"storm_guincum@zone232 168.9,0,-175.7",spawn_backed_actor_routes,spawn-backed NPC route helper
com0u1,111801,Career Opportunities,grand_company,handwritten_event_driver,0,6,0,0,4,0,,,1500198; 1001447; 1060009; 2200205,Flame Lieutenant Aubrey; Taylor; Urianger; anole familiar,,"flame_aubrey@zone233 169,0,-174.7; taylor@zone172 -2195.31,14.361,-417.438",spawn_backed_actor_routes,spawn-backed NPC route helper
com0u2,111802,Kindling a Flame,grand_company,handwritten_event_driver,0,1,0,0,1,0,,,1500198,Flame Lieutenant Aubrey,,"flame_aubrey@zone233 169,0,-174.7",spawn_backed_actor_routes,spawn-backed NPC route helper
com0u3,111803,Burning a Hole in One's Pocket,grand_company,handwritten_event_driver,0,3,0,0,3,0,,,1500198; 1500201,Flame Lieutenant Aubrey; Flame Sergeant Rahz,,"flame_aubrey@zone233 169,0,-174.7; flame_rahz@zone233 169,0,-177.3",spawn_backed_actor_routes,spawn-backed NPC route helper
com0u4,111804,Arms Race,grand_company,handwritten_event_driver,0,7,0,0,3,0,,,1500198; 2109801; 1001632; 1001631; 1001633,Flame Lieutenant Aubrey; hellhound; C'ndanya; Raaka Maaka; Bamponcet,,"flame_aubrey@zone233 169,0,-174.7",spawn_backed_actor_routes,spawn-backed NPC route helper
com0u5,111805,Burning Man,grand_company,handwritten_event_driver,0,5,0,0,5,0,,,1500198; 1001150,Flame Lieutenant Aubrey; Bloisirant,,"flame_aubrey@zone233 169,0,-174.7; bloisirant_totorak_entrance@zone154 835.642,-12.682,643.485",spawn_backed_actor_routes,spawn-backed NPC route helper
com0u6,111806,Know Your Enemy,grand_company,handwritten_event_driver,0,6,0,2,2,0,,,1500198; 2700005; 1001719; 2289025,Flame Lieutenant Aubrey; Charledore; Charledore the Steadfast,,"flame_aubrey@zone233 169,0,-174.7",marker_actor_gap_review,marker/actor lookup gap helper
com0u7,111807,By Fire Reborn,grand_company,handwritten_event_driver,0,1,0,0,1,0,,,1500198,Flame Lieutenant Aubrey,,"flame_aubrey@zone233 169,0,-174.7",spawn_backed_actor_routes,spawn-backed NPC route helper
com5g0,111610,Imperial Devices (Gridania),grand_company,data_or_stub,0,0,0,0,0,0,,,,,,,no_marker_actor_surface,no marker/actor surface in current data
com5g1,111611,Into the Dark (Gridania),grand_company,data_or_stub,0,0,0,0,0,0,,,,,,,no_marker_actor_surface,no marker/actor surface in current data
com5l0,111410,Imperial Devices (Limsa Lominsa),grand_company,data_or_stub,0,0,0,0,0,0,,,,,,,no_marker_actor_surface,no marker/actor surface in current data
com5l1,111411,Into the Dark (Limsa Lominsa),grand_company,data_or_stub,0,0,0,0,0,0,,,,,,,no_marker_actor_surface,no marker/actor surface in current data
com5u0,111810,Imperial Devices (Ul'dah),grand_company,data_or_stub,20,0,8,0,0,7,2700013; 4000257; 1000385; 1000114; 1000288; 1600179,Louisoix; ???; Storm Lieutenant Guincum; Serpent Lieutenant Fulke; Flame Lieutenant Aubrey; Sthalmann,,,Eastern La Noscea; Bloodshore; Limsa Lominsa; Lower Decks,,marker_actor_gap_review,marker/actor lookup gap helper
com5u1,111811,Into the Dark (Ul'dah),grand_company,data_or_stub,10,0,2,0,0,0,1600122; 1600321; 1900223; 2700004; 1200193; 1500138; 4000257; 1600179,Storm Captain Roehmannsyn; Storm Lieutenant Hidden Sunset; Storm Commander Rhiki; Cid; Ebrelnaux; Jijina; ???; Sthalmann,,,Upper La Noscea; Iron Lake; Limsa Lominsa; Lower Decks,,marker_actor_gap_review,marker/actor lookup gap helper
gcg101,111616,It Kills with Fire (Gridania),grand_company,data_or_stub,0,0,0,0,0,0,,,,,,,no_marker_actor_surface,no marker/actor surface in current data
gcg102,111627,Two Vans are Better than One,grand_company,data_or_stub,0,0,0,0,0,0,,,,,,,no_marker_actor_surface,no marker/actor surface in current data
gcg103,111629,Shadow of the Raven,grand_company,data_or_stub,0,0,0,0,0,0,,,,,,,no_marker_actor_surface,no marker/actor surface in current data
gcg104,111630,In for Garuda Wakening (Gridania),grand_company,data_or_stub,0,0,0,0,0,0,,,,,,,no_marker_actor_surface,no marker/actor surface in current data
gcg105,111631,Don't Hate the Messenger (Gridania),grand_company,data_or_stub,0,0,0,0,0,0,,,,,,,no_marker_actor_surface,no marker/actor surface in current data
gcg106,111632,United We Stand (Gridania),grand_company,data_or_stub,0,0,0,0,0,0,,,,,,,no_marker_actor_surface,no marker/actor surface in current data
gcg107,111633,To Kill a Raven (Gridania),grand_company,data_or_stub,0,0,0,0,0,0,,,,,,,no_marker_actor_surface,no marker/actor surface in current data
gcg301,111617,Eternal Recurrence,grand_company,data_or_stub,0,0,0,0,0,0,,,,,,,no_marker_actor_surface,no marker/actor surface in current data
gcg302,111618,The Pen Is Mightier Than the Spear,grand_company,data_or_stub,0,0,0,0,0,0,,,,,,,no_marker_actor_surface,no marker/actor surface in current data
gcg303,111619,Woes of the Botanist,grand_company,data_or_stub,0,0,0,0,0,0,,,,,,,no_marker_actor_surface,no marker/actor surface in current data
gcg304,111620,Gone with the Wind,grand_company,data_or_stub,0,0,0,0,0,0,,,,,,,no_marker_actor_surface,no marker/actor surface in current data
gcg305,111626,A Taste for Death,grand_company,data_or_stub,0,0,0,0,0,0,,,,,,,no_marker_actor_surface,no marker/actor surface in current data
gcg701,111628,You Don't Have the Rite,grand_company,data_or_stub,0,0,0,0,0,0,,,,,,,no_marker_actor_surface,no marker/actor surface in current data
gcg702,111634,Cure for the Common Pox,grand_company,data_or_stub,0,0,0,0,0,0,,,,,,,no_marker_actor_surface,no marker/actor surface in current data
gcl101,111416,It Kills with Fire (Limsa Lominsa),grand_company,data_or_stub,0,0,0,0,0,0,,,,,,,no_marker_actor_surface,no marker/actor surface in current data
gcl102,111427,Alive,grand_company,data_or_stub,0,0,0,0,0,0,,,,,,,no_marker_actor_surface,no marker/actor surface in current data
gcl103,111429,Deus ex Machina,grand_company,data_or_stub,0,0,0,0,0,0,,,,,,,no_marker_actor_surface,no marker/actor surface in current data
gcl104,111430,In for Garuda Wakening (Limsa Lominsa),grand_company,data_or_stub,0,0,0,0,0,0,,,,,,,no_marker_actor_surface,no marker/actor surface in current data
gcl105,111431,Don't Hate the Messenger (Limsa Lominsa),grand_company,data_or_stub,0,0,0,0,0,0,,,,,,,no_marker_actor_surface,no marker/actor surface in current data
gcl106,111432,United We Stand (Limsa Lominsa),grand_company,data_or_stub,0,0,0,0,0,0,,,,,,,no_marker_actor_surface,no marker/actor surface in current data
gcl107,111433,To Kill a Raven (Limsa Lominsa),grand_company,data_or_stub,0,0,0,0,0,0,,,,,,,no_marker_actor_surface,no marker/actor surface in current data
gcl301,111417,The Cove,grand_company,data_or_stub,0,0,0,0,0,0,,,,,,,no_marker_actor_surface,no marker/actor surface in current data
gcl302,111418,Saving the Stead Instead,grand_company,data_or_stub,0,0,0,0,0,0,,,,,,,no_marker_actor_surface,no marker/actor surface in current data
gcl303,111419,It's a Piece of Cake to Bake a Poison Cake,grand_company,data_or_stub,0,0,0,0,0,0,,,,,,,no_marker_actor_surface,no marker/actor surface in current data
gcl304,111420,Kobold and the Beautiful,grand_company,data_or_stub,0,0,0,0,0,0,,,,,,,no_marker_actor_surface,no marker/actor surface in current data
gcl305,111426,Oil Crisis,grand_company,data_or_stub,0,0,0,0,0,0,,,,,,,no_marker_actor_surface,no marker/actor surface in current data
gcl701,111428,The Weakest Link,grand_company,data_or_stub,0,0,0,0,0,0,,,,,,,no_marker_actor_surface,no marker/actor surface in current data
gcl702,111434,"Patrol, Interrupted",grand_company,data_or_stub,0,0,0,0,0,0,,,,,,,no_marker_actor_surface,no marker/actor surface in current data
gcu101,111816,It Kills with Fire (Ul'dah),grand_company,data_or_stub,15,0,3,0,0,12,1000157; 1700011; 2700006; 2700009; 4000257; 2700004; 1000232; 1600179,Kinnison; Merlwyb; Kan-E-Senna; Raubahn; ???; Cid; Serpent Private Hodder; Sthalmann,,,Limsa Lominsa; Lower Decks,,marker_actor_gap_review,marker/actor lookup gap helper
gcu102,111827,"Like Father, Like Son",grand_company,data_or_stub,0,0,0,0,0,0,,,,,,,no_marker_actor_surface,no marker/actor surface in current data
gcu103,111829,Careless Whispers,grand_company,data_or_stub,0,0,0,0,0,0,,,,,,,no_marker_actor_surface,no marker/actor surface in current data
gcu104,111830,In for Garuda Wakening (Ul'dah),grand_company,data_or_stub,10,0,1,0,0,0,4000257; 1000069; 1600179,???; Clifton; Sthalmann,,,Western La Noscea; Skull Valley; Limsa Lominsa; Lower Decks,,marker_actor_gap_review,marker/actor lookup gap helper
gcu105,111831,Don't Hate the Messenger (Ul'dah),grand_company,data_or_stub,10,0,2,0,0,0,4000257; 1600083; 1600093; 1600179,???; Fyrilskyf; Hasthwab; Sthalmann,,,Eastern La Noscea; Bloodshore; Limsa Lominsa; Lower Decks,,marker_actor_gap_review,marker/actor lookup gap helper
gcu106,111832,United We Stand (Ul'dah),grand_company,data_or_stub,10,0,1,0,0,0,4000257; 1900223; 1600179,???; Storm Commander Rhiki; Sthalmann,,,Lower La Noscea; Bearded Rock; Limsa Lominsa; Lower Decks,,marker_actor_gap_review,marker/actor lookup gap helper
gcu107,111833,To Kill a Raven (Ul'dah),grand_company,data_or_stub,10,0,1,0,0,1,1000158; 4000257; 1600179,Storm Sergeant Nolan; ???; Sthalmann,,,Upper La Noscea; Iron Lake; Limsa Lominsa; Lower Decks,,marker_actor_gap_review,marker/actor lookup gap helper
gcu301,111817,Prying Eyes,grand_company,data_or_stub,20,0,0,0,0,0,1600179,Sthalmann,,,Limsa Lominsa; Lower Decks,,marker_actor_resolved,resolved marker/actor evidence helper
gcu302,111818,Different Strokes,grand_company,data_or_stub,0,0,0,0,0,0,,,,,,,no_marker_actor_surface,no marker/actor surface in current data
gcu303,111819,A Weaver and a Mummer,grand_company,data_or_stub,0,0,0,0,0,0,,,,,,,no_marker_actor_surface,no marker/actor surface in current data
gcu304,111820,When Alchemists Cry,grand_company,data_or_stub,0,0,0,0,0,0,,,,,,,no_marker_actor_surface,no marker/actor surface in current data
gcu305,111826,Challenge Accepted,grand_company,data_or_stub,0,0,0,0,0,0,,,,,,,no_marker_actor_surface,no marker/actor surface in current data
gcu701,111828,"Gore a Lizard, Hurry",grand_company,data_or_stub,0,0,0,0,0,0,,,,,,,no_marker_actor_surface,no marker/actor surface in current data
gcu702,111834,"Mess with the Goat, Get the Horns",grand_company,data_or_stub,10,0,1,0,0,1,1600195; 4000257; 1600179,Syngsmyd; ???; Sthalmann,,,Limsa Lominsa; Lower Decks; Upper La Noscea; Iron Lake,,marker_actor_gap_review,marker/actor lookup gap helper
blm0j1,111261,Hearing Voices,job,data_or_stub,0,0,0,0,0,0,,,,,,,no_marker_actor_surface,no marker/actor surface in current data
blm0j2,111262,A Time to Kill,job,data_or_stub,0,0,0,0,0,0,,,,,,,no_marker_actor_surface,no marker/actor surface in current data
blm0j3,111263,International Relations,job,data_or_stub,0,0,0,0,0,0,,,,,,,no_marker_actor_surface,no marker/actor surface in current data
blm0j4,111264,The Voidgate Breathes Gloomy,job,data_or_stub,0,0,0,0,0,0,,,,,,,no_marker_actor_surface,no marker/actor surface in current data
blm0j5,111265,Gearing Up,job,data_or_stub,0,0,0,0,0,0,,,,,,,no_marker_actor_surface,no marker/actor surface in current data
blm0j6,111266,Always Bet on Black,job,data_or_stub,0,0,0,0,0,0,,,,,,,no_marker_actor_surface,no marker/actor surface in current data
brd0j1,111301,A Song of Bards and Bowmen,job,data_or_stub,20,0,1,0,0,1,1500067; 4000257; 1600179,Papala; ???; Sthalmann,,,Limsa Lominsa; Lower Decks,,marker_actor_gap_review,marker/actor lookup gap helper
brd0j2,111302,The Archer's Anthem,job,data_or_stub,20,0,0,0,0,0,2200003; 1400041; 1600179,Abelard; Mumukiya; Sthalmann,,,Limsa Lominsa; Lower Decks,,marker_actor_resolved,resolved marker/actor evidence helper
brd0j3,111303,Bard's-Eye View,job,data_or_stub,20,0,1,0,0,1,4000257; 1500067; 1600179,???; Papala; Sthalmann,,,Limsa Lominsa; Lower Decks,,marker_actor_gap_review,marker/actor lookup gap helper
brd0j4,111304,Doing It the Bard Way,job,data_or_stub,20,0,0,0,0,0,1600179,Sthalmann,,,Limsa Lominsa; Lower Decks,,marker_actor_resolved,resolved marker/actor evidence helper
brd0j5,111305,Pieces of the Past,job,data_or_stub,20,0,0,0,0,0,1600179,Sthalmann,,,Limsa Lominsa; Lower Decks,,marker_actor_resolved,resolved marker/actor evidence helper
brd0j6,111306,Requiem for the Fallen,job,data_or_stub,0,0,0,0,0,0,,,,,,,no_marker_actor_surface,no marker/actor surface in current data
drg0j1,111321,Eye of the Dragon,job,data_or_stub,0,0,0,0,0,0,,,,,,,no_marker_actor_surface,no marker/actor surface in current data
drg0j2,111322,Lance of Fury,job,data_or_stub,0,0,0,0,0,0,,,,,,,no_marker_actor_surface,no marker/actor surface in current data
drg0j3,111323,Unfading Scars,job,data_or_stub,0,0,0,0,0,0,,,,,,,no_marker_actor_surface,no marker/actor surface in current data
drg0j4,111324,Double Dragoon,job,data_or_stub,0,0,0,0,0,0,,,,,,,no_marker_actor_surface,no marker/actor surface in current data
drg0j5,111325,Fatal Seduction,job,data_or_stub,0,0,0,0,0,0,,,,,,,no_marker_actor_surface,no marker/actor surface in current data
drg0j6,111326,Into the Dragon's Maw,job,data_or_stub,0,0,0,0,0,0,,,,,,,no_marker_actor_surface,no marker/actor surface in current data
mnk0j1,111221,Brother from Another Mother,job,data_or_stub,0,0,0,0,0,0,,,,,,,no_marker_actor_surface,no marker/actor surface in current data
mnk0j2,111222,Insulted Intelligence,job,data_or_stub,0,0,0,0,0,0,,,,,,,no_marker_actor_surface,no marker/actor surface in current data
mnk0j3,111223,The Pursuit of Power,job,data_or_stub,0,0,0,0,0,0,,,,,,,no_marker_actor_surface,no marker/actor surface in current data
mnk0j4,111224,Good Vibrations,job,data_or_stub,0,0,0,0,0,0,,,,,,,no_marker_actor_surface,no marker/actor surface in current data
mnk0j5,111225,Five Easy Pieces,job,data_or_stub,0,0,0,0,0,0,,,,,,,no_marker_actor_surface,no marker/actor surface in current data
mnk0j6,111226,Return of the King...of Ruin,job,data_or_stub,0,0,0,0,0,0,,,,,,,no_marker_actor_surface,no marker/actor surface in current data
pld0j1,111281,Paladin's Pledge,job,data_or_stub,0,0,0,0,0,0,,,,,,,no_marker_actor_surface,no marker/actor surface in current data
pld0j2,111282,Honor Lost,job,data_or_stub,0,0,0,0,0,0,,,,,,,no_marker_actor_surface,no marker/actor surface in current data
pld0j3,111283,Power Struggles,job,data_or_stub,0,0,0,0,0,0,,,,,,,no_marker_actor_surface,no marker/actor surface in current data
pld0j4,111284,Poisoned Hearts,job,data_or_stub,0,0,0,0,0,0,,,,,,,no_marker_actor_surface,no marker/actor surface in current data
pld0j5,111285,Parley on High Ground,job,data_or_stub,0,0,0,0,0,0,,,,,,,no_marker_actor_surface,no marker/actor surface in current data
pld0j6,111286,Keeping the Oath,job,data_or_stub,0,0,0,0,0,0,,,,,,,no_marker_actor_surface,no marker/actor surface in current data
war0j1,111201,Pride and Duty (Will Take You from the Mountain),job,data_or_stub,20,0,0,0,0,0,1300129; 1500041; 1000064; 2200226; 1600184; 1600179,Flavielle; Keketo; Ceadda; Thimm; Swaenhylt; Sthalmann,,,Limsa Lominsa; Lower Decks,,marker_actor_resolved,resolved marker/actor evidence helper
war0j2,111202,Embracing the Beast,job,data_or_stub,20,0,1,0,0,1,1200043; 1200038; 4000257; 1600179,Eugenaire; Chamberliaux; ???; Sthalmann,,,Limsa Lominsa; Lower Decks,,marker_actor_gap_review,marker/actor lookup gap helper
war0j3,111203,Curious Gorge Goes to the Bazaar,job,data_or_stub,20,0,1,0,0,1,4000257; 1300175; 1600179,???; Marcette; Sthalmann,,,Limsa Lominsa; Lower Decks,,marker_actor_gap_review,marker/actor lookup gap helper
war0j4,111204,Looking the Part,job,data_or_stub,20,0,0,0,0,0,1600179,Sthalmann,,,Limsa Lominsa; Lower Decks,,marker_actor_resolved,resolved marker/actor evidence helper
war0j5,111205,Proof is in the Pudding,job,data_or_stub,20,0,0,0,0,0,1600179,Sthalmann,,,Limsa Lominsa; Lower Decks,,marker_actor_resolved,resolved marker/actor evidence helper
war0j6,111206,How to Quit You,job,data_or_stub,0,0,0,0,0,0,,,,,,,no_marker_actor_surface,no marker/actor surface in current data
whm0j1,111241,Seeds of Initiative,job,data_or_stub,0,0,0,0,0,0,,,,,,,no_marker_actor_surface,no marker/actor surface in current data
whm0j2,111242,When Sheep Attack,job,data_or_stub,0,0,0,0,0,0,,,,,,,no_marker_actor_surface,no marker/actor surface in current data
whm0j3,111243,Lost in Rage,job,data_or_stub,0,0,0,0,0,0,,,,,,,no_marker_actor_surface,no marker/actor surface in current data
whm0j4,111244,The Wheel of Disaster,job,data_or_stub,0,0,0,0,0,0,,,,,,,no_marker_actor_surface,no marker/actor surface in current data
whm0j5,111245,In Search of Succor,job,data_or_stub,0,0,0,0,0,0,,,,,,,no_marker_actor_surface,no marker/actor surface in current data
whm0j6,111246,The Chorus of Cataclysm,job,data_or_stub,0,0,0,0,0,0,,,,,,,no_marker_actor_surface,no marker/actor surface in current data
man0g0,110005,Sundered Skies,main_scenario,handwritten_event_driver,20,10,1,1,9,0,1600102; 2300120; 1400004; 4000257; 1600179,Lonsygg; Yda; Papalymo; ???; Sthalmann,1000009; 1000010; 1000017; 1000683; 1000680; 1000876; 1000951; 1099047; 1099046,Yda; Papalymo; Farrimond; Cecilia; Swethyna; T'kebbe; Lonsygg; ???,Limsa Lominsa; Lower Decks,"yda@zone166 353.37,3.88,-698.98; man0g1_echo_yda@zone206 PrivateAreaMasterPast:0 -349.751,6.248,-1693.8; man2g0_seq020_yda@zone206 PrivateAreaMasterPast:10 -346.962,6.224,-1694.694; man2g0_seq040_yda@zone206 PrivateAreaMasterPast:12 -88.559,16.500,-1608.498; man2g0_seq045_yda@zone153 PrivateAreaMasterPast:2 -1971.686,-0.727,-899.072; papalymo@zone166 353.37,3.75,-703.09; man0g1_echo_papalymo@zone206 PrivateAreaMasterPast:0 -349.967,6.248,-1693.06; man2g0_seq020_papalymo@zone206 PrivateAreaMasterPast:10 -347.176,6.224,-1693.982; man2g0_seq040_papalymo@zone206 PrivateAreaMasterPast:12 -87.204,16.569,-1608.697; man2g0_seq045_papalymo@zone153 PrivateAreaMasterPast:2 -1970.593,-0.635,-897.734; man0g0_farrimond@zone155 PrivateAreaMasterPast:1 181.82,-1,-1154.03; man0g1_s090_FARRIMOND@zone206 PrivateAreaMasterPast:3 174.317,27.500,-1581.262",marker_actor_gap_review,marker/actor lookup gap helper
man0g1,110006,Souls Gone Wild,main_scenario,handwritten_event_driver,30,83,9,0,83,0,1300018; 4000257; 1000324; 1300064; 1100010; 1600132; 1100014; 1000013; 1100210; 1600179,Miounne; ???; Hereward; Soileine; Swethyna; Opyltyl; Willelda; Burchard; Nuala; Sthalmann,1000230; 1000458; 1000562; 1001057; 1001058; 1001059; 1001062; 1001060; 1001648; 1090372; 1000231; 1000234; 1090200; 1000009; 1000010; 1000033; 1000680; 1000372; 1000460; 1000513; 1000737; 1000956; 1000236; 1090201; 1000410; 1000409; 1000239; 1000238; 1000412; 1000411,Miounne; V'korolon; wispily whiskered woodworker; amiable adventurer; morose merchant; narrow-eyed adventurer; beaming adventurer; well-bundled adventurer; unconcerned passerby; ???; Hereward; Soileine; Yda; Papalymo; O-App-Pesi; Swethyna; Ingram; Hetzkin; Gugula; Biddy; Challinie; Opyltyl; Aunillie; Nicoliaux; Sansa; Powle; Ryd; Elyn; Fufucha; Willelda,Limsa Lominsa; Lower Decks,"miounne@zone155 55.94,4,-1196.44; man0g1_miounne@zone155 PrivateAreaMasterPast:2 57.42,4,-1196.69; vkorolon@zone155 55.82,4,-1212.23; man0g1_vkorolon@zone155 PrivateAreaMasterPast:2 55.82,4,-1212.23; man0g0_vkorolon@zone155 PrivateAreaMasterPast:1 55.82,4,-1212.23; man0g1_wispily_whiskered_woodwor@zone155 PrivateAreaMasterPast:2 64.41,4,-1199.61; man2g0_seq040_wispilywoodworker@zone206 PrivateAreaMasterPast:12 -107.702,11.963,-1628.594; man0g1_amiable_adventurer@zone155 PrivateAreaMasterPast:2 64.89,4,-1209.33; man0g1_morose_merchant@zone155 PrivateAreaMasterPast:2 66.26,4,-1199.79; man0g1_narrow-eyed_adventurer@zone155 PrivateAreaMasterPast:2 69.62,4,-1199.51; man0g1_beaming_adventurer@zone155 PrivateAreaMasterPast:2 67.4,4,-1208.22; man0g1_well-bundled_adventurer@zone155 PrivateAreaMasterPast:2 71.83,4,-1200.14",marker_actor_gap_review,marker/actor lookup gap helper
man0l0,110001,Shapeless Melody,main_scenario,handwritten_event_driver,20,28,8,1,27,11,1000015; 4000257; 1000066; 1200100; 1900011; 1500024; 4000016; 2200064; 1900029; 1900006,Baderon; ???; Charlys; Isaudorel; N'nmulika; Sisipu; wind-worn corpse; Bodenolf; H'naanza; Y'shtola,1000438; 1000439; 1000440; 1000441; 1000442; 1000443; 1000444; 1000445; 1000446; 1000447; 1000448; 1000449; 1000450; 1000451; 1001652; 1090025; 1000151; 1500004; 1500005; 1000261; 1000260; 1290002,well-traveled merchant; tipsy adventurer; cultivated tender; anxious adventurer; baby-faced adventurer; austere adventurer; undignified adventurer; shadowy traveler; astute merchant; voluptuous vixen; indifferent passerby; prattling adventurer; lanky traveler; grinning adventurer; Rostnsthal; ???; Hob; Gert; Lorhzant; muscle-bound deckhand; pearly-toothed porter,Limsa Lominsa; Lower Decks; Lower La Noscea; Bearded Rock,"well-traveled_merchant@zone193 -0.71,10.35,-40.51; man0l0_well-traveled_merchant@zone230 PrivateAreaMasterPast:1 -831.73,6,196.77; tipsy_adventurer@zone193 -1.87,9.15,-30.67; cultivated_tender@zone193 7.06,9.15,-28.62; anxious_adventurer@zone193 2.63,9.15,-33.91; baby-faced_adventurer@zone193 4.2,10.35,-21.98; austere_adventurer@zone193 4.06,10.35,-35.24; undignified_adventurer@zone193 -4.72,10.35,-22.56; man0l0_undignified_adventurer@zone230 PrivateAreaMasterPast:1 -832.36,6,209.44; shadowy_traveler@zone193 -4.09,9.15,-24.55; astute_merchant@zone193 -0.72,9.15,-31.81; voluptuous_vixen@zone193 -2.16,9.15,-26.18",marker_actor_gap_review,marker/actor lookup gap helper
man0l1,110002,Treasures of the Main,main_scenario,handwritten_event_driver,20,77,2,0,77,4,4000257; 1000017; 1600150; 4000166; 4000161; 1600179,???; Hob; Rostnsthal; voluptuous vixen; baby-faced adventurer; Sthalmann,1000001; 1000075; 1000076; 1000077; 1000098; 1000099; 1000100; 1000137; 1000167; 1001643; 1001649; 1001650; 1090372; 1000276; 1000138; 1000152; 1090001; 1000472; 1000096; 1000097; 1000107; 1000108; 1000109; 1000142; 1000161; 1000869; 1000870; 1000871; 1090003; 1000062,Y'shtola; crapulous adventurer; duplicitous trader; debonair pirate; onyx-haired adventurer; skittish adventurer; relaxing adventurer; Baderon; Mytesyn; cock-a-hoop cockswain; sententious sellsword; solicitous sellsword; ???; Nanaka; Charlys; Isaudorel; Merlzirn; nervous Barracuda Knight; intimidating Barracuda Knight; overeager Barracuda Knight; sophisticated Barracuda Knight; smirking Barracuda Knight; Mannskoen; Totoruto; adventurer; Carrilaut; N'nmulika; Sisipu; wind-worn corpse; glassy-eyed corpse,Limsa Lominsa; Lower Decks,"man0l1_yshtola@zone133 PrivateAreaMasterPast:2 -463.547,40,183.262; man1l0_echo_yshtola@zone133 PrivateAreaMasterPast:3 -477.156,40,198.165; man2l0_echo2_yshtola@zone128 PrivateAreaMasterPast:3 204.076,25.286,1181.84; man0l1_crapulous_adventurer@zone133 PrivateAreaMasterPast:2 -450.865,39.5,194.59; man0l1_duplicitous_trader@zone133 PrivateAreaMasterPast:2 -442.31,39.5,193.317; man0l1_debonair_pirate@zone133 PrivateAreaMasterPast:2 -452.427,39.5,202.873; man0l1_onyx-haired_adventurer@zone133 PrivateAreaMasterPast:2 -446.004,39.5,184.858; man0l1_skittish_adventurer@zone133 PrivateAreaMasterPast:2 -442.743,39.5,185.32; man0l1_relaxing_adventurer@zone133 PrivateAreaMasterPast:2 -449.132,39.5,196.246; baderon@zone133 -428.06,40.2,185.96; man0l1_baderon@zone133 PrivateAreaMasterPast:2 -430.844,40.2116,186.773; man1l0_echo_baderon@zone133 PrivateAreaMasterPast:3 -428.06,40.2,185.96",marker_actor_gap_review,marker/actor lookup gap helper
man0u0,110009,Flowers for All,main_scenario,handwritten_event_driver,20,24,2,1,23,0,1400148; 1100003; 4000543; 4000547; 4000257; 1600179,Yayatoki; Ascilia; fretful farmhand; gil-digging mistress; ???; Sthalmann,1000042; 1000186; 1000840; 1001490; 1001491; 1001492; 1001493; 1001494; 1001495; 1001496; 1001644; 1090372; 1090373; 1000401; 1001042; 1001044; 1001112; 1001645; 1001646; 1001647; 1500129; 1099046,Ascilia; Warburton; Rururaji; big-bellied barker; fretful farmhand; debauched demoness; dapper dan; loutish lad; gil-digging mistress; twittering tomboy; stocky stranger; ???; keen-eyed merchant; high-spirited fellow; disreputable Midlander; long-legged lady; large-lunged laborer; tooth-grinding traveler; full-lipped fille; Yayatoki,Limsa Lominsa; Lower Decks,"man0u0_ascilia@zone184 -1.5,196,124.5; MAN0u1_ascilia_SEQ70@zone170 PrivateAreaMasterPast:4 41.927,200,-479.95; MAN1u0_Ascillia@zone170 PrivateAreaMasterPast:0 317.261,248,-893.992; MAN2u0_ascillia@zone170 PrivateAreaMasterPast:1 -120.3,215.839,-770.604; MAN2u0_ascillia@zone209 PrivateAreaMasterPast:6 -214.881,198,236.681; man2u0_seq010_ascilia@zone170 PrivateAreaMasterPast:5 -120.801,216.044,-771.527; man0u0_warburton@zone184 -0.2,196,123.26; rururaji@zone175 -36.99,192.1,15.9; man0u0_rururaji@zone184 9.07,196,126.69; rururaji@zone175 PrivateAreaMasterPast:3 -13.509,196,86.927; man0u0_big-bellied_barker@zone184 -19.7,196,79.93; man0u0_fretful_farmhand@zone184 3.4,196,115.5",marker_actor_gap_review,marker/actor lookup gap helper
man0u1,110010,Court in the Sands,main_scenario,handwritten_event_driver,30,115,10,0,115,2,1500014; 4000257; 1300001; 1100016; 1900054; 4000444; 4000445; 1100003; 1200017; 1600179,Momodi; ???; Elecotte; Linette; F'lhaminn; manic miner; maddened miner; Ascilia; Nogeloix; Sthalmann,1000841; 1000864; 1000940; 1000936; 1000941; 1000938; 1000807; 1000937; 1000939; 1000948; 1000666; 1000863; 1000962; 1000965; 1000964; 1000969; 1001020; 1000995; 1000997; 1000999; 1000967; 1000950; 1090283; 1090141; 1090077; 1290002; 1000046; 1000861; 1000639; 1001283,Momodi; Otopa Pottopa; upbeat adventurer; undaunted adventurer; seemingly calm adventurer; lionhearted adventurer; overcompetitive adventurer; greedy merchant; spry salesman; Thancred; Ococo; Lulutsu; Papawa; Abylgo Hamylgo; Fruhybolg; Q'mhalawi; undefeated gladiator; poorly outfitted gladiator; aggrieved gladiator; disheartened gladiator; Swerdahrm; Elecotte; ???; Gogofu; Linette; Isabella; manic miner; maddened miner; Tyago Moui; Nittma Guttma,Limsa Lominsa; Lower Decks,"momodi@zone175 -74.91,195.45,81.14; momodi@zone175 PrivateAreaMasterPast:4 -73.33,195,78.531; MAN1u0_momodi@zone175 PrivateAreaMasterPast:0 -74.91,195.45,81.14; otopa_pottopa@zone175 -66.44,195.45,81.64; man0u0_otopa_pottopa@zone175 PrivateAreaMasterPast:3 -66.44,195.45,81.64; MAN0u1_otopa_pottopa@zone175 PrivateAreaMasterPast:4 -66.438,195.45,81.75; MAN0u1_upbeat_adventurer@zone175 PrivateAreaMasterPast:4 -82.836,195,74.996; MAN0u1_undaunted_adventurer@zone175 PrivateAreaMasterPast:4 -74.729,195.2,57.144; MAN0u1_seemingly_calm_adventurer@zone175 PrivateAreaMasterPast:4 -77.17,195.2,59.757; MAN0u1_lionhearted_adventurer@zone175 PrivateAreaMasterPast:4 -65.916,196,49.072; MAN0u1_overcompetitive_adventure@zone175 PrivateAreaMasterPast:4 -50.204,196,61.015; MAN0u1_greedy_merchant@zone175 PrivateAreaMasterPast:4 -68.725,195.227,68",marker_actor_gap_review,marker/actor lookup gap helper
man1g0,110007,Whispers in the Wood,main_scenario,handwritten_event_driver,20,28,6,7,21,0,1900034; 4000257; 1100019; 1600179; 1600132; 1400007; 1300018,A'naidjaa; ???; Fye; Sthalmann; Opyltyl; Nonolato; Miounne,1000230; 1000465; 1000466; 1000240; 1000822; 1000623; 1000622; 1000823; 1000826; 1000824; 1000014; 1000827; 1000828; 1000236; 1000463,Miounne; A'naidjaa; Frances; Zezekuta; Caplan; Chalyo Tamlyo; Decima; Ulmhylt; squealing sprat; sugar-strung schoolgirl; Fye; deserted daughter; troublesome tomboy; Opyltyl; Nonolato,Limsa Lominsa; Lower Decks,"miounne@zone155 55.94,4,-1196.44; man0g1_miounne@zone155 PrivateAreaMasterPast:2 57.42,4,-1196.69; anaidjaa@zone206 11.86,8.75,-1265.19; man1g0_seq005_anaidjaa@zone206 PrivateAreaMasterPast:6 11.86,8.75,-1265.19; frances@zone206 11.85,8.75,-1266.45; man1g0_seq005_frances@zone206 PrivateAreaMasterPast:6 22.784,8.75,-1277.494; man1g0_seq005_zezekuta@zone206 PrivateAreaMasterPast:6 15.314,8.750,-1263.129; caplan@zone206 -8.783,8.75,-1268.19; man1g0_seq005_caplan@zone206 PrivateAreaMasterPast:6 10.286,8.75,-1277.686; chalyo_tamlyo@zone206 -8.961,10.750,-1257.738; man1g0_seq005_chalyo_tamlyo@zone206 PrivateAreaMasterPast:6 -8.961,10.750,-1257.738; decima@zone206 -8.6,8.75,-1261.71",marker_actor_gap_review,marker/actor lookup gap helper
man1l0,110003,Legends Adrift,main_scenario,handwritten_event_driver,20,56,7,0,56,2,4000257; 1000015; 1600217; 1900003; 1900006,???; Baderon; Waekbyrt; P'tahjha; Y'shtola,1000137; 1000101; 1000102; 1000103; 1000104; 1000105; 1090080; 1000060; 1000001; 1000273; 1000003; 1090081; 1000182; 1000108; 1000110; 1000112; 1000113; 1000088; 1000089; 1000190; 1000087; 1090006; 1090082; 1000153; 1000150; 1090083; 1000120; 1000121; 1000160; 1000178,Baderon; adventurer; whispering adventurer; unapproachable adventurer; fish-smelling adventurer; spear-wielding adventurer; ???; Pfynhaemr; Y'shtola; Estrilda; Waekbyrt; hulking Barracuda Knight; sophisticated Barracuda Knight; frightened Barracuda Knight; zealous pirate; enraged pirate; pine-scented pirate; baritone pirate; Bayard; disgruntled pirate; N'nmulika; P'tahjha; assessor; Haldberk; Lilina; voluptuous pirate; peacockish pirate; Merodaulyn; coquettish pirate; Ivan,Limsa Lominsa; Lower Decks; Lower La Noscea; Bearded Rock,"baderon@zone133 -428.06,40.2,185.96; man0l1_baderon@zone133 PrivateAreaMasterPast:2 -430.844,40.2116,186.773; man1l0_echo_baderon@zone133 PrivateAreaMasterPast:3 -428.06,40.2,185.96; man1l0_echo_adventurer@zone133 PrivateAreaMasterPast:3 -431.656,40.2,185.5; man1l0_echo_whispering_adv@zone133 PrivateAreaMasterPast:3 -450.94,39.518,194.565; man1l0_echo_unapproach_adv@zone133 PrivateAreaMasterPast:3 -447.443,39.518,194.65; man1l0_echo_fishsmelling_adv@zone133 PrivateAreaMasterPast:3 -450.162,39.518,201.141; man1l0_echo_spearwielding_adv@zone133 PrivateAreaMasterPast:3 -453.766,39.518,188.287; man1l0_echo_push@zone133 PrivateAreaMasterPast:3 -467.917,40,200.322; pfynhaemr@zone230 -492.26,42.8,414.65; man0l1_pfynhaemr@zone230 PrivateAreaMasterPast:4 -492.26,42.8,414.65; man0l1_yshtola@zone133 PrivateAreaMasterPast:2 -463.547,40,183.262",marker_actor_gap_review,marker/actor lookup gap helper
man1u0,110011,Golden Sacrifices,main_scenario,handwritten_event_driver,20,69,5,0,69,0,1500014; 1400019; 4000257; 1000010; 1300034; 1100003; 1500017; 1200024; 1600179,Momodi; Gagaruna; ???; Thancred; Deaustie; Ascilia; Yayake; Niel[@16]le[@16]fres[@16]ne; Sthalmann,1000841; 1000942; 1000944; 1000945; 1000943; 1000947; 1000946; 1000862; 1000651; 1001462; 1001455; 1090114; 1090283; 1001504; 1001506; 1001507; 1001505; 1000948; 1000855; 1000039; 1000038; 1001867; 1000041; 1000040; 1001054; 1000070; 1000293; 1090075; 1090077; 1000042,Momodi; ruminating Elezen; queerly coordinated Lalafell; lumbering Lalafell; waxen-faced widower; Gagaruna; Popori; Qata Nelhah; mammet; ???; Kochacha; Gwenolie; Raginhart; Patient Crow; Thancred; Qoqoba; Greinfarr; F'lhaminn; Niel[@16]le[@16]fres[@16]ne; Popokkuli; Corguevais; Kukumuko; Deaustie; Ascilia; Gegeissa; Yayake; swollen-eyed strumpet; downcast derelict; Z'ssapa; Sinette,Limsa Lominsa; Lower Decks,"momodi@zone175 -74.91,195.45,81.14; momodi@zone175 PrivateAreaMasterPast:4 -73.33,195,78.531; MAN1u0_momodi@zone175 PrivateAreaMasterPast:0 -74.91,195.45,81.14; MAN1u0_ruminating_ele@zone175 PrivateAreaMasterPast:0 -67.003,195.2,65.509; MAN1u0_queerly_lalafell@zone175 PrivateAreaMasterPast:0 -63.334,195.2,68.462; MAN1u0_silverhaired_seductruss@zone175 PrivateAreaMasterPast:0 -73.053,195.2,58.838; MAN1u0_welldressed_midlander@zone175 PrivateAreaMasterPast:0 -72.839,195.2,55.582; MAN1u0_lumbering_lalafell@zone175 PrivateAreaMasterPast:0 -72.669,195.2,51.287; MAN1u0_waxen_face_widower@zone175 PrivateAreaMasterPast:0 -82.038,196,57.545; gagaruna@zone175 -184.94,190.55,108.87; popori@zone175 -175.1,188.6,96.47; qata_nelhah@zone175 -183.3,193,86.33",marker_actor_gap_review,marker/actor lookup gap helper
man200,110013,Fade to White,main_scenario,handwritten_event_driver,20,40,1,2,38,0,1100449; 1500054; 1600179; 4000257; 1500014,Minfilia; Tataru; Sthalmann; ???; Momodi,1090161; 1001046; 1000843; 1090162; 1000841; 1090265; 1090160; 1001228; 1001229; 1001230; 1001274; 1001275; 1001276; 1001277; 1001278; 1001279; 1001280; 1001281; 1001282; 1001373; 1001374; 1001375; 1001376; 1001377; 1001378,???; Tataru; Minfilia; Momodi; Satzfloh; Percevains; Una Tayuun; rough-spoken fellow; red-shoed rascal; abstracted gladiator; chapeaued chap; barratrous buccaneer; soft-hearted septuagenarian; indigo-eyed archer; loam-scented lady; uncomfortable brute; Sahja Zhwan; Nenekani; Godfrey; Fenana; Nonoru; Seranelien,Limsa Lominsa; Lower Decks,"merchward_office_west_eventdoor@zone181 -137,1,-160; man206_merchward_office_west_eventdoor@zone181 PrivateAreaMasterPast:11 -137,1,-160; merchward_tataru@zone181 -199.563,0,-162.347; man206_merchward_tataru@zone181 PrivateAreaMasterPast:11 -199.563,0,-162.347; merchward_minfilia@zone181 -123.998,1.2,-162.07; man206_merchward_minfilia@zone181 PrivateAreaMasterPast:11 -123.998,1.2,-162.07; merchward_office_east_eventdoor@zone181 -134.5,1,-160; man206_merchward_office_east_eventdoor@zone181 PrivateAreaMasterPast:11 -134.5,1,-160; momodi@zone175 -74.91,195.45,81.14; momodi@zone175 PrivateAreaMasterPast:4 -73.33,195,78.531; MAN1u0_momodi@zone175 PrivateAreaMasterPast:0 -74.91,195.45,81.14; marketentrance_uldah@zone175 -235,189,50.5",marker_actor_gap_review,marker/actor lookup gap helper
man206,110014,Together We Stand,main_scenario,handwritten_event_driver,20,38,5,0,38,0,1600179; 4000257; 2450020,Sthalmann; ???; Flaxio,1001046; 1090162; 1090161; 1001085; 1001086; 1001178; 1000843; 1001378; 1090177; 1090265; 1090160; 1001228; 1001229; 1001230; 1001274; 1001275; 1001276; 1001277; 1001278; 1001279; 1001280; 1001281; 1001282; 1001373; 1001374; 1001375; 1001376; 1001377,Tataru; ???; Almxio; Zoxio; Diluxio; Minfilia; Seranelien; Satzfloh; Percevains; Una Tayuun; rough-spoken fellow; red-shoed rascal; abstracted gladiator; chapeaued chap; barratrous buccaneer; soft-hearted septuagenarian; indigo-eyed archer; loam-scented lady; uncomfortable brute; Sahja Zhwan; Nenekani; Godfrey; Fenana; Nonoru,Limsa Lominsa; Lower Decks,"merchward_tataru@zone181 -199.563,0,-162.347; man206_merchward_tataru@zone181 PrivateAreaMasterPast:11 -199.563,0,-162.347; merchward_office_east_eventdoor@zone181 -134.5,1,-160; man206_merchward_office_east_eventdoor@zone181 PrivateAreaMasterPast:11 -134.5,1,-160; merchward_office_west_eventdoor@zone181 -137,1,-160; man206_merchward_office_west_eventdoor@zone181 PrivateAreaMasterPast:11 -137,1,-160; man206_merchward_almxio@zone181 PrivateAreaMasterPast:11 -126.080,1.2,-164.375; man206_merchward_zoxio@zone181 PrivateAreaMasterPast:11 -121.67,1.2,-155.731; man206_merchward_diluxio@zone181 PrivateAreaMasterPast:11 -124.862,1.2,-157.354; merchward_minfilia@zone181 -123.998,1.2,-162.07; man206_merchward_minfilia@zone181 PrivateAreaMasterPast:11 -123.998,1.2,-162.07; merchward_seranelien@zone181 -137.165,1,-162.52",marker_actor_gap_review,marker/actor lookup gap helper
man2g0,110008,Beckon of the Elementals,main_scenario,handwritten_event_driver,20,70,3,0,69,0,1400007; 2000010; 1900034; 1300064; 4000257; 1100019; 1600179,Nonolato; O-App-Pesi; A'naidjaa; Soileine; ???; Fye; Sthalmann,1000230; 1000463; 1000033; 1001469; 1000235; 1000465; 1000234; 1000744; 1000749; 1000745; 1000746; 1000748; 1000743; 1000747; 1700030; 1090178; 1000326; 1000014; 1090179; 1000754; 1000009; 1000010; 1000237; 1000243; 1001873; 1000016; 1000017; 1000876; 1000023; 1000024,Miounne; Nonolato; O-App-Pesi; Eldid; A'naidjaa; Soileine; disquieted lancer; enigmatic conjurer; enthusiastic archer; embittered archer; silky-haired conjurer; wise-looking conjurer; disconcerted conjurer; ???; Cicely; Fye; Niall; Yda; Papalymo; Fufucha; Burchard; Ursbaen; N'golbb; Farrimond; T'kebbe; Handeloup; Grinnaux; squealing sprat; underprivileged urchin; sugar-strung schoolgirl,Limsa Lominsa; Lower Decks,"miounne@zone155 55.94,4,-1196.44; man0g1_miounne@zone155 PrivateAreaMasterPast:2 57.42,4,-1196.69; nonolato@zone206 232.88,12.46,-1268.94; man0g1_echo_o_app_pesi@zone206 PrivateAreaMasterPast:0 -351.551,6.248,-1694.61; man2g0_seq003_oapppesi@zone206 PrivateAreaMasterPast:9 227.901,10.751,-1246.293; man2g0_seq025_oapppesi@zone206 PrivateAreaMasterPast:11 -352.543,6.246,-1696.479; eldid@zone206 -195.3,23.96,-1410.34; anaidjaa@zone206 11.86,8.75,-1265.19; man1g0_seq005_anaidjaa@zone206 PrivateAreaMasterPast:6 11.86,8.75,-1265.19; soileine@zone206 -330.813,8,-1682.83; man0g1_echo_soileine@zone206 PrivateAreaMasterPast:0 -330.813,8,-1682.83; man2g0_seq_020_disquietedlancer@zone206 PrivateAreaMasterPast:10 -228.987,19.857,-1641.455",marker_actor_gap_review,marker/actor lookup gap helper
man2l0,110004,Never the Twain Shall Meet,main_scenario,handwritten_event_driver,20,26,6,0,26,3,1000017; 4000257; 1200100; 1000015; 1600179,Hob; ???; Isaudorel; Baderon; Sthalmann,1000137; 1090386; 1000151; 1000183; 1000184; 1090098; 1090099; 1090085; 1090082; 1090003; 1000152; 1090086; 1090087; 1000001,Baderon; ???; Hob; Barracuda Knight; Isaudorel; Y'shtola,Limsa Lominsa; Lower Decks; Lower La Noscea; Bearded Rock,"baderon@zone133 -428.06,40.2,185.96; man0l1_baderon@zone133 PrivateAreaMasterPast:2 -430.844,40.2116,186.773; man1l0_echo_baderon@zone133 PrivateAreaMasterPast:3 -428.06,40.2,185.96; push_fsh_docks@zone230 -631.67,3.56,378.76; hob@zone230 -834.77,6,241.55; man0l0_hob@zone230 PrivateAreaMasterPast:1 -834.77,6,241.55; man2l0_instance_hob@zone230 PrivateAreaMasterPast:8 -639.12,1,409.47; man2l0_echo_hob@zone192 PrivateAreaMasterPast:0 1817.49,11.85,1830.99; man2l0_echo_cuda1@zone192 PrivateAreaMasterPast:0 1819.43,11.85,1831.84; man2l0_echo_cuda2@zone192 PrivateAreaMasterPast:0 1819.05,11.85,1829.44; man2l0_echo_eventdoor1@zone192 PrivateAreaMasterPast:0 1821.42,10.352,1816.84; man2l0_echo_eventdoor2@zone192 PrivateAreaMasterPast:1 1823.96,-60,1798.72",marker_actor_gap_review,marker/actor lookup gap helper
man2u0,110012,Calamity Cometh,main_scenario,handwritten_event_driver,20,30,6,0,30,1,1400060; 4000257; 1600179,Rururaji; ???; Sthalmann,1000841; 1000840; 1000042; 1000038; 1090119; 1000597; 1001277; 1001207; 1001210; 1090118; 1090144; 1000047; 1090141; 1090168; 1000046; 1090169; 1090253; 1090131; 1000374,Momodi; Rururaji; Ascilia; F'lhaminn; ???; Nogeloix; chapeaued chap; worrisome assistant; well-washed leech; Hahayo; Gogofu; Rorojaru,Limsa Lominsa; Lower Decks,"momodi@zone175 -74.91,195.45,81.14; momodi@zone175 PrivateAreaMasterPast:4 -73.33,195,78.531; MAN1u0_momodi@zone175 PrivateAreaMasterPast:0 -74.91,195.45,81.14; rururaji@zone175 -36.99,192.1,15.9; man0u0_rururaji@zone184 9.07,196,126.69; rururaji@zone175 PrivateAreaMasterPast:3 -13.509,196,86.927; man0u0_ascilia@zone184 -1.5,196,124.5; MAN0u1_ascilia_SEQ70@zone170 PrivateAreaMasterPast:4 41.927,200,-479.95; MAN1u0_Ascillia@zone170 PrivateAreaMasterPast:0 317.261,248,-893.992; MAN2u0_ascillia@zone170 PrivateAreaMasterPast:1 -120.3,215.839,-770.604; MAN2u0_ascillia@zone209 PrivateAreaMasterPast:6 -214.881,198,236.681; man2u0_seq010_ascilia@zone170 PrivateAreaMasterPast:5 -120.801,216.044,-771.527",marker_actor_gap_review,marker/actor lookup gap helper
man300,110015,Toll of the Warden,main_scenario,handwritten_event_driver,20,14,3,0,7,0,4000257; 1000392; 1600179; 1400008,???; Hedyn; Sthalmann; Nananoby,1000843; 1001046; 1001047; 1001048; 1001049; 1001373; 1001050,Minfilia; Tataru; Hedyn; Shanga Meshanga; Troxia; Sahja Zhwan; Nananoby,Limsa Lominsa; Lower Decks,"merchward_minfilia@zone181 -123.998,1.2,-162.07; man206_merchward_minfilia@zone181 PrivateAreaMasterPast:11 -123.998,1.2,-162.07; merchward_tataru@zone181 -199.563,0,-162.347; man206_merchward_tataru@zone181 PrivateAreaMasterPast:11 -199.563,0,-162.347; merchward_sahja_zhwan@zone181 -156.327,0,-156.19; man206_merchward_sahja_zhwan@zone181 PrivateAreaMasterPast:11 -156.327,0,-156.19",marker_actor_gap_review,marker/actor lookup gap helper
man304,110016,Forever Taken,main_scenario,scaffold,20,0,8,0,0,0,4000257; 1600179; 1000392,???; Sthalmann; Hedyn,,,Limsa Lominsa; Lower Decks,,marker_actor_gap_review,marker/actor lookup gap helper
man308,110017,Lord Errant,main_scenario,scaffold,20,0,5,0,0,0,4000257; 1600179; 4000550; 4000551,???; Sthalmann; cloudy-eyed prisoner; emotionless prisoner,,,Limsa Lominsa; Lower Decks,,marker_actor_gap_review,marker/actor lookup gap helper
man402,110018,Of Men They Sing,main_scenario,scaffold,20,0,3,0,0,0,1500054; 4000257; 1600179,Tataru; ???; Sthalmann,,,Limsa Lominsa; Lower Decks,,marker_actor_gap_review,marker/actor lookup gap helper
man406,110019,Futures Perfect,main_scenario,scaffold,20,0,4,0,0,0,4000257; 1000126; 1500054; 1600179,???; Gregory; Tataru; Sthalmann,,,Limsa Lominsa; Lower Decks,,marker_actor_gap_review,marker/actor lookup gap helper
sum6a0,110627,"Ifrit Bleeds, We Can Kill It",primal,scaffold,20,0,3,0,0,1,4000257; 2700013; 1600179,???; Louisoix; Sthalmann,,,Limsa Lominsa; Lower Decks,,marker_actor_gap_review,marker/actor lookup gap helper
sum6g0,110867,Taming the Tempest,primal,scaffold,0,0,0,0,0,0,,,,,,,no_marker_actor_surface,no marker/actor surface in current data
sum6m0,110816,A Feast of Fools,primal,scaffold,0,0,0,0,0,0,,,,,,,no_marker_actor_surface,no marker/actor surface in current data
sum6w0,110870,"The Raven, Nevermore",primal,scaffold,0,0,0,0,0,0,,,,,,,no_marker_actor_surface,no marker/actor surface in current data
spl000,110858,Seasonal Event,seasonal,handwritten_event_driver,0,0,0,0,0,0,,,,,,,no_marker_actor_surface,no marker/actor surface in current data
spl0g1,110794,The Dreamer's Gospel (Gridania),seasonal,present_unknown,0,0,0,0,0,0,,,,,,,no_marker_actor_surface,no marker/actor surface in current data
spl0g2,110795,The Dreamer's Dilemma (Gridania),seasonal,present_unknown,0,0,0,0,0,0,,,,,,,no_marker_actor_surface,no marker/actor surface in current data
spl0i1,110799,The Heat Is On,seasonal,scaffold,0,0,0,0,0,0,,,,,,,no_marker_actor_surface,no marker/actor surface in current data
spl0i2,110800,Impish Impositions,seasonal,scaffold,20,0,0,0,0,0,1000157; 1100426; 1900122; 1300118; 1200141; 1000164; 1600179,Kinnison; Sybell; Khuma Moshroca; Nellaure; Mestonnaux; Lefwyne; Sthalmann,,,Limsa Lominsa; Lower Decks,,marker_actor_resolved,resolved marker/actor evidence helper
spl0i3,110801,Winter Is Not Coming,seasonal,scaffold,20,0,1,0,0,0,1100121; 1400114; 1000014; 1100210; 1300118; 1200141; 4000257; 2200047; 1600179,Biddy; Tatagoi; Alaire; Nuala; Nellaure; Mestonnaux; ???; Bardo; Sthalmann,,,Limsa Lominsa; Lower Decks,,marker_actor_gap_review,marker/actor lookup gap helper
spl0i4,110802,Gone with the Snow,seasonal,handwritten_event_driver,20,2,2,1,1,0,1100121; 4000257; 1000071; 2700007; 1600179,Biddy; ???; Colbert; Raya-O-Senna; Sthalmann,2200235; 1001827,Waldomar,Limsa Lominsa; Lower Decks,"waldomar@zone152 -547.076,4,-2463.83",marker_actor_gap_review,marker/actor lookup gap helper
spl0l1,110804,The Dreamer's Gospel (Limsa Lominsa),seasonal,present_unknown,20,0,0,0,0,0,1600179,Sthalmann,,,Limsa Lominsa; Lower Decks,,marker_actor_resolved,resolved marker/actor evidence helper
spl0l2,110805,The Dreamer's Dilemma (Limsa Lominsa),seasonal,present_unknown,20,0,0,0,0,0,1600179,Sthalmann,,,Limsa Lominsa; Lower Decks,,marker_actor_resolved,resolved marker/actor evidence helper
spl0u1,110789,The Dreamer's Gospel (Ul'dah),seasonal,present_unknown,0,0,0,0,0,0,,,,,,,no_marker_actor_surface,no marker/actor surface in current data
spl0u2,110790,The Dreamer's Dilemma (Ul'dah),seasonal,present_unknown,0,0,0,0,0,0,,,,,,,no_marker_actor_surface,no marker/actor surface in current data
spl101,110859,Scrambled Eggs,seasonal,scaffold,0,0,0,0,0,0,,,,,,,no_marker_actor_surface,no marker/actor surface in current data
spl102,110860,Bombard Backlash,seasonal,scaffold,0,0,0,0,0,0,,,,,,,no_marker_actor_surface,no marker/actor surface in current data
spl103,110861,Seasonal Event (All City-states),seasonal,scaffold,0,0,0,0,0,0,,,,,,,no_marker_actor_surface,no marker/actor surface in current data
etc101,110811,Risky Business,side_special_misc,handwritten_event_driver,0,3,0,0,3,0,,,1001726; 1001727,Aistan; Mutamix Bubblypots,,"aistan@zone175 -98.88,192.2,1.08; mutamix_bubblypots@zone170 243.988,248.55,-1030.14",spawn_backed_actor_routes,spawn-backed NPC route helper
etc102,110812,Forging the Spirit,side_special_misc,handwritten_event_driver,0,2,0,0,2,0,,,1001728,Swynbroes,,"swynbroes@zone170 242.69,247.512,-1024.59",spawn_backed_actor_routes,spawn-backed NPC route helper
etc103,110813,Joining the Spirit,side_special_misc,handwritten_event_driver,0,3,0,0,3,0,,,1001729,Kokosamu,,"kokosamu@zone170 255.596,248.7,-1030.06",spawn_backed_actor_routes,spawn-backed NPC route helper
etc104,110814,Waking the Spirit,side_special_misc,handwritten_event_driver,0,2,0,0,2,0,,,1001730,F'hobhas,,"fhobhas@zone170 258.654,248,-1021.61",spawn_backed_actor_routes,spawn-backed NPC route helper
etc106,110868,A Relic Reborn,side_special_misc,handwritten_event_driver,0,2,0,1,1,0,,,2200115; 1060043,Gerolt,,"gerolt@zone151 1980.2,21.619,-543.9",marker_actor_gap_review,marker/actor lookup gap helper
etc1g0,110654,Proceed with Caution,side_special_misc,handwritten_event_driver,20,4,3,2,1,0,4000257; 1000223; 1600179,???; Sandre; Sthalmann,1000223; 1001102; 4000257,Gogoroon; Sandre,Limsa Lominsa; Lower Decks,"sandre@zone206 -201.36,17.99,-1469.75",marker_actor_gap_review,marker/actor lookup gap helper
etc1g1,110655,Playing with Fire,side_special_misc,handwritten_event_driver,20,5,3,2,0,0,4000257; 1200127; 1600179,???; Maroile; Sthalmann,1200127; 4000257,???,Limsa Lominsa; Lower Decks,,marker_actor_gap_review,marker/actor lookup gap helper
etc1g2,110656,A Well-Balanced Diet,side_special_misc,handwritten_event_driver,20,8,2,0,7,2,1200141; 4000257; 1900142; 1600179,Mestonnaux; ???; V'nabyano; Sthalmann,1001101; 1001103; 2100509,V'nabyano; Mestonnaux; popoto-opoto,Limsa Lominsa; Lower Decks,"vnabyano@zone206 -200.33,18.25,-1484.97; mestonnaux@zone206 -211.76,18.1,-1473.52",marker_actor_gap_review,marker/actor lookup gap helper
etc1g4,110658,The Penultimate Prank,side_special_misc,handwritten_event_driver,20,4,1,0,3,1,4000257; 1200068; 1600179,???; Nicoliaux; Sthalmann,1000409; 2104508,Nicoliaux; aurora angler,Limsa Lominsa; Lower Decks,"man0g1_s050_NICOLLAUX@zone206 PrivateAreaMasterPast:1 -220.792,12.000,-1493.009; man0g1_s055_NICOLLAUX@zone206 PrivateAreaMasterPast:2 -215.376,12.065,-1495.111; nicoliaux@zone206 -27.519,8.4,-1244.59",marker_actor_gap_review,marker/actor lookup gap helper
etc1g5,110659,The Search for Sicksa,side_special_misc,handwritten_event_driver,20,4,1,0,3,1,4000257; 1000362; 1600179,???; Beli; Sthalmann,1001077; 2104022,Beli; bristletail marmot,Limsa Lominsa; Lower Decks,"beli@zone206 93.63,20,-1482.87",marker_actor_gap_review,marker/actor lookup gap helper
etc1g6,110660,The Ultimate Prank,side_special_misc,handwritten_event_driver,20,8,1,0,7,1,4000257; 1600192; 1200068; 1600179,???; Sylbyrt; Nicoliaux; Sthalmann,1000409; 1000428; 2101908,Nicoliaux; Sylbyrt; wandering wight,Limsa Lominsa; Lower Decks,"man0g1_s050_NICOLLAUX@zone206 PrivateAreaMasterPast:1 -220.792,12.000,-1493.009; man0g1_s055_NICOLLAUX@zone206 PrivateAreaMasterPast:2 -215.376,12.065,-1495.111; nicoliaux@zone206 -27.519,8.4,-1244.59; sylbyrt@zone155 67.66,4.2,-1223.57; man0g0_sylbyrt@zone155 PrivateAreaMasterPast:1 67.66,4.2,-1223.57",marker_actor_gap_review,marker/actor lookup gap helper
etc1g8,110662,Say it with Wolf Tails,side_special_misc,handwritten_event_driver,20,6,1,0,5,2,1000112; 1100136; 4000257; 1600179,Francis; Imania; ???; Sthalmann,1000566; 2100609; 1001567,Francis; gnawing gnat; Imania,Limsa Lominsa; Lower Decks,"francis@zone206 210.14,29.7,-1586.23; imania@zone230 -532.86,37,86.01",marker_actor_gap_review,marker/actor lookup gap helper
etc1g9,110663,Embarrassing Excerpts,side_special_misc,handwritten_event_driver,20,4,1,0,3,1,4000257; 1600102; 1600179,???; Lonsygg; Sthalmann,1000951; 2100503,Lonsygg; opo-opo,Limsa Lominsa; Lower Decks,"lonsygg@zone155 162.79,-1.48,-1153.32; man0g0_lonsygg@zone155 PrivateAreaMasterPast:1 107.96,9.4,-1211.89",marker_actor_gap_review,marker/actor lookup gap helper
etc1l0,110633,Assessing the Damage,side_special_misc,handwritten_event_driver,20,4,1,0,3,1,4000257; 1600092; 1600179,???; Haldberk; Sthalmann,1000160; 2105409,Haldberk; jetsam jelly,Eastern La Noscea; Bloodshore; Limsa Lominsa; Lower Decks,"haldberk@zone230 -787.39,12.9,193.54; man1l0_echo3_haldberk@zone230 PrivateAreaMasterPast:7 -787.39,12.9,193.54",marker_actor_gap_review,marker/actor lookup gap helper
etc1l1,110634,Bridging the Gap,side_special_misc,handwritten_event_driver,20,4,1,0,3,2,4000257; 1500052; 1600179,???; Hihine; Sthalmann,1000267; 2100113,Hihine; toll puk,Lower La Noscea; Bearded Rock; Limsa Lominsa; Lower Decks,"hihine@zone230 -475.29,41.5,436.08; man0l1_hihine@zone230 PrivateAreaMasterPast:4 -479,41.505,433.188",marker_actor_gap_review,marker/actor lookup gap helper
etc1l3,110636,Revenge on the Reavers,side_special_misc,handwritten_event_driver,20,6,1,0,3,2,4000257; 1200039; 1600179,???; Chaunollet; Sthalmann,1000125; 2180303; 2180302; 2180301,Chaunollet; Serpent Reaver eye; Serpent Reaver fin; Serpent Reaver claw,Mistbeard Cove; Limsa Lominsa; Lower Decks,"chaunollet@zone230 -609.19,43,-67",marker_actor_gap_review,marker/actor lookup gap helper
etc1l5,110638,Till Death Do Us Part,side_special_misc,handwritten_event_driver,20,4,1,0,3,2,4000257; 1900024; 1600179,???; H'lahono; Sthalmann,1000250; 2102717,H'lahono; musk roseling,Eastern La Noscea; Bloodshore; Limsa Lominsa; Lower Decks,"hlahono@zone230 -522.92,42,20.98",marker_actor_gap_review,marker/actor lookup gap helper
etc1l6,110639,Beryl Overboard,side_special_misc,handwritten_event_driver,20,4,1,0,3,1,4000257; 1400059; 1600179,???; Nanapiri; Sthalmann,1000136; 2107613,Nanapiri; beryl crab,Eastern La Noscea; Bloodshore; Limsa Lominsa; Lower Decks,"nanapiri@zone230 -782.25,9.15,386.96",marker_actor_gap_review,marker/actor lookup gap helper
etc1l7,110640,Have You Seen My Son,side_special_misc,handwritten_event_driver,20,8,1,0,7,1,1400031; 1300097; 4000257; 1600179,Yuyubesu; Hildie; ???; Sthalmann,1001567; 1001166; 2101609; 1000787,Imania; Yuyubesu; bomb ember; Hildie,Limsa Lominsa; Lower Decks,"imania@zone230 -532.86,37,86.01; yuyubesu@zone209 -110.27,195.5,305.12; hildie@zone175 -71.24,195.2,57.32; man0u0_hildie@zone175 PrivateAreaMasterPast:3 -71.24,195.2,57.32",marker_actor_gap_review,marker/actor lookup gap helper
etc1l8,110641,Food for Thought,side_special_misc,handwritten_event_driver,20,8,0,0,8,3,1100182; 1600006; 1200047; 2470002; 1900038; 1500033; 1600179,Dympna; Aergwynt; Ferdillaix; Buburoon; R'baharra; Fufuna; Sthalmann,1000331; 1000347; 1000344; 1000219; 1000340; 1000345,Dympna; Aergwynt; Ferdillaix; Buburoon; R'baharra; Fufuna,Limsa Lominsa; Lower Decks,"dympna@zone230 -492.38,39.9,362.82; aergwynt@zone133 -489.56,20,184.91; aergwynt@zone230 -489.56,20,184.91; ferdillaix@zone230 -493.9,40,337.98; buburoon@zone230 -769.63,14.85,386.51; rbaharra@zone230 -777.01,12,247.49; fufuna@zone230 -498.89,40,304.78",spawn_backed_actor_routes,spawn-backed NPC route helper
etc1l9,110642,Seashells by the Seashore,side_special_misc,handwritten_event_driver,20,4,1,2,1,0,1500121; 4000257; 1600179,Fupepe; ???; Sthalmann,1500121; 1001301; 4000257,W'mhelgo Hena; Fupepe,Western La Noscea; Skull Valley; Eastern La Noscea; Bloodshore; Limsa Lominsa; Lower Decks,"fupepe@zone129 -1332.09,1.68,-609",marker_actor_gap_review,marker/actor lookup gap helper
etc1u0,110675,A Knock in the Night,side_special_misc,handwritten_event_driver,20,4,1,0,3,1,4000257; 1100290; 1600179,???; Eleanor; Sthalmann,1001565; 2101711,Eleanor; cursed eye,Limsa Lominsa; Lower Decks,"eleanor@zone209 -278.97,206,211.56",marker_actor_gap_review,marker/actor lookup gap helper
etc1u1,110676,Sleepless in Eorzea,side_special_misc,handwritten_event_driver,20,4,1,0,3,2,4000257; 1500025; 1600179,???; Kukusi; Sthalmann,1001463; 2104021,Kukusi; nutgrabber marmot,Limsa Lominsa; Lower Decks,"kukusi@zone209 -195.01,228.2,293.18",marker_actor_gap_review,marker/actor lookup gap helper
etc1u2,110677,Dressed to Be Killed,side_special_misc,handwritten_event_driver,20,4,1,0,3,1,4000257; 1400117; 1600179,???; Tutubuki; Sthalmann,1001141; 2101816,Tutubuki; dapper cadaver,Limsa Lominsa; Lower Decks,"tutubuki@zone209 -334.02,206,233.12",marker_actor_gap_review,marker/actor lookup gap helper
etc1u4,110679,The Customer Comes First,side_special_misc,handwritten_event_driver,20,9,1,0,6,1,1600092; 4000257; 1600179,Haldberk; ???; Sthalmann,1000915; 1000160; 2180210; 2180211; 2180212,Cahernaut; Haldberk; Stormcry quartermaster; Stormcry boatswain; Stormcry powder monkey,Limsa Lominsa; Lower Decks; Cassiopeia Hollow,"cahernaut@zone209 44.52,194.39,242.84; haldberk@zone230 -787.39,12.9,193.54; man1l0_echo3_haldberk@zone230 PrivateAreaMasterPast:7 -787.39,12.9,193.54",marker_actor_gap_review,marker/actor lookup gap helper
etc1u5,110680,An Inconvenient Dodo,side_special_misc,handwritten_event_driver,20,4,1,0,3,1,4000257; 1900083; 1600179,???; U'bokhn; Sthalmann,1000668; 2102009,U'bokhn; stuffed dodo,Limsa Lominsa; Lower Decks,"ubokhn@zone209 -181.86,195.02,149.04; etc5u1_ubokhn@zone209 PrivateAreaMasterPast:5 -181.86,195.02,149.04",marker_actor_gap_review,marker/actor lookup gap helper
etc1u6,110681,Besmitten and Besmirched,side_special_misc,handwritten_event_driver,20,4,1,0,3,1,1600118; 4000257; 1600179,Mohtfryd; ???; Sthalmann,1001170; 2105717,Mohtfryd; moiling mole,Limsa Lominsa; Lower Decks,"mohtfryd@zone209 -97.81,194.2,325.9",marker_actor_gap_review,marker/actor lookup gap helper
etc1u7,110682,Clasping to Hope,side_special_misc,handwritten_event_driver,20,4,1,2,1,0,4000257; 1500020; 1600179,???; Totono; Sthalmann,1500020; 1001143; 4000257,Mistbeard Cove battlewarden; Totono,Limsa Lominsa; Lower Decks,"totono@zone209 -305,206,227.27",marker_actor_gap_review,marker/actor lookup gap helper
etc1u8,110683,Traumaturgy,side_special_misc,handwritten_event_driver,20,4,1,2,1,0,4000257; 1500020; 1600179,???; Totono; Sthalmann,1500020; 1001143; 4000257,Mistbeard Cove battlewarden; Totono,Limsa Lominsa; Lower Decks,"totono@zone209 -305,206,227.27",marker_actor_gap_review,marker/actor lookup gap helper
etc1u9,110684,Best Flower Ever,side_special_misc,handwritten_event_driver,20,4,1,3,1,0,4000257; 1400140; 1600179,???; Sasapano; Sthalmann,1400140; 1001317; 4000257,Sasapano,Limsa Lominsa; Lower Decks,"sasapano@zone171 1134.54,312.193,-1127.78",marker_actor_gap_review,marker/actor lookup gap helper
etc200,110818,A Light in the Dark,side_special_misc,handwritten_event_driver,0,2,0,1,1,0,,,2200217; 1001932,Sibold,,"sibold@zone175 -138.11,196,67",marker_actor_gap_review,marker/actor lookup gap helper
etc201,110819,What Glitters Always Isn't Gold,side_special_misc,handwritten_event_driver,0,6,0,0,2,0,,,1500159; 1001641; 1200191; 1001904; 1200223; 1001955,Broenfohc; Leleyo; ???; Coultenet; Tristechambel,,"broenfohc@zone134 166,-0.6,160; tristechambel@zone147 -368.258,247.853,1403.38",spawn_backed_actor_routes,spawn-backed NPC route helper
etc202,110824,Cutter's Cry,side_special_misc,scaffold,0,0,0,0,0,0,,,,,,,no_marker_actor_surface,no marker/actor surface in current data
etc2g0,110664,A Forbidden Love,side_special_misc,handwritten_event_driver,20,7,1,0,6,1,4000257; 1600102; 1100071; 1600179,???; Lonsygg; Ethelinda; Sthalmann,1001352; 2102708; 1000951,Ethelinda; mirror roselet; Lonsygg,Limsa Lominsa; Lower Decks,"ethelinda@zone154 1313.99,-11.8,963.94; lonsygg@zone155 162.79,-1.48,-1153.32; man0g0_lonsygg@zone155 PrivateAreaMasterPast:1 107.96,9.4,-1211.89",marker_actor_gap_review,marker/actor lookup gap helper
etc2g1,110665,Last Respects,side_special_misc,handwritten_event_driver,20,4,1,0,3,1,4000257; 1000094; 1600179,???; Eadbert; Sthalmann,1001345; 2100512,Eadbert; lemur,Limsa Lominsa; Lower Decks,"eadbert@zone152 -674.727,4.072,-2498.26",marker_actor_gap_review,marker/actor lookup gap helper
etc2g2,110666,Stone Deaf,side_special_misc,handwritten_event_driver,20,4,1,0,3,1,1100364; 4000257; 1600179,Kinborow; ???; Sthalmann,1000509; 2100502,Kinborow; canopy galago,Limsa Lominsa; Lower Decks,"kinborow@zone206 -362.96,6.82,-1693.98",marker_actor_gap_review,marker/actor lookup gap helper
etc2g3,110667,Hunting the Hunters,side_special_misc,handwritten_event_driver,20,4,1,3,1,0,1900140; 4000257; 1600179,O'dhinek; ???; Sthalmann,1900140; 1000829; 4000257,O'dhinek,Limsa Lominsa; Lower Decks,"odhinek@zone206 241.82,13,-1276.62",marker_actor_gap_review,marker/actor lookup gap helper
etc2g4,110668,To Deskunk A Beer,side_special_misc,handwritten_event_driver,20,8,1,4,3,0,1000164; 1200164; 4000257; 1600179,Lefwyne; Janlenoux; ???; Sthalmann,1000164; 1001396; 1200164; 1001356; 4000257,Faucillien; Lefwyne; ???; Janlenoux,Limsa Lominsa; Lower Decks,"faucillien@zone230 -614.73,4.55,342.24; man0l1_fsh_faucillien@zone230 PrivateAreaMasterPast:5 -614.73,4.55,342.24; lefwyne@zone206 180.42,25.82,-1400.37; janlenoux@zone145 2555.74,175.83,1306.52",marker_actor_gap_review,marker/actor lookup gap helper
etc2g5,110669,Losing One's Thread,side_special_misc,handwritten_event_driver,20,4,1,3,1,0,4000257; 1400098; 1600179,???; Honga Vunga; Sthalmann,1400098; 1000429; 4000257,Honga Vunga,Limsa Lominsa; Lower Decks,"honga_vunga@zone155 64.04,4,-1214.38; man0g0_honga_vunga@zone155 PrivateAreaMasterPast:1 64.04,4,-1214.38",marker_actor_gap_review,marker/actor lookup gap helper
etc2i0,110706,Counting Sheep,side_special_misc,handwritten_event_driver,20,4,0,0,3,0,1600179,Sthalmann,1001358; 2101403,Patrick; dreadwolf,Limsa Lominsa; Lower Decks,"patrick@zone145 2627.58,174.745,1392.85",spawn_backed_actor_routes,spawn-backed NPC route helper
etc2i1,110707,A Hypocritical Oath,side_special_misc,handwritten_event_driver,20,4,0,0,3,0,1600179,Sthalmann,1001574; 2100314,Arscelin; antelope doe,Limsa Lominsa; Lower Decks,"arscelin@zone145 2625,174.724,1329",spawn_backed_actor_routes,spawn-backed NPC route helper
etc2i2,110708,Blood Price,side_special_misc,handwritten_event_driver,20,3,0,2,1,0,1600179,Sthalmann,1000111; 4000257,tattooed pirate,Limsa Lominsa; Lower Decks,"man0l1_tattooed_pirate@zone230 PrivateAreaMasterPast:4 -479,41.505,433.188; man0l1_tattooed_pirate@zone230 PrivateAreaMasterPast:4 -479.97,41.5,-436.236; MAN010_Tattooed_Pirate@zone230 PrivateAreaMasterPast:4 -479.489,41.5,435.846",marker_actor_gap_review,marker/actor lookup gap helper
etc2l0,110643,Fishing for Answers,side_special_misc,handwritten_event_driver,20,4,1,0,3,1,4000257; 1200075; 1600179,???; Robairlain; Sthalmann,1000050; 2107601,Robairlain; giant crab,Western La Noscea; Skull Valley; Limsa Lominsa; Lower Decks,"robairlain@zone230 -617.1,11.84,261.67",marker_actor_gap_review,marker/actor lookup gap helper
etc2l1,110644,Moonstruck,side_special_misc,handwritten_event_driver,20,4,1,3,1,0,4000257; 1900133; 1600179,???; I'nairoh; Sthalmann,1900133; 1001307; 4000257,I'nairoh,Eastern La Noscea; Bloodshore; Limsa Lominsa; Lower Decks,"Q_inairoh@zone130 599.452,55,-1214.03",marker_actor_gap_review,marker/actor lookup gap helper
etc2l3,110646,A Misty Past,side_special_misc,handwritten_event_driver,20,6,1,0,6,0,4000257; 1900052; 1600179,???; F'ongho; Sthalmann,1000367; 1000359,F'ongho; Ryssfloh,Lower La Noscea; Bearded Rock; Limsa Lominsa; Lower Decks,"fongho@zone128 288.24,26.485,342.12; ryssfloh@zone128 58.78,46.1,-12.45",marker_actor_gap_review,marker/actor lookup gap helper
etc2l5,110648,Carving a Name,side_special_misc,handwritten_event_driver,20,5,2,4,1,1,4000257; 1900144; 1600179,???; Sizha Epocan; Sthalmann,1900144; 1001805; 4000257,Sizha Epocan,Upper La Noscea; Iron Lake; Eastern La Noscea; Bloodshore; Limsa Lominsa; Lower Decks,"Q_sizha_opocan@zone130 627.653,53.553,-1196.69",marker_actor_gap_review,marker/actor lookup gap helper
etc2u0,110685,The Unheard Horizon,side_special_misc,handwritten_event_driver,20,4,1,3,1,0,1400157; 4000257; 1600179,Gegeissa; ???; Sthalmann,1400157; 1001424; 4000257,Gegeissa,Limsa Lominsa; Lower Decks,"gegeissa@zone170 -56.69,192,-6.59",marker_actor_gap_review,marker/actor lookup gap helper
etc2u1,110686,Freedom Isn't Free,side_special_misc,handwritten_event_driver,20,4,1,0,3,1,1000134; 4000257; 1600179,Halstein; ???; Sthalmann,1001007; 2106541,Halstein; Amalj'aa striker,Limsa Lominsa; Lower Decks,"halstein@zone175 -160.78,188.7,117.31",marker_actor_gap_review,marker/actor lookup gap helper
etc2u2,110687,Ore for an Ore,side_special_misc,handwritten_event_driver,20,4,1,0,3,1,4000257; 1900246; 1600179,???; Pahja Zhwan; Sthalmann,1001840; 2102105,Pahja Zhwan; iron coblyn,Limsa Lominsa; Lower Decks,"pahja_zhwan@zone209 -113.19,194.2,324.25",marker_actor_gap_review,marker/actor lookup gap helper
etc2u5,110690,No Other Dodo Will Do,side_special_misc,handwritten_event_driver,20,4,1,3,1,0,1300097; 4000257; 1600179,Hildie; ???; Sthalmann,1300097; 1000787; 4000257,Hildie,Limsa Lominsa; Lower Decks,"hildie@zone175 -71.24,195.2,57.32; man0u0_hildie@zone175 PrivateAreaMasterPast:3 -71.24,195.2,57.32",marker_actor_gap_review,marker/actor lookup gap helper
etc303,110810,Call of Booty,side_special_misc,handwritten_event_driver,0,3,0,0,3,0,,,1001064; 1000367,Hasthwab; F'ongho,,"hasthwab@zone230 -778.32,16.35,383.49; fongho@zone128 288.24,26.485,342.12",spawn_backed_actor_routes,spawn-backed NPC route helper
etc304,110869,Living on a Prayer,side_special_misc,handwritten_event_driver,0,4,0,3,1,0,,,2700013; 1060022,Louisoix,,"louisoix@zone206 16.62,22.24,-1560.96",marker_actor_gap_review,marker/actor lookup gap helper
etc3g0,110674,Seeing the Seers,side_special_misc,handwritten_event_driver,0,8,0,0,8,0,,,1001430; 1001437; 1001081; 1000821; 1001103; 1001396,Kinnison; Sybell; Khuma Moshroca; Nellaure; Mestonnaux; Lefwyne,,"kinnison@zone206 -194,23,-1610; sybell@zone206 -112.2,16.08,-1334.29; khuma_moshroca@zone206 105.99,20,-1478.71; nellaure@zone206 -13.954,10.75,-1261.49; mestonnaux@zone206 -211.76,18.1,-1473.52; lefwyne@zone206 180.42,25.82,-1400.37",spawn_backed_actor_routes,spawn-backed NPC route helper
etc3g1,110735,Scrubbing the Soul,side_special_misc,handwritten_event_driver,0,14,0,8,5,0,,,1100121; 1000737; 1400114; 1001080; 1100210; 1000681; 1300118; 1000821; 4000257; 1200141; 1001103,Biddy; Tatagoi; Nuala; Nellaure; ???; Mestonnaux,,"man0g1_echo_biddy@zone206 PrivateAreaMasterPast:0 -341.769,8,-1675.39; biddy@zone206 -342.387,8,-1675.51; tatagoi@zone206 106.26,20,-1472.57; nuala@zone206 195.17,27.9,-1578.8; man0g1_s090_NUALA@zone206 PrivateAreaMasterPast:3 175.570,27.546,-1581.294; man0g1_s095_NUALA@zone206 PrivateAreaMasterPast:4 195.240,27.9,-1578.942; nellaure@zone206 -13.954,10.75,-1261.49; mestonnaux@zone206 -211.76,18.1,-1473.52",marker_actor_gap_review,marker/actor lookup gap helper
etc3g2,110736,Disorganized Crime,side_special_misc,handwritten_event_driver,0,5,0,4,1,0,,,1100121; 1000737; 4000257,Biddy,,"man0g1_echo_biddy@zone206 PrivateAreaMasterPast:0 -341.769,8,-1675.39; biddy@zone206 -342.387,8,-1675.51",marker_actor_gap_review,marker/actor lookup gap helper
etc3g3,110737,A Slippery Stone,side_special_misc,handwritten_event_driver,0,5,0,0,5,0,,,1000230; 1500055; 1001064,Miounne; Lionnellais; Hasthwab,,"miounne@zone155 55.94,4,-1196.44; man0g1_miounne@zone155 PrivateAreaMasterPast:2 57.42,4,-1196.69; lionnellais@zone155 58.5,-7,-1202; hasthwab@zone230 -778.32,16.35,383.49",spawn_backed_actor_routes,spawn-backed NPC route helper
etc3l0,110653,The Tug of the Whorl,side_special_misc,handwritten_event_driver,0,8,0,0,8,0,,,1000132; 1000057; 1000475; 1000344; 1000065; 1000227,Ginnade; Z'onggo; W'hahtoa; Ferdillaix; Frailoise; Arnegis,,"ginnade@zone230 -623.45,43,-56.92; zonggo@zone230 -589.34,4,381.4; whahtoa@zone230 -761.7,-3.15,391.36; ferdillaix@zone230 -493.9,40,337.98; frailoise@zone230 -506.14,42.3,39.32; arnegis@zone230 -492.51,10,114.29",spawn_backed_actor_routes,spawn-backed NPC route helper
etc3l1,110744,Winds of Change,side_special_misc,handwritten_event_driver,0,16,0,9,6,0,,,1600258; 1000351; 1400154; 1001511; 1200097; 1000133; 1900044; 1000342; 1600182; 1000349; 1100075; 1500004; 4000257,Zanthael; Bibiraka; ???; Arthurioux; J'ghonako; Sundhimal; Gert,,"zanthael@zone133 -441.8,21,175; bibiraka@zone230 -244.1,12.5,197.19; arthurioux@zone230 -612.53,43,-78.72; jghonako@zone230 -555.18,42,-10.4; sundhimal@zone230 -405.5,42.5,346; gert@zone230 -809.15,8,230.88; man0l0_gert@zone230 PrivateAreaMasterPast:1 -809.15,8,230.88",marker_actor_gap_review,marker/actor lookup gap helper
etc3l2,110745,Shot Through the Heart,side_special_misc,handwritten_event_driver,0,5,0,3,2,0,,,1600120; 1000130; 4000257,Montorgains; Mynadaeg,,"montorgains@zone173 -148.797,280,-1707.38; mynadaeg@zone230 -600.29,28.48,-67.55",marker_actor_gap_review,marker/actor lookup gap helper
etc3l3,110746,What a Pirate Wants,side_special_misc,handwritten_event_driver,0,5,0,0,5,0,,,1000137; 1000131; 1001064,Baderon; Tefh Moshroca; Hasthwab,,"baderon@zone133 -428.06,40.2,185.96; man0l1_baderon@zone133 PrivateAreaMasterPast:2 -430.844,40.2116,186.773; man1l0_echo_baderon@zone133 PrivateAreaMasterPast:3 -428.06,40.2,185.96; tefh_moshroca@zone230 -624.14,43.63,-65.55; hasthwab@zone230 -778.32,16.35,383.49",spawn_backed_actor_routes,spawn-backed NPC route helper
etc3u0,110695,A Call to Arms,side_special_misc,handwritten_event_driver,0,8,0,0,8,0,,,1000964; 1001464; 1000655; 1000788; 1000784; 1001439,Fruhybolg; Vannes; Jeger; Lettice; Zoengterbin; Thimm,,"fruhybolg@zone209 -186.65,193.2,198.78; MAN0u1_fruhybolg@zone209 PrivateAreaMasterPast:0 -186.715,193.2,198.865; MAN0u1_fruhybolg@zone209 PrivateAreaMasterPast:1 -186.715,193.2,198.865; vannes@zone209 -185.18,195.03,149.95; etc5u1_vannes@zone209 PrivateAreaMasterPast:5 -185.18,195.03,149.95; jeger@zone209 -73.85,202,166.4; lettice@zone175 -83.19,195,74.14; man0u0_lettice@zone175 PrivateAreaMasterPast:3 -83.19,195,74.14; zoengterbin@zone175 -74.97,195.19,53.96; man0u0_zoengterbin@zone175 PrivateAreaMasterPast:3 -74.97,195.19,53.96; thimm@zone175 3.52,196,110.96",spawn_backed_actor_routes,spawn-backed NPC route helper
etc3u1,110726,Quid Pro Quo,side_special_misc,handwritten_event_driver,0,6,0,5,1,0,,,1400119; 1001421; 4000257,Peneli Zuneli,,"peneli_zuneli@zone209 28.78,206,335.11",marker_actor_gap_review,marker/actor lookup gap helper
etc3u2,110727,There Might Be Blood,side_special_misc,handwritten_event_driver,0,5,0,4,1,0,,,2200127; 1001256; 4000257,Gunnulf,,"gunnulf@zone175 -173.16,188.7,106.58",marker_actor_gap_review,marker/actor lookup gap helper
etc3u3,110728,Cutthroat Prices,side_special_misc,handwritten_event_driver,0,5,0,0,5,0,,,1000841; 1500208; 1001064,Momodi; Stangyth; Hasthwab,,"momodi@zone175 -74.91,195.45,81.14; momodi@zone175 PrivateAreaMasterPast:4 -73.33,195,78.531; MAN1u0_momodi@zone175 PrivateAreaMasterPast:0 -74.91,195.45,81.14; stangyth@zone209 -121.95,271.2,158.42; hasthwab@zone230 -778.32,16.35,383.49",spawn_backed_actor_routes,spawn-backed NPC route helper
etc3u9,110734,Monster of Maw Most Massive,side_special_misc,handwritten_event_driver,0,4,0,0,3,0,,,1002101; 2102717,Dural Tharal; musk roseling,,"dural_tharal@zone175 -131.03,193,29.41",spawn_backed_actor_routes,spawn-backed NPC route helper
etc5g0,110828,Waste Not Want Not,side_special_misc,handwritten_event_driver,0,5,0,0,5,0,,,1000458; 1001707,V'korolon; Pfarahr,,"vkorolon@zone155 55.82,4,-1212.23; man0g1_vkorolon@zone155 PrivateAreaMasterPast:2 55.82,4,-1212.23; man0g0_vkorolon@zone155 PrivateAreaMasterPast:1 55.82,4,-1212.23; pfarahr@zone155 64.18,-6.8,-1217.46",spawn_backed_actor_routes,spawn-backed NPC route helper
etc5g1,110829,In Plain Sight,side_special_misc,handwritten_event_driver,0,17,0,0,17,0,,,1000864; 1200379; 1000458; 1002071; 1000238; 1000410; 1002065; 1002067; 1001996; 1090086,Otopa Pottopa; feather bed; V'korolon; Nicoliaux; Powle; Aunillie; Gauwyn the Gannet; Hildibrand; Nashu Mhakaracca; ???,,"otopa_pottopa@zone175 -66.44,195.45,81.64; man0u0_otopa_pottopa@zone175 PrivateAreaMasterPast:3 -66.44,195.45,81.64; MAN0u1_otopa_pottopa@zone175 PrivateAreaMasterPast:4 -66.438,195.45,81.75; inn_grid_bed@zone244 155.97,0,165.14; vkorolon@zone155 55.82,4,-1212.23; man0g1_vkorolon@zone155 PrivateAreaMasterPast:2 55.82,4,-1212.23; man0g0_vkorolon@zone155 PrivateAreaMasterPast:1 55.82,4,-1212.23; etc5g1_nicoliaux@zone206 PrivateAreaMasterPast:5 -32.46,8.75,-1254.38; man0g1_s050_POWLE@zone206 PrivateAreaMasterPast:1 -219.841,12.000,-1494.620; man0g1_s055_POWLE@zone206 PrivateAreaMasterPast:2 -217.029,12.000,-1494.375; powle@zone206 -33.079,8.5,-1242.15; etc5g1_powle@zone206 PrivateAreaMasterPast:5 -29.576,7.955,-1246.01",spawn_backed_actor_routes,spawn-backed NPC route helper
etc5l0,110838,The Ink Thief,side_special_misc,handwritten_event_driver,0,5,0,0,5,0,,,1000167; 1001573,Mytesyn; Sweetnix Rosycheeks,,"mytesyn@zone133 -435.2,40,207.07; man0l1_mytesyn@zone133 PrivateAreaMasterPast:2 -435.2,40,207.07; man1l0_echo_mytesyn@zone133 PrivateAreaMasterPast:3 -435.2,40,207.07; sweetnix_rosycheeks@zone133 -477.8,32,168.21",spawn_backed_actor_routes,spawn-backed NPC route helper
etc5l1,110839,Private Eyes,side_special_misc,handwritten_event_driver,0,6,0,0,6,0,,,1000864; 1200378; 1090087; 1001903; 1002066; 1090088,Otopa Pottopa; feather bed; ???; Bertrand; Abraham,,"otopa_pottopa@zone175 -66.44,195.45,81.64; man0u0_otopa_pottopa@zone175 PrivateAreaMasterPast:3 -66.44,195.45,81.64; MAN0u1_otopa_pottopa@zone175 PrivateAreaMasterPast:4 -66.438,195.45,81.75; inn_limsa_bed@zone244 -164,0,-154.21; man2l0_seafld1_push2@zone128 PrivateAreaMasterPast:3 221.01,19.2,1177.62; etc5l1_push_cave@zone128 -156.619,25.6,-92.19; etc5l1_bertrand@zone128 PrivateAreaMasterPast:5 -244.619,12.6,-97.099; etc5l1_abraham@zone128 PrivateAreaMasterPast:5 -245.861,12.46,-96.544; etc5l1_push_cutscene@zone128 -400.39,41,-311.12",spawn_backed_actor_routes,spawn-backed NPC route helper
etc5l2,110840,Mysteries of the Red Moon,side_special_misc,handwritten_event_driver,0,8,0,0,8,0,,,1002047; 1200412; 1090089; 1090253,Kopuru Fupuru; ???,,"kopuru_fupuru@zone209 -112.72,202.405,175.37; etc5l2_book@zone181 PrivateAreaMasterPast:5 -4.05,0.54,4.18; etc5l2_inn_push_exit@zone181 PrivateAreaMasterPast:5 0,0,-8; @zone209 -250.38,202,202.4",spawn_backed_actor_routes,spawn-backed NPC route helper
etc5l3,110841,Prophecy Inspection,side_special_misc,handwritten_event_driver,0,17,0,0,17,0,,,1002047; 1200380; 1200379; 1200378; 1090090; 1001995; 1001996; 1002114; 1080090; 1080091; 1080092; 1080093; 1080094,Kopuru Fupuru; feather bed; ???; Hildibrand; Nashu Mhakaracca; Alret,,"kopuru_fupuru@zone209 -112.72,202.405,175.37; inn_uld_bed@zone244 -4.16,0,4.14; inn_grid_bed@zone244 155.97,0,165.14; inn_limsa_bed@zone244 -164,0,-154.21; etc5l3_push_coffin_coffer@zone172 -1732.31,56.063,-305.919; etc5u1_hildibrand@zone209 PrivateAreaMasterPast:5 -170.55,195,148.501; etc5l3_hildibrand@zone172 PrivateAreaMasterPast:5 -1739.87,56.373,-309.782; etc5u1_nashu@zone209 PrivateAreaMasterPast:5 -169.923,195,147.952; etc5l3_nashu@zone172 PrivateAreaMasterPast:5 -1740.96,56.51,-314.85; etc5g1_nashu@zone206 PrivateAreaMasterPast:5 -42.156,8.098,-1247.41; etc5l3_alret@zone172 PrivateAreaMasterPast:5 -1732.24,56.015,-317.12; etc5l3_bomb_bane_1@zone172 PrivateAreaMasterPast:5 -1739.28,56.4,-309.269",spawn_backed_actor_routes,spawn-backed NPC route helper
etc5u0,110848,Ring of Deceit,side_special_misc,handwritten_event_driver,0,5,0,0,5,0,,,1000864; 1001443,Otopa Pottopa; Judithe,,"otopa_pottopa@zone175 -66.44,195.45,81.64; man0u0_otopa_pottopa@zone175 PrivateAreaMasterPast:3 -66.44,195.45,81.64; MAN0u1_otopa_pottopa@zone175 PrivateAreaMasterPast:4 -66.438,195.45,81.75; judithe@zone175 -36.51,196,80.42",spawn_backed_actor_routes,spawn-backed NPC route helper
etc5u1,110849,The Usual Suspect,side_special_misc,handwritten_event_driver,0,11,0,0,11,0,,,1000864; 1200380; 1002065; 1001995; 1001996; 1090085,Otopa Pottopa; feather bed; Gauwyn the Gannet; Hildibrand; Nashu Mhakaracca; ???,,"otopa_pottopa@zone175 -66.44,195.45,81.64; man0u0_otopa_pottopa@zone175 PrivateAreaMasterPast:3 -66.44,195.45,81.64; MAN0u1_otopa_pottopa@zone175 PrivateAreaMasterPast:4 -66.438,195.45,81.75; inn_uld_bed@zone244 -4.16,0,4.14; etc5u1_gauwyn@zone209 PrivateAreaMasterPast:5 -186.1,195.002,141.729; etc5g1_gauwyn@zone206 PrivateAreaMasterPast:5 -46.365,8.452,-1260.16; etc5u1_hildibrand@zone209 PrivateAreaMasterPast:5 -170.55,195,148.501; etc5l3_hildibrand@zone172 PrivateAreaMasterPast:5 -1739.87,56.373,-309.782; etc5u1_nashu@zone209 PrivateAreaMasterPast:5 -169.923,195,147.952; etc5l3_nashu@zone172 PrivateAreaMasterPast:5 -1740.96,56.51,-314.85; etc5g1_nashu@zone206 PrivateAreaMasterPast:5 -42.156,8.098,-1247.41; man2l0_echo_push_dutystart@zone192 PrivateAreaMasterPast:0 1824.234,11.852,1825.629",spawn_backed_actor_routes,spawn-backed NPC route helper
noc000,110809,Guild Tasks,system,scaffold,20,0,0,0,0,0,1600179,Sthalmann,,,Limsa Lominsa; Lower Decks,,marker_actor_resolved,resolved marker/actor evidence helper
noc001,110817,Provisioning & Supply Missions,system,scaffold,0,0,0,0,0,0,,,,,,,no_marker_actor_surface,no marker/actor surface in current data
noc002,110862,Hamlet Defense,system,scaffold,0,0,0,0,0,0,,,,,,,no_marker_actor_surface,no marker/actor surface in current data
noc003,110863,Class is in Session,system,scaffold,0,0,0,0,0,0,,,,,,,no_marker_actor_surface,no marker/actor surface in current data
trl0g1,110141,Getting Started,tutorial,handwritten_event_driver,20,0,0,0,0,0,1600179,Sthalmann,,,Limsa Lominsa; Lower Decks,,marker_actor_resolved,resolved marker/actor evidence helper
trl0l1,110140,Getting Started,tutorial,handwritten_event_driver,20,0,0,0,0,0,1600179,Sthalmann,,,Limsa Lominsa; Lower Decks,,marker_actor_resolved,resolved marker/actor evidence helper
trl0l3,110144,Selecting a Different Path Companion,tutorial,scaffold,0,0,0,0,0,0,,,,,,,no_marker_actor_surface,no marker/actor surface in current data
wld0g1,110762,In the Name of Science,world_sidequest,handwritten_event_driver,0,4,0,0,3,0,,,1001583; 2106214,Marcette; sabletooth spriggan,,"marcette@zone206 22.84,10.9,-1306.83",spawn_backed_actor_routes,spawn-backed NPC route helper
wld0g2,110763,Hearing Confession,world_sidequest,handwritten_event_driver,0,7,0,0,6,0,,,1001582; 1001459; 1001346; 1000330; 1001439,Swaenhylt; Flavielle; Keketo; Ceadda; Thimm,,"swaenhylt@zone206 17.61,21.75,-1432.55; flavielle@zone155 75.4,4.2,-1220.13; ceadda@zone230 -778.64,12,226.64; thimm@zone175 3.52,196,110.96",spawn_backed_actor_routes,spawn-backed NPC route helper
wld0g3,110764,A Bitter Oil to Swallow,world_sidequest,handwritten_event_driver,0,4,0,0,3,0,,,1001190; 2103910,Eugenaire; oilbug,,"eugenaire@zone206 -70.88,5.104,-1231.34",spawn_backed_actor_routes,spawn-backed NPC route helper
wld0g4,110765,Spores on the Brain,world_sidequest,handwritten_event_driver,0,4,0,0,3,0,,,1001583; 2105916,Marcette; mature funguar,,"marcette@zone206 22.84,10.9,-1306.83",spawn_backed_actor_routes,spawn-backed NPC route helper
wld0l1,110771,Trading Tongueflaps,world_sidequest,handwritten_event_driver,0,5,0,0,5,0,,,1001573; 1000359,Sweetnix Rosycheeks; Ryssfloh,,"sweetnix_rosycheeks@zone133 -477.8,32,168.21; ryssfloh@zone128 58.78,46.1,-12.45",spawn_backed_actor_routes,spawn-backed NPC route helper
wld0l2,110772,Letting Out Orion's Belt,world_sidequest,handwritten_event_driver,0,7,0,0,7,0,,,1000332; 1000226; 1000334; 1000202; 1000064,Ahldskyf; F'zhumii; Shoshoma; Daca Jinjahl; Aentfoet,,"ahldskyf@zone230 -804.94,8,243.25; fzhumii@zone133 -462.43,20.76,178.16; shoshoma@zone230 -566.26,19.83,279.8; daca_jinjahl@zone230 -624.77,4.25,354.05; man0l1_fsh_daca_jinjahl@zone230 PrivateAreaMasterPast:5 -624.77,4.25,354.05; aentfoet@zone230 -512.42,42.3,39.5",spawn_backed_actor_routes,spawn-backed NPC route helper
wld0l3,110773,Sour Grapes,world_sidequest,handwritten_event_driver,0,5,0,0,5,0,,,1001306; 1001603,Syzfrusk; Lolojo,,"Q_syzfrusk@zone130 583.933,54.165,-1199.93; lolojo@zone130 1078.7,54.5,-451.9",spawn_backed_actor_routes,spawn-backed NPC route helper
wld0l4,110774,Sniffing Out a Profit,world_sidequest,handwritten_event_driver,0,5,0,0,5,0,,,1000332; 1001608,Ahldskyf; Faine,,"ahldskyf@zone230 -804.94,8,243.25; faine@zone129 -1801,60.2,-928.3",spawn_backed_actor_routes,spawn-backed NPC route helper
wld0u1,110753,Of Archons and Muses,world_sidequest,handwritten_event_driver,0,5,0,0,5,0,,,1001203; 1000647,Tyago Moui; Lyngwaek,,"tyago_moui@zone209 -116.04,194.2,313.08; MAN0u1_tyago_moui@zone209 PrivateAreaMasterPast:2 -116.343,194.2,312.384; MAN0u1_tyago_moui@zone209 PrivateAreaMasterPast:3 -116.343,194.2,312.384; lyngwaek@zone209 -177.43,193.1,185.88",spawn_backed_actor_routes,spawn-backed NPC route helper
wld0u2,110754,Sanguine Studies,world_sidequest,handwritten_event_driver,0,4,0,0,3,0,,,1001316; 2106537,Papala; Amalj'aa grunt,,"papala@zone171 1099.45,312.14,-1145.68",spawn_backed_actor_routes,spawn-backed NPC route helper
wld0u3,110755,Secrets Unearthed,world_sidequest,handwritten_event_driver,0,5,0,0,5,0,,,1001165; 1001596,Mumukiya; Abelard,,"mumukiya@zone209 -100.34,195.5,308.78; abelard@zone172 -1725.71,56.591,-316.794",spawn_backed_actor_routes,spawn-backed NPC route helper
wld0u4,110756,Rustproof,world_sidequest,handwritten_event_driver,0,4,0,0,3,0,,,1001316; 2106542,Papala; Amalj'aa drudge,,"papala@zone171 1099.45,312.14,-1145.68",spawn_backed_actor_routes,spawn-backed NPC route helper
