quest_id,code,name,phase,accept_delegate,progress_delegates,turnin_delegates,reward_delegate,objective,counter_flags,journal_hooks,markers,prereq,next_quest
110780,Wld0i1,[en],UNRECOVERED - internal stub (Lv 0),none - noOffer + availability commented,none - initText only surface upstream,none,none - no reward rows,UNRECOVERED - ginoTest/comp_test row; no owner/objective proof,none,none - journals return {},none - no DAT marker rows,none (Lv 0 prereq 0),none
110781,Wld0i2,[en],UNRECOVERED - internal stub (Lv 0),none - noOffer + availability commented,none - initText only surface upstream,none,none - no reward rows,UNRECOVERED - ginoTest/comp_test row; no owner/objective proof,none,none - journals return {},none - no DAT marker rows,none (Lv 0 prereq 0),none
110782,Wld0i3,[en],UNRECOVERED - internal stub (Lv 0),none - noOffer + availability commented,none - initText only surface upstream,none,none - no reward rows,UNRECOVERED - ginoTest/comp_test row; no owner/objective proof,none,none - journals return {},none - no DAT marker rows,none (Lv 0 prereq 0),none
110783,Wld0i4,[en],UNRECOVERED - internal stub (Lv 0),none - noOffer + availability commented,none - initText only surface upstream,none,none - no reward rows,UNRECOVERED - ginoTest/comp_test row; no owner/objective proof,none,none - journals return {},none - no DAT marker rows,none (Lv 0 prereq 0),none
110784,Wld0i5,[en],UNRECOVERED - internal stub (Lv 0),none - noOffer + availability commented,none - initText only surface upstream,none,none - no reward rows,UNRECOVERED - ginoTest/comp_test row; no owner/objective proof,none,none - journals return {},none - no DAT marker rows,none (Lv 0 prereq 0),none
110785,Wld0i6,[en],UNRECOVERED - internal stub (Lv 0),none - noOffer + availability commented,none - initText only surface upstream,none,none - no reward rows,UNRECOVERED - ginoTest/comp_test row; no owner/objective proof,none,none - journals return {},none - no DAT marker rows,none (Lv 0 prereq 0),none
110786,Wld0i7,[en],UNRECOVERED - internal stub (Lv 0),none - noOffer + availability commented,none - initText only surface upstream,none,none - no reward rows,UNRECOVERED - ginoTest/comp_test row; no owner/objective proof,none,none - journals return {},none - no DAT marker rows,none (Lv 0 prereq 0),none
110787,Wld0i8,[en],UNRECOVERED - internal stub (Lv 0),none - noOffer + availability commented,none - initText only surface upstream,none,none - no reward rows,UNRECOVERED - ginoTest/comp_test row; no owner/objective proof,none,none - journals return {},none - no DAT marker rows,none (Lv 0 prereq 0),none
110788,Wld0i9,[en],UNRECOVERED - internal stub (Lv 0),none - noOffer + availability commented,none - initText only surface upstream,none,none - no reward rows,UNRECOVERED - ginoTest/comp_test row; no owner/objective proof,none,none - journals return {},none - no DAT marker rows,none (Lv 0 prereq 0),none
