quest_id,code,title,level,prereq,status,owner_npc,decomp_events,battle_director,fight_targets,reward_exp,reward_actions,reward_items,notes
110063,Pgl400,Scenario: Pgl400,40,,hidden-probe,0 (unknown),initText only,,,,,noOffer; nothing materialized
110083,Gla400,Scenario: Gla400,40,,hidden-probe,0 (unknown),initText only,,,,,noOffer; nothing materialized
110183,Lnc400,Scenario: Lnc400,40,,hidden-probe,0 (unknown),initText only,,,,,noOffer; nothing materialized
110184,Lnc500,Scenario: Lnc500,50,,hidden-probe,0 (unknown),initText only,,,,,noOffer; nothing materialized
110185,Lnc506,Scenario: Lnc506,56,,hidden-probe,0 (unknown),initText only,,,,,noOffer; nothing materialized
111221,Mnk0j1,Brother from Another Mother,30,,HOLD-hidden,1000862 Gagaruna / 1060033 Erik,accept processEventGAGARUNAStart; contentComplete processEvent010 + 010_2_system(3020410) + 010_3_system,,documented 3x Runagate Imp 2202611/3202612 Lv35 (no profile),2661,27108,2000202x1 + 3020410x1,destination trigger + auto-complete unrecovered
111222,Mnk0j2,Insulted Intelligence,35,111221,implemented,1060033 Erik,accept processEventERIKStart; complete onJobQuestCompleteFirst/Second; after Third,Quest/QuestDirectorJobMnk0j2,2102010/3043 Gluttonous Gertrude list 6014 (exact),3360,27107,start 11000552 consumed at seq 6,exact fight + instrument objective
111223,Mnk0j3,The Pursuit of Power,40,111222,HOLD-hidden,1060033 Erik / 1060032 Widargelt,accept processEventStart; interactionComplete processEventClear + processEventAfget,,documented Prince of Pestilence 2100610/3081 list 6026 (exact identity; no interaction actor),4260,27109,start 11000553,post-kill measurement point unresolved
111224,Mnk0j4,Good Vibrations,45,111223,HOLD-hidden,1060033 Erik,accept processEventERIKStart; complete First/Second; after Third,,documented Apep 2100723/3100721 Lv53 (no profile),5340,27118,start 11000555,no mob profile; generic basilisk not a substitute
111225,Mnk0j5,Five Easy Pieces,45,111224,HOLD-hidden,1060032 Widargelt,accept processEvent_WIDARGELT_Start,,no coffer actors (markers 11221401-04 only),5340,,,AF items 8071402/8051402/8013502/8081802 documented; bindings unrecovered
111226,Mnk0j6,Return of the King...of Ruin,50,111225,implemented,1060033 Erik / 1060032 Widargelt (aftermath),accept processEventERIKStart; complete processEvent020(8032702) + processEventClear; preEvent processEvent005,Quest/QuestDirectorJobMnk0j6 (+ Aftermath),2289039/3115 + 2289040/3036 + 2289041/3032 + 2289043/3037 (lists 15/15/15/14),0,27106,8032702x1,private battle + private aftermath; victory at seq 9
111321,Drg0j1,Eye of the Dragon,30,,HOLD-hidden,1000569 Haurtefert / 1002001 Alberic,accept processEventStart; complete processEventClear + processEventKokuti(3020410),,documented 3x Crabfisher 2204511 Lv33 + Ironshell 2207612 Lv35 (no profiles),2661,27266,2000204x1 + 3020410x1,waves/entry owner unknown; Estinien cutscene-only
111322,Drg0j2,Lance of Fury,35,111321,implemented,1002001 Alberic,accept processEventALBERICStart; complete First/Second; after Third,Quest/QuestDirectorJobDrg0j2,2101610/3007 Bomb Baron list 12 (exact identity; profile added P3),3360,27272,,Cassiopeia Hollow is journal geography
111323,Drg0j3,Unfading Scars,40,111322,implemented,1002001 Alberic,accept processEventALBERICStart; complete First/Second; after Third,Quest/QuestDirectorJobDrg0j3,2106207/3101 Spitfire list 1 (exact identity; profile added P3),4260,27267,,Millers Glade is journal geography
111324,Drg0j4,Double Dragoon,45,111323,HOLD-hidden,1002001 Alberic,accept processEvent_ALBERIC_Start,,no coffer/trigger actors (markers 11226301-05 only),5340,,,Drachen items 8051404/8071404/8081804/8013504; lead-in scene Drg0j410 documented only
111325,Drg0j5,Fatal Seduction,45,111324,implemented,1002001 Alberic,accept processEventALBERICStart; complete First/Second; after Third,Quest/QuestDirectorJobDrg0j5,2102219/32729 Stollenwurm list 5020 (adapter profile; parity row added P3),5340,27277,,Riversmeet is journal geography
111326,Drg0j6,Into the Dragon's Maw,50,111325,implemented,1002001 Alberic,accept processEventALBERICStart; complete processEvent030; preEvent processEvent010; successEvent processEvent020,Quest/QuestDirectorJobDrg0j6,2289038/3028 Estinien list 15 + 2202208/3049 Greywine list 26 (profiles added P3),0,27268,8032704x1,Griffin Bridge scenes Drg0j610/620 via client
