code,quest_id,quest_name,local_script,line,marker_constant,marker_id,note,line_text
man0l0,110001,Shapeless Melody,Data/scripts/quests/man/man0l0.lua,45,MRKR_HOB,11000202,,MRKR_HOB					= 11000202;
man0l0,110001,Shapeless Melody,Data/scripts/quests/man/man0l0.lua,46,MRKR_ROSTNSTHAL,11000203,,MRKR_ROSTNSTHAL 			= 11000203;
man0l0,110001,Shapeless Melody,Data/scripts/quests/man/man0l0.lua,47,MRKR_VOLUPTUOUS_VIXEN,11000204,,MRKR_VOLUPTUOUS_VIXEN 		= 11000204;
man0l0,110001,Shapeless Melody,Data/scripts/quests/man/man0l0.lua,48,MRKR_BABYFACED_ADVENTURER,11000205,,MRKR_BABYFACED_ADVENTURER 	= 11000205;
man0l0,110001,Shapeless Melody,Data/scripts/quests/man/man0l0.lua,49,MRKR_TRIGGER_DOOR,11000206,,MRKR_TRIGGER_DOOR			= 11000206;
man0g0,110005,Sundered Skies,Data/scripts/quests/man/man0g0.lua,51,MRKR_LONSYGG,11000501,Obsolete. Pre-1.19 location for this npc,MRKR_LONSYGG        = 11000501;  -- Obsolete.  Pre-1.19 location for this npc
man0g0,110005,Sundered Skies,Data/scripts/quests/man/man0g0.lua,52,MRKR_YDA,11000502,,MRKR_YDA            = 11000502;
man0g0,110005,Sundered Skies,Data/scripts/quests/man/man0g0.lua,53,MRKR_PAPALYMO,11000503,,MRKR_PAPALYMO       = 11000503;
man0g0,110005,Sundered Skies,Data/scripts/quests/man/man0g0.lua,54,MRKR_GUILD,11000504,,MRKR_GUILD          = 11000504;
man0u0,110009,Flowers for All,Data/scripts/quests/man/man0u0.lua,82,MRKR_YAYATOKI,11000901,,MRKR_YAYATOKI               = 11000901;
man0u0,110009,Flowers for All,Data/scripts/quests/man/man0u0.lua,83,MRKR_ASCILIA,11000902,,MRKR_ASCILIA                = 11000902;
man0u0,110009,Flowers for All,Data/scripts/quests/man/man0u0.lua,84,MRKR_FRETFUL_FARMHAND,11000903,,MRKR_FRETFUL_FARMHAND       = 11000903;
man0u0,110009,Flowers for All,Data/scripts/quests/man/man0u0.lua,85,MRKR_GIL_DIGGING_MISTRESS,11000904,,MRKR_GIL_DIGGING_MISTRESS   = 11000904;
man0u0,110009,Flowers for All,Data/scripts/quests/man/man0u0.lua,86,MRKR_COMBAT_TUTORIAL,11000905,,MRKR_COMBAT_TUTORIAL        = 11000905;
man0u0,110009,Flowers for All,Data/scripts/quests/man/man0u0.lua,87,MRKR_ADV_GUILD,11000906,,MRKR_ADV_GUILD              = 11000906;
