source,path,bytes,sha256
retail_executable,C:\Users\drime\source\repos\AuroraFlare\FF14-Memory\.tmp\ffxivgame-ifrit.exe,15996808,9341f2b4567440b310a4d494f5cc5599ca334ba51c8042247317ff466492f2e9
m049_bid,C:\Program Files (x86)\SquareEnix\FINAL FANTASY XIV\client\chara\mon\m049\act\emp_emp\bid\base\0000,1426320,cdc066b3af9f107eecbd39db3bd6457531f430420861ff80313aa00da8110c96
m049_top_tex1,C:\Program Files (x86)\SquareEnix\FINAL FANTASY XIV\client\chara\mon\m049\equ\e001\top_tex1\0000,236736,0faadc602d3dad517859d0f90d633d1e5206ad683253cf475aa54157e22dfe97
m508_bid,C:\Program Files (x86)\SquareEnix\FINAL FANTASY XIV\client\chara\mon\m508\act\emp_emp\bid\base\0000,182480,07ca77410e589eb4f8901d9bd4935105c68e9787f0abbc7a9176052858b32ee9
man2g000,C:\Program Files (x86)\SquareEnix\FINAL FANTASY XIV\client\cut\man2g000\man2g000,9608688,c895ce29d8f28246cfe9f6238e364754c82f1e003c43fd15289ec616f8b7cc19
scheduler_clips,C:\Users\drime\source\repos\AuroraFlare\FF14-Memory\outputs\monster-action-scheduler-contract-20260810\scheduler_clips.csv,10624390,30dec174b1cc0149230ed80c3b4687d600ecc00fb7ee774691e045ecf2fd1a35
scheduler_resource_edges,C:\Users\drime\source\repos\AuroraFlare\FF14-Memory\outputs\monster-action-scheduler-contract-20260810\scheduler_resource_edges.csv,5546832,4326b6ec80b0922ff935f342419bd1fffa9689f24bbf6c021bec54d1bfbc04ad
m508_scenario_report,C:\Users\drime\source\repos\AuroraFlare\FF14-Memory\tmp\retail-m508-appearance-selector-20260822\README.md,13145,bc2a52f65fb863d38855d3b45ffb152272db5beb72426ae75441b129638cf251
m508_asset_report,C:\Users\drime\source\repos\AuroraFlare\FF14-Memory\tmp\asset-m508-colorfade-agent\m508_appearance_effect_report.md,7305,a5e298bb1779f079d0cd766e392b7c8c0a54fef2bb036cd3752a374d0445543e
m508_color_runs,C:\Users\drime\source\repos\AuroraFlare\FF14-Memory\tmp\asset-m508-colorfade-agent\m508_color_runs.csv,1317,37c232be397dfc464c000a36df9385f9433af1d75dd4ad2c0a43b0feef6d36e7
man2g000_actor24_decomp,C:\Users\drime\source\repos\AuroraFlare\FF14-Memory\tmp\man2g000_actor24_decomp.txt,24253,31ac1c1cae03f251f6b35fc5ebc23d390757a20a7d928d1e2ef265117093786e
